account_id,household_id,account_type,custodian,open_date,close_date
AC100001,H00001,Traditional IRA,PERSHING LLC,2022-04-24,
AC100002,H00001,Inherited IRA,Pershing,2022-05-11,
AC100003,H00001,Traditional IRA,PERSHING LLC,2022-05-01,
AC100004,H00002,Traditional IRA,Schwab,2017-03-03,
AC100005,H00003,Joint Taxable,FIDELITY INVESTMENTS,2020-11-13,
AC100006,H00003,Traditional IRA,Pershing,2020-11-17,
AC100007,H00003,Traditional IRA,FIDELITY INVESTMENTS,2020-11-15,
AC100008,H00003,Rollover IRA,Fidelity Institutional,2020-11-06,
AC100009,H00003,Trust,Fidelity Institutional,2020-11-10,
AC100010,H00004,Joint Taxable,Fidelity Institutional,2020-03-09,
AC100011,H00005,Individual Taxable,FIDELITY INVESTMENTS,2017-05-04,
AC100012,H00005,Trust,Fidelity Institutional,2017-05-06,
AC100013,H00006,Individual Taxable,Charles Schwab & Co.,2010-04-16,
AC100014,H00006,Individual Taxable,Charles Schwab & Co.,2010-04-17,
AC100015,H00006,Individual Taxable,Charles Schwab & Co.,2010-04-11,
AC100016,H00007,Joint Taxable,Charles Schwab,2012-08-16,
AC100017,H00007,Trust,Schwab,2012-08-17,
AC100018,H00007,Rollover IRA,Charles Schwab & Co.,2012-08-10,
AC100019,H00008,Traditional IRA,Charles Schwab,2009-08-31,
AC100020,H00009,Joint Taxable,Charles Schwab,2021-12-07,
AC100021,H00010,Individual Taxable,Pershing,2012-10-30,
AC100022,H00010,Roth IRA,Pershing,2012-10-24,
AC100023,H00011,Traditional IRA,Schwab,2022-03-06,
AC100024,H00011,Trust,SCHWAB,2022-02-28,
AC100025,H00011,Rollover IRA,Charles Schwab & Co.,2022-03-14,
AC100026,H00012,Traditional IRA,Schwab,2022-05-26,2023-12-07
AC100027,H00012,Traditional IRA,SCHWAB,2022-05-25,2023-12-06
AC100028,H00013,Joint Taxable,Fidelity,2017-12-05,
AC100029,H00013,Joint Taxable,Fidelity Institutional,2017-11-26,
AC100030,H00014,Traditional IRA,SCHWAB,2015-05-23,
AC100031,H00014,Rollover IRA,Charles Schwab & Co.,2015-05-16,
AC100032,H00014,Individual Taxable,Schwab,2015-05-22,
AC100033,H00015,Joint Taxable,FIDELITY INVESTMENTS,2016-12-02,2025-01-17
AC100034,H00015,Traditional IRA,FIDELITY INVESTMENTS,2016-11-29,2025-01-19
AC100035,H00015,Roth IRA,FIDELITY INVESTMENTS,2016-11-26,2025-01-18
AC100036,H00016,Traditional IRA,Fidelity Institutional,2022-05-17,
AC100037,H00016,Traditional IRA,Pershing,2022-05-07,
AC100038,H00016,Joint Taxable,Fidelity,2022-05-17,
AC100039,H00016,Traditional IRA,Fidelity Institutional,2022-04-29,
AC100040,H00017,Traditional IRA,Schwab,2020-08-15,
AC100041,H00018,Joint Taxable,PERSHING LLC,2022-09-21,
AC100042,H00018,Joint Taxable,BNY Pershing,2022-09-22,
AC100043,H00018,Inherited IRA,BNY Pershing,2022-09-22,
AC100044,H00019,Traditional IRA,Schwab,2022-04-30,2024-11-18
AC100045,H00020,Joint Taxable,Charles Schwab,2014-01-28,2023-08-12
AC100046,H00020,Trust,Charles Schwab,2014-02-02,2023-08-12
AC100047,H00021,Individual Taxable,SCHWAB,2017-04-04,2024-10-15
AC100048,H00022,Traditional IRA,Schwab,2022-08-01,
AC100049,H00022,Inherited IRA,FIDELITY INVESTMENTS,2022-07-21,
AC100050,H00023,Joint Taxable,Charles Schwab & Co.,2016-12-03,2025-01-09
AC100051,H00023,Joint Taxable,Charles Schwab & Co.,2016-12-13,2025-01-10
AC100052,H00023,Rollover IRA,SCHWAB,2016-12-15,2025-01-07
AC100053,H00024,Traditional IRA,Schwab,2012-12-28,
AC100054,H00024,Rollover IRA,Schwab,2012-12-21,
AC100055,H00024,Roth IRA,Schwab,2012-12-30,
AC100056,H00025,Traditional IRA,Fidelity,2020-06-09,
AC100057,H00025,Roth IRA,FIDELITY INVESTMENTS,2020-06-11,
AC100058,H00025,Roth IRA,Fidelity,2020-06-12,
AC100059,H00026,Individual Taxable,Schwab,2011-02-23,
AC100060,H00027,Individual Taxable,FIDELITY INVESTMENTS,2013-08-20,
AC100061,H00028,Joint Taxable,SCHWAB,2008-05-11,2025-07-27
AC100062,H00028,Rollover IRA,BNY Pershing,2008-05-21,2025-07-24
AC100063,H00029,Traditional IRA,Charles Schwab & Co.,2015-11-09,
AC100064,H00029,Traditional IRA,Charles Schwab & Co.,2015-11-15,
AC100065,H00029,Trust,SCHWAB,2015-11-18,
AC100066,H00030,Joint Taxable,Charles Schwab,2017-01-18,
AC100067,H00030,Trust,Charles Schwab,2017-01-23,
AC100068,H00031,Individual Taxable,SCHWAB,2022-01-18,2025-10-18
AC100069,H00031,Roth IRA,Schwab,2022-01-16,2025-10-19
AC100070,H00031,Trust,SCHWAB,2022-01-12,2025-10-22
AC100071,H00031,Trust,Charles Schwab,2022-01-09,2025-10-19
AC100072,H00032,Joint Taxable,SCHWAB,2022-05-09,2025-05-26
AC100073,H00033,Joint Taxable,Charles Schwab,2007-06-20,
AC100074,H00034,Traditional IRA,SCHWAB,2015-01-03,2025-07-12
AC100075,H00035,Individual Taxable,Charles Schwab,2022-04-18,
AC100076,H00036,Traditional IRA,Pershing,2015-02-15,
AC100077,H00036,Traditional IRA,BNY Pershing,2015-02-22,
AC100078,H00036,Traditional IRA,BNY Pershing,2015-02-19,
AC100079,H00036,Traditional IRA,BNY Pershing,2015-02-25,
AC100080,H00037,Individual Taxable,SCHWAB,2022-05-09,
AC100081,H00037,Individual Taxable,Charles Schwab,2022-05-04,
AC100082,H00037,Individual Taxable,Schwab,2022-04-30,
AC100083,H00037,Trust,Charles Schwab & Co.,2022-05-04,
AC100084,H00038,Individual Taxable,PERSHING LLC,2017-02-09,
AC100085,H00038,Inherited IRA,Charles Schwab,2017-02-09,
AC100086,H00038,Trust,BNY Pershing,2017-02-13,
AC100087,H00039,Traditional IRA,Fidelity,2016-09-30,
AC100088,H00039,Trust,Fidelity,2016-09-29,
AC100089,H00040,Joint Taxable,Fidelity Institutional,2019-12-26,2025-11-13
AC100090,H00040,529 Plan,Fidelity,2019-12-28,2025-11-10
AC100091,H00041,Individual Taxable,PERSHING LLC,2022-04-14,
AC100092,H00041,Trust,Charles Schwab,2022-04-29,
AC100093,H00042,Joint Taxable,Schwab,2021-11-11,
AC100094,H00043,Joint Taxable,Pershing,2014-01-23,
AC100095,H00044,Traditional IRA,Pershing,2022-01-03,
AC100096,H00045,Joint Taxable,SCHWAB,2022-04-19,
AC100097,H00045,Trust,PERSHING LLC,2022-05-03,
AC100098,H00045,Rollover IRA,Charles Schwab,2022-04-16,
AC100099,H00045,Roth IRA,Fidelity Institutional,2022-04-21,
AC100100,H00046,Joint Taxable,Fidelity Institutional,2016-07-01,
AC100101,H00047,Individual Taxable,Schwab,2022-09-28,2024-11-23
AC100102,H00047,Trust,SCHWAB,2022-10-12,2024-11-24
AC100103,H00047,Traditional IRA,SCHWAB,2022-10-08,2024-11-26
AC100104,H00047,Traditional IRA,Schwab,2022-10-15,2024-11-26
AC100105,H00047,Trust,Schwab,2022-09-29,2024-11-26
AC100106,H00048,Individual Taxable,Fidelity,2021-10-07,
AC100107,H00048,Traditional IRA,Charles Schwab & Co.,2021-10-06,
AC100108,H00048,Traditional IRA,Charles Schwab & Co.,2021-09-20,
AC100109,H00049,Joint Taxable,FIDELITY INVESTMENTS,2013-09-28,
AC100110,H00049,Trust,Fidelity,2013-10-04,
AC100111,H00049,Rollover IRA,Fidelity Institutional,2013-10-07,
AC100112,H00050,Traditional IRA,Charles Schwab & Co.,2019-10-08,
AC100113,H00050,Joint Taxable,Charles Schwab,2019-10-01,
AC100114,H00051,Joint Taxable,PERSHING LLC,2011-05-26,
AC100115,H00051,Rollover IRA,Schwab,2011-05-22,
AC100116,H00052,Individual Taxable,FIDELITY INVESTMENTS,2012-05-20,2025-08-23
AC100117,H00052,Roth IRA,Fidelity Institutional,2012-06-01,2025-08-23
AC100118,H00053,Traditional IRA,Charles Schwab & Co.,2015-09-30,
AC100119,H00053,Traditional IRA,Charles Schwab & Co.,2015-09-20,
AC100120,H00053,Trust,Schwab,2015-09-20,
AC100121,H00054,Joint Taxable,SCHWAB,2007-07-28,
AC100122,H00054,Traditional IRA,SCHWAB,2007-07-13,
AC100123,H00054,Rollover IRA,Charles Schwab & Co.,2007-07-18,
AC100124,H00054,Traditional IRA,Charles Schwab & Co.,2007-07-14,
AC100125,H00055,Joint Taxable,Fidelity Institutional,2014-02-01,2025-06-22
AC100126,H00055,Inherited IRA,Fidelity Institutional,2014-02-07,2025-06-20
AC100127,H00056,Joint Taxable,Fidelity,2016-04-18,
AC100128,H00057,Joint Taxable,Fidelity,2016-01-22,
AC100129,H00057,Trust,Fidelity,2016-01-27,
AC100130,H00057,Traditional IRA,Fidelity,2016-01-22,
AC100131,H00057,Roth IRA,BNY Pershing,2016-01-18,
AC100132,H00058,Traditional IRA,Schwab,2020-06-13,
AC100133,H00058,Roth IRA,Schwab,2020-06-20,
AC100134,H00059,Individual Taxable,Charles Schwab,2015-06-15,
AC100135,H00059,Inherited IRA,Charles Schwab & Co.,2015-06-18,
AC100136,H00059,Traditional IRA,Schwab,2015-06-24,
AC100137,H00060,Joint Taxable,Fidelity,2016-05-23,
AC100138,H00060,Traditional IRA,FIDELITY INVESTMENTS,2016-05-29,
AC100139,H00061,Joint Taxable,FIDELITY INVESTMENTS,2020-03-01,2025-05-23
AC100140,H00061,Roth IRA,FIDELITY INVESTMENTS,2020-03-16,2025-05-26
AC100141,H00061,Trust,Fidelity,2020-03-06,2025-05-26
AC100142,H00062,Joint Taxable,FIDELITY INVESTMENTS,2015-10-31,
AC100143,H00063,Traditional IRA,Charles Schwab & Co.,2008-12-05,
AC100144,H00063,Inherited IRA,Charles Schwab & Co.,2008-11-28,
AC100145,H00063,Traditional IRA,Charles Schwab & Co.,2008-12-08,
AC100146,H00063,Traditional IRA,Charles Schwab,2008-12-02,
AC100147,H00063,Traditional IRA,SCHWAB,2008-12-09,
AC100148,H00064,Traditional IRA,SCHWAB,2018-10-15,
AC100149,H00064,Trust,SCHWAB,2018-10-24,
AC100150,H00065,Joint Taxable,FIDELITY INVESTMENTS,2013-01-28,
AC100151,H00065,Joint Taxable,FIDELITY INVESTMENTS,2013-01-16,
AC100152,H00066,Individual Taxable,FIDELITY INVESTMENTS,2019-03-21,
AC100153,H00067,Traditional IRA,SCHWAB,2020-09-25,
AC100154,H00068,Individual Taxable,Schwab,2022-07-05,
AC100155,H00069,Individual Taxable,Charles Schwab,2009-02-20,
AC100156,H00069,Traditional IRA,SCHWAB,2009-03-02,
AC100157,H00070,Joint Taxable,SCHWAB,2019-02-14,2025-04-23
AC100158,H00070,Traditional IRA,Charles Schwab,2019-02-03,2025-04-24
AC100159,H00071,Individual Taxable,Charles Schwab,2013-08-26,
AC100160,H00072,Joint Taxable,Fidelity,2022-03-16,
AC100161,H00072,Roth IRA,FIDELITY INVESTMENTS,2022-03-16,
AC100162,H00072,529 Plan,Fidelity Institutional,2022-03-25,
AC100163,H00072,Trust,FIDELITY INVESTMENTS,2022-03-31,
AC100164,H00072,Rollover IRA,FIDELITY INVESTMENTS,2022-03-15,
AC100165,H00073,Individual Taxable,SCHWAB,2014-10-22,
AC100166,H00073,Traditional IRA,Charles Schwab & Co.,2014-10-22,
AC100167,H00073,Rollover IRA,Charles Schwab & Co.,2014-10-14,
AC100168,H00073,Rollover IRA,Charles Schwab & Co.,2014-10-24,
AC100169,H00073,Trust,Schwab,2014-10-21,
AC100170,H00074,Traditional IRA,SCHWAB,2012-06-24,2023-04-22
AC100171,H00074,Traditional IRA,Schwab,2012-06-17,2023-04-24
AC100172,H00075,Traditional IRA,BNY Pershing,2022-02-14,
AC100173,H00075,Rollover IRA,PERSHING LLC,2022-02-17,
AC100174,H00075,Trust,Pershing,2022-02-06,
AC100175,H00076,Joint Taxable,FIDELITY INVESTMENTS,2013-01-28,
AC100176,H00076,Joint Taxable,FIDELITY INVESTMENTS,2013-01-29,
AC100177,H00076,Traditional IRA,SCHWAB,2013-02-04,
AC100178,H00077,Joint Taxable,Fidelity Institutional,2020-12-26,
AC100179,H00077,Roth IRA,Fidelity Institutional,2020-12-15,
AC100180,H00078,Traditional IRA,FIDELITY INVESTMENTS,2014-12-19,
AC100181,H00079,Individual Taxable,Charles Schwab & Co.,2022-05-23,2025-08-21
AC100182,H00079,Trust,Charles Schwab,2022-06-01,2025-08-20
AC100183,H00080,Traditional IRA,FIDELITY INVESTMENTS,2022-07-20,
AC100184,H00080,Trust,Pershing,2022-07-30,
AC100185,H00081,Traditional IRA,SCHWAB,2015-10-28,
AC100186,H00081,Roth IRA,Charles Schwab & Co.,2015-11-04,
AC100187,H00082,Individual Taxable,Charles Schwab & Co.,2015-04-11,2024-09-19
AC100188,H00082,Individual Taxable,Schwab,2015-04-19,2024-09-16
AC100189,H00083,Individual Taxable,FIDELITY INVESTMENTS,2008-07-04,
AC100190,H00084,Traditional IRA,Fidelity,2022-04-22,
AC100191,H00084,Roth IRA,Fidelity Institutional,2022-04-08,
AC100192,H00084,Rollover IRA,Fidelity,2022-04-16,
AC100193,H00084,Trust,Fidelity Institutional,2022-04-05,
AC100194,H00084,Traditional IRA,Pershing,2022-04-16,
AC100195,H00085,Joint Taxable,FIDELITY INVESTMENTS,2020-11-18,
AC100196,H00085,Trust,Fidelity Institutional,2020-11-15,
AC100197,H00086,Individual Taxable,Fidelity Institutional,2018-07-18,
AC100198,H00086,Individual Taxable,Fidelity,2018-07-16,
AC100199,H00086,Trust,FIDELITY INVESTMENTS,2018-07-12,
AC100200,H00087,Joint Taxable,FIDELITY INVESTMENTS,2020-05-20,
AC100201,H00087,Traditional IRA,BNY Pershing,2020-05-19,
AC100202,H00088,Traditional IRA,Fidelity Institutional,2019-05-30,
AC100203,H00088,Rollover IRA,Fidelity,2019-05-31,
AC100204,H00088,Roth IRA,PERSHING LLC,2019-06-10,
AC100205,H00088,Individual Taxable,Fidelity Institutional,2019-06-06,
AC100206,H00088,Trust,Fidelity,2019-06-18,
AC100207,H00089,Joint Taxable,Pershing,2019-08-20,
AC100208,H00089,Trust,Pershing,2019-08-27,
AC100209,H00089,Traditional IRA,Pershing,2019-09-04,
AC100210,H00090,Traditional IRA,FIDELITY INVESTMENTS,2019-12-16,
AC100211,H00090,Trust,Fidelity Institutional,2019-12-23,
AC100212,H00091,Traditional IRA,Charles Schwab,2009-05-14,
AC100213,H00091,Trust,Schwab,2009-05-09,
AC100214,H00092,Traditional IRA,BNY Pershing,2016-01-06,2025-07-26
AC100215,H00093,Joint Taxable,SCHWAB,2014-03-22,
AC100216,H00093,Inherited IRA,Charles Schwab & Co.,2014-03-26,
AC100217,H00094,Traditional IRA,Fidelity Institutional,2021-06-27,
AC100218,H00094,Inherited IRA,Pershing,2021-07-10,
AC100219,H00094,Inherited IRA,FIDELITY INVESTMENTS,2021-07-11,
AC100220,H00095,Joint Taxable,SCHWAB,2022-01-30,2023-11-12
AC100221,H00095,Roth IRA,Charles Schwab & Co.,2022-01-22,2023-11-10
AC100222,H00096,Individual Taxable,SCHWAB,2019-04-06,
AC100223,H00097,Traditional IRA,Charles Schwab,2019-08-03,2024-10-09
AC100224,H00097,Traditional IRA,Fidelity Institutional,2019-08-03,2024-10-10
AC100225,H00098,Individual Taxable,Schwab,2022-01-30,
AC100226,H00098,Rollover IRA,SCHWAB,2022-01-26,
AC100227,H00098,Rollover IRA,SCHWAB,2022-01-25,
AC100228,H00099,Traditional IRA,Charles Schwab & Co.,2014-05-13,2024-10-09
AC100229,H00099,Joint Taxable,SCHWAB,2014-04-28,2024-10-10
AC100230,H00100,Joint Taxable,BNY Pershing,2022-04-29,2025-04-13
AC100231,H00101,Traditional IRA,Pershing,2014-08-17,
AC100232,H00101,Trust,BNY Pershing,2014-08-25,
AC100233,H00102,Joint Taxable,Schwab,2020-10-29,
AC100234,H00102,Rollover IRA,Schwab,2020-11-01,
AC100235,H00102,Rollover IRA,Charles Schwab & Co.,2020-10-25,
AC100236,H00102,Rollover IRA,Charles Schwab,2020-11-03,
AC100237,H00103,Individual Taxable,Charles Schwab,2019-03-17,
AC100238,H00103,Trust,SCHWAB,2019-03-12,
AC100239,H00103,Rollover IRA,SCHWAB,2019-03-10,
AC100240,H00103,Individual Taxable,PERSHING LLC,2019-03-12,
AC100241,H00104,Joint Taxable,Fidelity,2020-03-07,
AC100242,H00105,Joint Taxable,Charles Schwab,2020-04-05,
AC100243,H00105,Roth IRA,Charles Schwab,2020-04-05,
AC100244,H00105,Traditional IRA,BNY Pershing,2020-03-22,
AC100245,H00105,Joint Taxable,SCHWAB,2020-03-25,
AC100246,H00106,Traditional IRA,Fidelity Institutional,2020-03-04,
AC100247,H00106,Trust,FIDELITY INVESTMENTS,2020-03-05,
AC100248,H00107,Joint Taxable,SCHWAB,2019-02-08,
AC100249,H00107,529 Plan,SCHWAB,2019-02-08,
AC100250,H00108,Joint Taxable,Schwab,2020-05-26,
AC100251,H00108,Inherited IRA,Fidelity,2020-06-08,
AC100252,H00108,Trust,Fidelity,2020-06-06,
AC100253,H00108,Traditional IRA,Fidelity Institutional,2020-05-27,
AC100254,H00109,Individual Taxable,FIDELITY INVESTMENTS,2014-07-20,
AC100255,H00109,Trust,SCHWAB,2014-07-19,
AC100256,H00109,Trust,Fidelity Institutional,2014-07-22,
AC100257,H00110,Traditional IRA,Charles Schwab,2007-07-30,
AC100258,H00110,Traditional IRA,Charles Schwab & Co.,2007-08-09,
AC100259,H00110,Joint Taxable,SCHWAB,2007-08-02,
AC100260,H00110,Rollover IRA,Charles Schwab & Co.,2007-07-29,
AC100261,H00111,Traditional IRA,Fidelity,2014-03-07,
AC100262,H00111,Traditional IRA,Fidelity,2014-02-23,
AC100263,H00111,Rollover IRA,Fidelity,2014-02-25,
AC100264,H00112,Individual Taxable,Charles Schwab & Co.,2016-07-29,2025-05-21
AC100265,H00112,Trust,Charles Schwab & Co.,2016-07-29,2025-05-23
AC100266,H00112,Roth IRA,Charles Schwab & Co.,2016-07-27,2025-05-24
AC100267,H00112,Trust,Charles Schwab & Co.,2016-08-08,2025-05-24
AC100268,H00112,Inherited IRA,Charles Schwab & Co.,2016-08-04,2025-05-21
AC100269,H00113,Individual Taxable,Charles Schwab,2022-04-08,
AC100270,H00113,Traditional IRA,Charles Schwab,2022-04-16,
AC100271,H00113,Trust,Charles Schwab,2022-04-18,
AC100272,H00113,Trust,Charles Schwab,2022-04-11,
AC100273,H00114,Traditional IRA,SCHWAB,2017-11-12,
AC100274,H00114,Roth IRA,Charles Schwab & Co.,2017-11-13,
AC100275,H00114,Roth IRA,SCHWAB,2017-11-12,
AC100276,H00115,Joint Taxable,SCHWAB,2015-01-28,
AC100277,H00115,Traditional IRA,Charles Schwab,2015-01-30,
AC100278,H00115,Trust,Charles Schwab,2015-01-14,
AC100279,H00116,Joint Taxable,SCHWAB,2022-05-01,
AC100280,H00116,Roth IRA,Schwab,2022-05-01,
AC100281,H00116,Traditional IRA,Schwab,2022-05-04,
AC100282,H00117,Traditional IRA,SCHWAB,2015-04-16,2024-10-06
AC100283,H00118,Traditional IRA,Charles Schwab,2019-05-30,
AC100284,H00118,Traditional IRA,Charles Schwab & Co.,2019-05-16,
AC100285,H00119,Joint Taxable,Charles Schwab & Co.,2020-03-01,
AC100286,H00119,Traditional IRA,Schwab,2020-03-04,
AC100287,H00120,Joint Taxable,BNY Pershing,2017-06-15,2025-07-14
AC100288,H00120,Roth IRA,Pershing,2017-06-15,2025-07-16
AC100289,H00120,Rollover IRA,Pershing,2017-06-11,2025-07-14
AC100290,H00121,Traditional IRA,Charles Schwab & Co.,2021-03-25,
AC100291,H00122,Joint Taxable,Schwab,2022-05-21,
AC100292,H00122,529 Plan,SCHWAB,2022-05-13,
AC100293,H00122,529 Plan,Pershing,2022-05-15,
AC100294,H00123,Joint Taxable,Pershing,2021-06-16,
AC100295,H00123,Trust,BNY Pershing,2021-06-12,
AC100296,H00124,Joint Taxable,Fidelity,2020-08-21,
AC100297,H00124,Roth IRA,Fidelity Institutional,2020-08-18,
AC100298,H00125,Joint Taxable,Fidelity,2022-05-02,
AC100299,H00125,Trust,Fidelity Institutional,2022-04-29,
AC100300,H00126,Joint Taxable,Pershing,2012-03-04,
AC100301,H00126,Traditional IRA,Charles Schwab & Co.,2012-03-16,
AC100302,H00127,Individual Taxable,Charles Schwab & Co.,2015-06-30,
AC100303,H00127,Traditional IRA,Charles Schwab & Co.,2015-06-29,
AC100304,H00127,Roth IRA,Schwab,2015-07-05,
AC100305,H00128,Traditional IRA,SCHWAB,2011-07-14,
AC100306,H00128,Traditional IRA,Schwab,2011-07-08,
AC100307,H00129,Traditional IRA,Fidelity,2022-05-13,
AC100308,H00129,Trust,Fidelity Institutional,2022-05-08,
AC100309,H00130,Traditional IRA,Schwab,2014-01-18,
AC100310,H00130,Rollover IRA,Charles Schwab,2014-01-28,
AC100311,H00130,Rollover IRA,Charles Schwab & Co.,2014-01-17,
AC100312,H00131,Individual Taxable,Fidelity,2013-11-29,2024-10-22
AC100313,H00132,Individual Taxable,Charles Schwab,2010-10-24,
AC100314,H00132,Rollover IRA,Charles Schwab,2010-10-27,
AC100315,H00132,Individual Taxable,Charles Schwab,2010-11-02,
AC100316,H00133,Traditional IRA,Charles Schwab & Co.,2022-06-17,
AC100317,H00134,Joint Taxable,Charles Schwab,2022-05-10,
AC100318,H00135,Individual Taxable,Charles Schwab & Co.,2022-04-15,
AC100319,H00136,Traditional IRA,Fidelity Institutional,2020-09-26,
AC100320,H00136,Traditional IRA,FIDELITY INVESTMENTS,2020-09-13,
AC100321,H00136,Rollover IRA,Pershing,2020-09-26,
AC100322,H00136,Trust,Charles Schwab & Co.,2020-09-18,
AC100323,H00137,Joint Taxable,Fidelity,2018-07-27,
AC100324,H00137,Traditional IRA,BNY Pershing,2018-08-10,
AC100325,H00137,Roth IRA,Pershing,2018-08-11,
AC100326,H00138,Joint Taxable,SCHWAB,2022-04-15,
AC100327,H00138,Traditional IRA,Charles Schwab & Co.,2022-04-11,
AC100328,H00138,Trust,SCHWAB,2022-04-11,
AC100329,H00139,Traditional IRA,Schwab,2007-12-16,
AC100330,H00139,Individual Taxable,Charles Schwab,2007-12-09,
AC100331,H00140,Joint Taxable,Charles Schwab & Co.,2022-05-22,
AC100332,H00140,Roth IRA,Schwab,2022-05-21,
AC100333,H00140,Rollover IRA,Charles Schwab & Co.,2022-05-28,
AC100334,H00140,Roth IRA,SCHWAB,2022-05-26,
AC100335,H00141,Joint Taxable,Charles Schwab,2020-06-20,
AC100336,H00142,Traditional IRA,Schwab,2014-04-16,
AC100337,H00142,529 Plan,SCHWAB,2014-04-28,
AC100338,H00142,Traditional IRA,Charles Schwab & Co.,2014-04-21,
AC100339,H00143,Joint Taxable,Fidelity Institutional,2015-01-25,2024-08-16
AC100340,H00143,Joint Taxable,Fidelity Institutional,2015-02-04,2024-08-15
AC100341,H00144,Traditional IRA,SCHWAB,2016-03-13,
AC100342,H00144,Traditional IRA,BNY Pershing,2016-03-17,
AC100343,H00144,Trust,Charles Schwab & Co.,2016-03-23,
AC100344,H00144,Trust,Charles Schwab & Co.,2016-03-10,
AC100345,H00145,Joint Taxable,Fidelity,2006-09-18,
AC100346,H00145,Rollover IRA,Fidelity Institutional,2006-09-24,
AC100347,H00145,Roth IRA,PERSHING LLC,2006-09-13,
AC100348,H00145,Trust,Fidelity Institutional,2006-09-26,
AC100349,H00146,Joint Taxable,Charles Schwab,2010-03-01,2024-12-12
AC100350,H00147,Joint Taxable,Charles Schwab & Co.,2016-07-27,
AC100351,H00148,Individual Taxable,Schwab,2017-11-22,2023-10-18
AC100352,H00148,Trust,Charles Schwab & Co.,2017-11-23,2023-10-21
AC100353,H00149,Traditional IRA,FIDELITY INVESTMENTS,2009-05-06,
AC100354,H00150,Joint Taxable,SCHWAB,2012-04-19,2023-04-10
AC100355,H00150,Joint Taxable,Charles Schwab,2012-04-12,2023-04-11
AC100356,H00151,Traditional IRA,Schwab,2022-01-21,
AC100357,H00151,Traditional IRA,Schwab,2022-01-24,
AC100358,H00152,Joint Taxable,Schwab,2015-02-21,
AC100359,H00153,Traditional IRA,SCHWAB,2016-10-07,
AC100360,H00153,Roth IRA,Charles Schwab & Co.,2016-09-28,
AC100361,H00153,Roth IRA,Schwab,2016-10-01,
AC100362,H00153,529 Plan,Schwab,2016-10-05,
AC100363,H00154,Joint Taxable,FIDELITY INVESTMENTS,2009-04-30,
AC100364,H00154,Traditional IRA,Fidelity,2009-05-11,
AC100365,H00155,Traditional IRA,SCHWAB,2022-04-25,
AC100366,H00155,Individual Taxable,Charles Schwab,2022-04-23,
AC100367,H00156,Joint Taxable,PERSHING LLC,2018-09-27,
AC100368,H00156,Roth IRA,Pershing,2018-10-09,
AC100369,H00157,Individual Taxable,Schwab,2015-05-07,
AC100370,H00158,Joint Taxable,Charles Schwab,2021-11-23,
AC100371,H00158,Traditional IRA,FIDELITY INVESTMENTS,2021-11-20,
AC100372,H00159,Traditional IRA,BNY Pershing,2022-05-01,
AC100373,H00159,Rollover IRA,PERSHING LLC,2022-04-18,
AC100374,H00160,Traditional IRA,PERSHING LLC,2016-04-16,
AC100375,H00160,Roth IRA,BNY Pershing,2016-04-23,
AC100376,H00160,Trust,PERSHING LLC,2016-04-22,
AC100377,H00160,Roth IRA,Pershing,2016-04-24,
AC100378,H00161,Joint Taxable,SCHWAB,2022-04-30,2024-06-19
AC100379,H00161,Inherited IRA,Charles Schwab & Co.,2022-04-27,2024-06-21
AC100380,H00161,Trust,Schwab,2022-05-07,2024-06-20
AC100381,H00161,Trust,SCHWAB,2022-05-14,2024-06-19
AC100382,H00162,Traditional IRA,PERSHING LLC,2022-05-12,2024-04-24
AC100383,H00162,Roth IRA,Pershing,2022-05-03,2024-04-22
AC100384,H00163,Individual Taxable,Fidelity Institutional,2022-04-18,
AC100385,H00163,Individual Taxable,Fidelity,2022-04-17,
AC100386,H00163,Rollover IRA,Fidelity Institutional,2022-04-22,
AC100387,H00163,Trust,Fidelity Institutional,2022-04-14,
AC100388,H00163,Trust,BNY Pershing,2022-04-09,
AC100389,H00164,Traditional IRA,PERSHING LLC,2017-01-31,
AC100390,H00165,Traditional IRA,Charles Schwab & Co.,2012-09-24,
AC100391,H00165,Traditional IRA,Schwab,2012-09-17,
AC100392,H00165,Rollover IRA,Schwab,2012-09-20,
AC100393,H00165,Individual Taxable,Charles Schwab & Co.,2012-10-01,
AC100394,H00165,Roth IRA,SCHWAB,2012-09-18,
AC100395,H00166,Traditional IRA,Schwab,2017-06-27,
AC100396,H00167,Joint Taxable,BNY Pershing,2016-09-16,
AC100397,H00167,Trust,Charles Schwab,2016-09-13,
AC100398,H00168,Individual Taxable,Schwab,2017-09-07,
AC100399,H00168,Traditional IRA,Fidelity,2017-09-22,
AC100400,H00168,Traditional IRA,Pershing,2017-09-20,
AC100401,H00168,Rollover IRA,SCHWAB,2017-09-21,
AC100402,H00169,Joint Taxable,Fidelity,2017-04-01,
AC100403,H00169,Rollover IRA,Fidelity Institutional,2017-04-13,
AC100404,H00170,Individual Taxable,SCHWAB,2022-05-03,
AC100405,H00171,Traditional IRA,Fidelity Institutional,2011-11-19,
AC100406,H00171,Trust,Fidelity,2011-11-08,
AC100407,H00171,Traditional IRA,FIDELITY INVESTMENTS,2011-11-12,
AC100408,H00171,Rollover IRA,FIDELITY INVESTMENTS,2011-11-09,
AC100409,H00172,Traditional IRA,Schwab,2022-05-16,
AC100410,H00173,Traditional IRA,Fidelity,2011-01-11,
AC100411,H00174,Traditional IRA,Fidelity Institutional,2009-06-22,
AC100412,H00174,Inherited IRA,Fidelity,2009-06-22,
AC100413,H00175,Individual Taxable,Charles Schwab,2018-03-25,
AC100414,H00175,Traditional IRA,Charles Schwab,2018-03-28,
AC100415,H00176,Traditional IRA,Charles Schwab & Co.,2019-07-09,
AC100416,H00176,Traditional IRA,Schwab,2019-07-16,
AC100417,H00177,Joint Taxable,SCHWAB,2010-12-22,
AC100418,H00177,Traditional IRA,Charles Schwab & Co.,2010-12-21,
AC100419,H00177,Rollover IRA,Charles Schwab & Co.,2010-12-10,
AC100420,H00178,Joint Taxable,Charles Schwab,2014-10-12,2025-03-10
AC100421,H00178,Joint Taxable,SCHWAB,2014-10-13,2025-03-08
AC100422,H00179,Joint Taxable,Fidelity,2018-06-17,
AC100423,H00179,Traditional IRA,Fidelity,2018-06-03,
AC100424,H00180,Individual Taxable,Schwab,2017-05-25,
AC100425,H00180,Individual Taxable,Charles Schwab,2017-05-26,
AC100426,H00180,Traditional IRA,SCHWAB,2017-05-26,
AC100427,H00180,Traditional IRA,SCHWAB,2017-05-14,
AC100428,H00181,Joint Taxable,PERSHING LLC,2015-09-26,
AC100429,H00181,Roth IRA,Pershing,2015-09-23,
AC100430,H00181,Roth IRA,Pershing,2015-09-24,
AC100431,H00182,Joint Taxable,BNY Pershing,2015-07-24,
AC100432,H00182,Joint Taxable,Pershing,2015-07-25,
AC100433,H00183,Traditional IRA,Pershing,2012-10-30,
AC100434,H00183,Traditional IRA,BNY Pershing,2012-11-08,
AC100435,H00184,Traditional IRA,BNY Pershing,2017-07-27,
AC100436,H00185,Joint Taxable,BNY Pershing,2015-09-24,
AC100437,H00186,Joint Taxable,Schwab,2018-02-08,
AC100438,H00186,Rollover IRA,Charles Schwab & Co.,2018-02-08,
AC100439,H00186,Roth IRA,Charles Schwab,2018-02-06,
AC100440,H00186,Roth IRA,Fidelity,2018-02-05,
AC100441,H00186,Roth IRA,Schwab,2018-01-29,
AC100442,H00187,Joint Taxable,Charles Schwab,2021-10-07,
AC100443,H00187,529 Plan,Schwab,2021-09-22,
AC100444,H00187,Joint Taxable,SCHWAB,2021-10-07,
AC100445,H00188,Traditional IRA,PERSHING LLC,2016-12-30,
AC100446,H00188,Roth IRA,PERSHING LLC,2016-12-30,
AC100447,H00189,Traditional IRA,Fidelity,2016-02-19,
AC100448,H00189,Trust,Fidelity,2016-02-17,
AC100449,H00190,Individual Taxable,FIDELITY INVESTMENTS,2012-02-21,
AC100450,H00190,Roth IRA,Fidelity Institutional,2012-02-15,
AC100451,H00191,Traditional IRA,Schwab,2019-07-02,
AC100452,H00191,Roth IRA,Charles Schwab,2019-07-03,
AC100453,H00191,Individual Taxable,Charles Schwab & Co.,2019-07-06,
AC100454,H00192,Joint Taxable,Charles Schwab,2014-09-03,
AC100455,H00192,Trust,Charles Schwab,2014-08-26,
AC100456,H00192,Joint Taxable,Charles Schwab & Co.,2014-09-14,
AC100457,H00192,Traditional IRA,BNY Pershing,2014-09-12,
AC100458,H00193,Traditional IRA,Charles Schwab,2010-06-23,
AC100459,H00194,Joint Taxable,FIDELITY INVESTMENTS,2021-12-17,
AC100460,H00194,Rollover IRA,Fidelity,2021-12-11,
AC100461,H00194,Rollover IRA,FIDELITY INVESTMENTS,2021-12-21,
AC100462,H00195,Individual Taxable,FIDELITY INVESTMENTS,2021-09-19,
AC100463,H00195,Inherited IRA,BNY Pershing,2021-09-13,
AC100464,H00195,Traditional IRA,Fidelity,2021-08-31,
AC100465,H00195,Traditional IRA,Fidelity Institutional,2021-09-17,
AC100466,H00195,Roth IRA,Fidelity Institutional,2021-09-14,
AC100467,H00196,Traditional IRA,Fidelity,2018-04-10,
AC100468,H00197,Traditional IRA,SCHWAB,2022-05-17,
AC100469,H00197,Joint Taxable,Charles Schwab,2022-05-19,
AC100470,H00197,Roth IRA,SCHWAB,2022-05-04,
AC100471,H00198,Joint Taxable,BNY Pershing,2022-04-18,2025-12-27
AC100472,H00198,Roth IRA,Charles Schwab & Co.,2022-04-30,2025-12-25
AC100473,H00198,Traditional IRA,SCHWAB,2022-04-19,2025-12-27
AC100474,H00199,Joint Taxable,Fidelity,2013-02-16,
AC100475,H00199,Traditional IRA,Fidelity Institutional,2013-02-11,
AC100476,H00200,Traditional IRA,FIDELITY INVESTMENTS,2018-01-01,
AC100477,H00201,Joint Taxable,FIDELITY INVESTMENTS,2016-06-20,
AC100478,H00201,Traditional IRA,FIDELITY INVESTMENTS,2016-07-05,
AC100479,H00202,Individual Taxable,Charles Schwab,2015-08-31,2025-02-22
AC100480,H00202,Individual Taxable,SCHWAB,2015-08-31,2025-02-22
AC100481,H00203,Joint Taxable,Fidelity Institutional,2013-05-21,
AC100482,H00203,Inherited IRA,FIDELITY INVESTMENTS,2013-05-19,
AC100483,H00204,Joint Taxable,BNY Pershing,2022-05-03,
AC100484,H00204,Rollover IRA,Pershing,2022-04-19,
AC100485,H00204,Trust,Charles Schwab,2022-04-29,
AC100486,H00205,Traditional IRA,SCHWAB,2012-08-09,
AC100487,H00205,529 Plan,Schwab,2012-08-04,
AC100488,H00205,Roth IRA,SCHWAB,2012-08-05,
AC100489,H00205,Roth IRA,Charles Schwab & Co.,2012-07-30,
AC100490,H00206,Joint Taxable,SCHWAB,2019-09-25,
AC100491,H00206,Joint Taxable,Charles Schwab & Co.,2019-09-20,
AC100492,H00206,Roth IRA,Charles Schwab,2019-09-20,
AC100493,H00207,Individual Taxable,Fidelity Institutional,2019-11-16,
AC100494,H00208,Joint Taxable,Fidelity,2018-09-10,
AC100495,H00208,Joint Taxable,SCHWAB,2018-09-15,
AC100496,H00208,Traditional IRA,Fidelity Institutional,2018-09-04,
AC100497,H00209,Joint Taxable,Fidelity Institutional,2014-07-19,
AC100498,H00209,Joint Taxable,Fidelity,2014-07-26,
AC100499,H00209,Roth IRA,Fidelity,2014-07-25,
AC100500,H00210,Traditional IRA,Charles Schwab,2015-10-02,
AC100501,H00210,Trust,Schwab,2015-09-27,
AC100502,H00211,Traditional IRA,Fidelity Institutional,2021-11-06,2025-07-17
AC100503,H00211,Traditional IRA,SCHWAB,2021-11-07,2025-07-20
AC100504,H00212,Traditional IRA,SCHWAB,2013-12-23,
AC100505,H00212,Traditional IRA,SCHWAB,2013-12-11,
AC100506,H00212,Roth IRA,Schwab,2013-12-27,
AC100507,H00212,Traditional IRA,Schwab,2013-12-23,
AC100508,H00213,Joint Taxable,Fidelity Institutional,2016-09-18,
AC100509,H00213,Joint Taxable,Fidelity,2016-09-30,
AC100510,H00213,Traditional IRA,Fidelity Institutional,2016-09-16,
AC100511,H00214,Traditional IRA,Charles Schwab & Co.,2014-03-08,
AC100512,H00214,Roth IRA,Charles Schwab,2014-03-08,
AC100513,H00214,Traditional IRA,SCHWAB,2014-03-01,
AC100514,H00214,Roth IRA,Schwab,2014-02-28,
AC100515,H00215,Individual Taxable,BNY Pershing,2021-12-21,2024-07-14
AC100516,H00215,Rollover IRA,Fidelity Institutional,2021-12-09,2024-07-15
AC100517,H00215,Rollover IRA,BNY Pershing,2021-12-25,2024-07-11
AC100518,H00216,Individual Taxable,Schwab,2022-04-06,2025-01-29
AC100519,H00216,529 Plan,Charles Schwab & Co.,2022-04-18,2025-01-27
AC100520,H00217,Traditional IRA,BNY Pershing,2010-07-26,
AC100521,H00217,529 Plan,FIDELITY INVESTMENTS,2010-07-25,
AC100522,H00218,Individual Taxable,FIDELITY INVESTMENTS,2018-11-14,
AC100523,H00218,Traditional IRA,Fidelity,2018-10-30,
AC100524,H00218,Traditional IRA,FIDELITY INVESTMENTS,2018-10-26,
AC100525,H00219,Joint Taxable,Pershing,2007-07-12,
AC100526,H00219,Rollover IRA,BNY Pershing,2007-07-06,
AC100527,H00220,Traditional IRA,Schwab,2017-10-03,
AC100528,H00221,Joint Taxable,Fidelity Institutional,2017-07-18,
AC100529,H00221,Inherited IRA,Fidelity Institutional,2017-07-11,
AC100530,H00222,Individual Taxable,FIDELITY INVESTMENTS,2021-08-12,
AC100531,H00222,Inherited IRA,FIDELITY INVESTMENTS,2021-08-18,
AC100532,H00223,Traditional IRA,SCHWAB,2018-07-17,
AC100533,H00223,Trust,Schwab,2018-07-10,
AC100534,H00224,Individual Taxable,SCHWAB,2017-04-10,2025-03-29
AC100535,H00225,Joint Taxable,Charles Schwab,2012-08-30,2025-11-25
AC100536,H00225,Inherited IRA,Schwab,2012-08-29,2025-11-25
AC100537,H00226,Individual Taxable,Schwab,2015-06-11,2024-11-11
AC100538,H00227,Traditional IRA,SCHWAB,2022-05-14,
AC100539,H00227,Joint Taxable,Charles Schwab & Co.,2022-05-29,
AC100540,H00227,Trust,Schwab,2022-05-24,
AC100541,H00228,Traditional IRA,Fidelity Institutional,2020-05-02,
AC100542,H00229,Joint Taxable,Schwab,2017-03-01,2025-03-22
AC100543,H00229,Rollover IRA,SCHWAB,2017-02-19,2025-03-23
AC100544,H00229,Roth IRA,Schwab,2017-02-16,2025-03-20
AC100545,H00229,Trust,SCHWAB,2017-02-23,2025-03-23
AC100546,H00229,Roth IRA,Charles Schwab & Co.,2017-02-26,2025-03-21
AC100547,H00230,Traditional IRA,Fidelity,2018-04-10,
AC100548,H00230,Inherited IRA,FIDELITY INVESTMENTS,2018-04-12,
AC100549,H00231,Traditional IRA,Charles Schwab & Co.,2021-04-26,
AC100550,H00231,Trust,PERSHING LLC,2021-04-23,
AC100551,H00232,Traditional IRA,FIDELITY INVESTMENTS,2020-08-21,
AC100552,H00232,Trust,FIDELITY INVESTMENTS,2020-08-21,
AC100553,H00233,Traditional IRA,Schwab,2014-11-27,
AC100554,H00233,Individual Taxable,Charles Schwab & Co.,2014-12-03,
AC100555,H00233,Roth IRA,Charles Schwab & Co.,2014-12-09,
AC100556,H00233,Traditional IRA,SCHWAB,2014-12-09,
AC100557,H00234,Traditional IRA,Charles Schwab,2012-10-28,
AC100558,H00234,Roth IRA,Charles Schwab,2012-10-31,
AC100559,H00234,Roth IRA,Pershing,2012-11-07,
AC100560,H00235,Traditional IRA,BNY Pershing,2011-06-04,2024-10-24
AC100561,H00236,Traditional IRA,Fidelity Institutional,2020-09-21,
AC100562,H00237,Joint Taxable,PERSHING LLC,2016-01-02,
AC100563,H00238,Traditional IRA,Fidelity Institutional,2011-04-14,
AC100564,H00238,Rollover IRA,Fidelity Institutional,2011-04-02,
AC100565,H00238,Roth IRA,Fidelity Institutional,2011-04-09,
AC100566,H00239,Joint Taxable,Charles Schwab,2016-10-30,
AC100567,H00239,Inherited IRA,Schwab,2016-11-12,
AC100568,H00239,Trust,SCHWAB,2016-10-26,
AC100569,H00239,Traditional IRA,SCHWAB,2016-10-31,
AC100570,H00240,Individual Taxable,Schwab,2022-05-14,
AC100571,H00240,Trust,Charles Schwab,2022-05-26,
AC100572,H00241,Individual Taxable,FIDELITY INVESTMENTS,2015-01-07,
AC100573,H00241,529 Plan,Schwab,2015-01-04,
AC100574,H00242,Joint Taxable,BNY Pershing,2022-06-20,
AC100575,H00242,Traditional IRA,BNY Pershing,2022-06-15,
AC100576,H00242,Traditional IRA,PERSHING LLC,2022-06-14,
AC100577,H00242,Joint Taxable,Pershing,2022-06-21,
AC100578,H00242,Trust,BNY Pershing,2022-06-21,
AC100579,H00243,Individual Taxable,Schwab,2021-02-04,
AC100580,H00243,Trust,SCHWAB,2021-02-08,
AC100581,H00243,Traditional IRA,SCHWAB,2021-01-25,
AC100582,H00244,Traditional IRA,FIDELITY INVESTMENTS,2013-01-29,
AC100583,H00244,Traditional IRA,Fidelity Institutional,2013-01-30,
AC100584,H00244,Trust,FIDELITY INVESTMENTS,2013-02-04,
AC100585,H00244,Traditional IRA,Fidelity,2013-01-23,
AC100586,H00245,Traditional IRA,SCHWAB,2013-02-11,
AC100587,H00245,Trust,Schwab,2013-02-22,
AC100588,H00245,Traditional IRA,Schwab,2013-02-23,
AC100589,H00246,Individual Taxable,Charles Schwab & Co.,2020-12-20,2025-05-27
AC100590,H00246,Trust,Charles Schwab & Co.,2020-12-20,2025-05-28
AC100591,H00246,Traditional IRA,Charles Schwab,2020-12-22,2025-05-26
AC100592,H00247,Traditional IRA,FIDELITY INVESTMENTS,2014-04-20,
AC100593,H00248,Traditional IRA,Charles Schwab,2014-12-01,
AC100594,H00248,Inherited IRA,Charles Schwab & Co.,2014-12-06,
AC100595,H00248,Trust,Charles Schwab & Co.,2014-11-30,
AC100596,H00249,Individual Taxable,FIDELITY INVESTMENTS,2020-02-03,
AC100597,H00249,Inherited IRA,Fidelity,2020-01-30,
AC100598,H00250,Joint Taxable,Charles Schwab & Co.,2018-11-24,
AC100599,H00250,Rollover IRA,Charles Schwab & Co.,2018-12-03,
AC100600,H00251,Joint Taxable,Charles Schwab,2022-05-22,
AC100601,H00251,Trust,FIDELITY INVESTMENTS,2022-05-20,
AC100602,H00251,Joint Taxable,SCHWAB,2022-05-25,
AC100603,H00251,Rollover IRA,Charles Schwab,2022-05-17,
AC100604,H00252,Joint Taxable,Charles Schwab,2022-06-21,
AC100605,H00252,Roth IRA,Schwab,2022-06-23,
AC100606,H00252,Trust,Charles Schwab,2022-06-24,
AC100607,H00253,Traditional IRA,FIDELITY INVESTMENTS,2020-02-16,
AC100608,H00254,Individual Taxable,FIDELITY INVESTMENTS,2022-04-16,
AC100609,H00255,Traditional IRA,Schwab,2020-05-22,
AC100610,H00255,Individual Taxable,Fidelity,2020-05-28,
AC100611,H00255,Roth IRA,Fidelity,2020-05-30,
AC100612,H00255,Roth IRA,SCHWAB,2020-05-23,
AC100613,H00255,Trust,Charles Schwab,2020-06-01,
AC100614,H00256,Joint Taxable,Pershing,2018-09-14,
AC100615,H00256,Trust,Charles Schwab,2018-09-13,
AC100616,H00257,Traditional IRA,Fidelity,2022-04-18,
AC100617,H00257,Traditional IRA,Fidelity,2022-05-02,
AC100618,H00258,Joint Taxable,Fidelity,2020-11-18,
AC100619,H00258,Inherited IRA,Fidelity Institutional,2020-11-14,
AC100620,H00258,Joint Taxable,FIDELITY INVESTMENTS,2020-11-18,
AC100621,H00259,Individual Taxable,Pershing,2022-05-02,2025-02-27
AC100622,H00259,Traditional IRA,BNY Pershing,2022-04-26,2025-02-28
AC100623,H00260,Traditional IRA,Fidelity Institutional,2010-12-08,2025-07-06
AC100624,H00260,Roth IRA,FIDELITY INVESTMENTS,2010-12-20,2025-07-07
AC100625,H00261,Traditional IRA,Fidelity Institutional,2018-04-24,
AC100626,H00261,Traditional IRA,Fidelity,2018-04-11,
AC100627,H00261,Roth IRA,Fidelity,2018-04-09,
AC100628,H00262,Individual Taxable,Pershing,2018-11-15,
AC100629,H00262,Individual Taxable,PERSHING LLC,2018-10-31,
AC100630,H00262,Rollover IRA,PERSHING LLC,2018-11-17,
AC100631,H00263,Traditional IRA,FIDELITY INVESTMENTS,2022-05-10,
AC100632,H00263,Trust,Charles Schwab & Co.,2022-05-01,
AC100633,H00264,Individual Taxable,Charles Schwab & Co.,2016-02-28,
AC100634,H00265,Traditional IRA,PERSHING LLC,2021-09-26,
AC100635,H00265,Roth IRA,BNY Pershing,2021-09-19,
AC100636,H00265,Traditional IRA,PERSHING LLC,2021-10-03,
AC100637,H00266,Traditional IRA,Charles Schwab & Co.,2015-01-15,
AC100638,H00267,Traditional IRA,SCHWAB,2010-10-14,
AC100639,H00267,Joint Taxable,Charles Schwab,2010-10-16,
AC100640,H00268,Individual Taxable,Schwab,2014-07-29,
AC100641,H00268,Trust,PERSHING LLC,2014-08-09,
AC100642,H00269,Individual Taxable,Schwab,2022-05-14,2025-10-28
AC100643,H00269,Traditional IRA,SCHWAB,2022-05-21,2025-10-28
AC100644,H00269,Traditional IRA,Charles Schwab & Co.,2022-05-12,2025-10-29
AC100645,H00269,Trust,SCHWAB,2022-05-20,2025-10-29
AC100646,H00270,Individual Taxable,Schwab,2015-07-24,
AC100647,H00270,Inherited IRA,SCHWAB,2015-07-18,
AC100648,H00270,Roth IRA,Charles Schwab & Co.,2015-07-21,
AC100649,H00270,Roth IRA,SCHWAB,2015-07-25,
AC100650,H00270,Inherited IRA,Charles Schwab & Co.,2015-07-09,
AC100651,H00271,Joint Taxable,Schwab,2022-10-20,
AC100652,H00271,Trust,SCHWAB,2022-10-04,
AC100653,H00272,Traditional IRA,SCHWAB,2022-05-15,
AC100654,H00272,Traditional IRA,Charles Schwab & Co.,2022-05-28,
AC100655,H00272,Traditional IRA,Charles Schwab,2022-05-20,
AC100656,H00272,Inherited IRA,SCHWAB,2022-05-23,
AC100657,H00273,Joint Taxable,FIDELITY INVESTMENTS,2015-09-30,
AC100658,H00273,Traditional IRA,Fidelity Institutional,2015-09-21,
AC100659,H00274,Joint Taxable,Charles Schwab & Co.,2022-04-11,2024-07-16
AC100660,H00275,Individual Taxable,Schwab,2007-10-30,
AC100661,H00276,Traditional IRA,FIDELITY INVESTMENTS,2014-06-27,
AC100662,H00276,Rollover IRA,Fidelity Institutional,2014-07-02,
AC100663,H00276,Traditional IRA,FIDELITY INVESTMENTS,2014-07-02,
AC100664,H00276,Trust,FIDELITY INVESTMENTS,2014-06-23,
AC100665,H00277,Joint Taxable,Pershing,2022-04-13,
AC100666,H00277,Joint Taxable,Pershing,2022-04-08,
AC100667,H00277,Traditional IRA,PERSHING LLC,2022-04-07,
AC100668,H00278,Traditional IRA,Charles Schwab & Co.,2020-12-08,
AC100669,H00279,Traditional IRA,Charles Schwab & Co.,2020-07-12,
AC100670,H00279,Inherited IRA,SCHWAB,2020-07-20,
AC100671,H00279,Trust,Charles Schwab & Co.,2020-07-25,
AC100672,H00279,Trust,Charles Schwab,2020-07-20,
AC100673,H00280,Joint Taxable,Schwab,2020-07-27,
AC100674,H00280,Rollover IRA,SCHWAB,2020-07-28,
AC100675,H00280,Joint Taxable,Charles Schwab,2020-08-04,
AC100676,H00280,Roth IRA,Charles Schwab,2020-07-21,
AC100677,H00280,Trust,SCHWAB,2020-07-27,
AC100678,H00281,Joint Taxable,FIDELITY INVESTMENTS,2015-11-11,
AC100679,H00282,Traditional IRA,Fidelity,2013-12-28,
AC100680,H00282,Traditional IRA,Fidelity,2014-01-07,
AC100681,H00282,Traditional IRA,Fidelity,2013-12-25,
AC100682,H00282,Trust,Fidelity,2013-12-22,
AC100683,H00283,Individual Taxable,SCHWAB,2009-06-01,
AC100684,H00283,Individual Taxable,Charles Schwab,2009-05-31,
AC100685,H00283,Traditional IRA,Schwab,2009-05-23,
AC100686,H00283,Inherited IRA,Schwab,2009-05-24,
AC100687,H00284,Joint Taxable,Fidelity Institutional,2019-08-13,
AC100688,H00284,Inherited IRA,FIDELITY INVESTMENTS,2019-07-29,
AC100689,H00285,Joint Taxable,SCHWAB,2021-10-26,
AC100690,H00286,Traditional IRA,Schwab,2022-06-26,
AC100691,H00286,Trust,Charles Schwab,2022-06-20,
AC100692,H00287,Joint Taxable,Schwab,2017-08-27,
AC100693,H00287,Traditional IRA,FIDELITY INVESTMENTS,2017-08-21,
AC100694,H00287,Joint Taxable,FIDELITY INVESTMENTS,2017-08-21,
AC100695,H00288,Joint Taxable,Charles Schwab & Co.,2011-06-28,2025-08-25
AC100696,H00288,Joint Taxable,Charles Schwab & Co.,2011-07-05,2025-08-22
AC100697,H00289,Joint Taxable,Schwab,2015-12-15,
AC100698,H00289,Rollover IRA,Charles Schwab & Co.,2015-12-15,
AC100699,H00289,Joint Taxable,Charles Schwab,2015-12-22,
AC100700,H00289,Joint Taxable,Charles Schwab & Co.,2015-12-25,
AC100701,H00290,Joint Taxable,Pershing,2022-05-13,
AC100702,H00290,Rollover IRA,Charles Schwab,2022-05-12,
AC100703,H00290,Rollover IRA,Pershing,2022-05-12,
AC100704,H00291,Individual Taxable,Pershing,2016-04-03,
AC100705,H00291,Individual Taxable,Charles Schwab & Co.,2016-04-09,
AC100706,H00292,Individual Taxable,Schwab,2019-10-06,2024-04-27
AC100707,H00293,Joint Taxable,FIDELITY INVESTMENTS,2015-01-11,
AC100708,H00293,Roth IRA,Fidelity Institutional,2015-01-29,
AC100709,H00294,Joint Taxable,Fidelity Institutional,2019-10-01,
AC100710,H00294,Rollover IRA,FIDELITY INVESTMENTS,2019-10-06,
AC100711,H00294,Trust,Fidelity,2019-09-29,
AC100712,H00295,Joint Taxable,Pershing,2022-04-02,
AC100713,H00295,Trust,Fidelity,2022-04-10,
AC100714,H00295,Traditional IRA,FIDELITY INVESTMENTS,2022-04-12,
AC100715,H00296,Traditional IRA,Schwab,2007-09-21,
AC100716,H00296,Traditional IRA,SCHWAB,2007-09-16,
AC100717,H00296,Rollover IRA,Schwab,2007-09-30,
AC100718,H00296,Trust,Schwab,2007-09-27,
AC100719,H00297,Joint Taxable,FIDELITY INVESTMENTS,2014-07-01,2025-10-22
AC100720,H00297,Roth IRA,Schwab,2014-07-06,2025-10-20
AC100721,H00297,Roth IRA,Charles Schwab,2014-06-25,2025-10-20
AC100722,H00298,Joint Taxable,Fidelity,2017-05-20,2025-08-12
AC100723,H00298,Joint Taxable,Fidelity,2017-05-28,2025-08-10
AC100724,H00298,Rollover IRA,Fidelity,2017-05-21,2025-08-12
AC100725,H00299,Individual Taxable,Charles Schwab,2013-12-07,
AC100726,H00299,529 Plan,Charles Schwab,2013-11-24,
AC100727,H00299,Rollover IRA,Charles Schwab,2013-11-21,
AC100728,H00300,Individual Taxable,Charles Schwab & Co.,2016-02-16,
AC100729,H00300,Roth IRA,Charles Schwab & Co.,2016-02-24,
AC100730,H00301,Traditional IRA,Charles Schwab,2018-02-12,
AC100731,H00301,Traditional IRA,Charles Schwab,2018-02-06,
AC100732,H00302,Traditional IRA,Charles Schwab & Co.,2022-04-19,2023-10-17
AC100733,H00303,Joint Taxable,Fidelity,2016-04-23,
AC100734,H00304,Joint Taxable,Charles Schwab,2022-07-20,
AC100735,H00304,Roth IRA,Charles Schwab & Co.,2022-07-07,
AC100736,H00305,Joint Taxable,Charles Schwab & Co.,2016-10-18,
AC100737,H00305,Rollover IRA,SCHWAB,2016-10-18,
AC100738,H00305,Traditional IRA,Schwab,2016-10-27,
AC100739,H00305,Rollover IRA,Schwab,2016-10-17,
AC100740,H00306,Joint Taxable,Fidelity Institutional,2018-04-15,
AC100741,H00306,Traditional IRA,FIDELITY INVESTMENTS,2018-04-14,
AC100742,H00307,Individual Taxable,Fidelity,2015-02-11,2025-07-25
AC100743,H00307,Traditional IRA,Fidelity Institutional,2015-02-09,2025-07-23
AC100744,H00308,Individual Taxable,Charles Schwab,2022-05-16,
AC100745,H00308,Traditional IRA,Schwab,2022-05-13,
AC100746,H00308,Rollover IRA,Charles Schwab,2022-05-09,
AC100747,H00309,Traditional IRA,SCHWAB,2020-04-17,
AC100748,H00309,Traditional IRA,BNY Pershing,2020-04-19,
AC100749,H00310,Traditional IRA,Fidelity Institutional,2020-01-25,
AC100750,H00310,Trust,Schwab,2020-01-09,
AC100751,H00310,Traditional IRA,Schwab,2020-01-06,
AC100752,H00310,Traditional IRA,Schwab,2020-01-15,
AC100753,H00311,Traditional IRA,Fidelity Institutional,2022-03-20,
AC100754,H00311,Roth IRA,Fidelity,2022-03-14,
AC100755,H00311,Individual Taxable,Fidelity,2022-03-11,
AC100756,H00311,Trust,Fidelity,2022-03-25,
AC100757,H00312,Individual Taxable,Schwab,2017-01-25,
AC100758,H00312,Roth IRA,Charles Schwab,2017-01-16,
AC100759,H00312,Roth IRA,SCHWAB,2017-01-18,
AC100760,H00313,Joint Taxable,SCHWAB,2010-06-05,
AC100761,H00314,Individual Taxable,Fidelity,2019-07-27,2025-08-20
AC100762,H00314,Trust,Fidelity,2019-08-03,2025-08-21
AC100763,H00314,Trust,Fidelity Institutional,2019-08-05,2025-08-18
AC100764,H00315,Traditional IRA,Charles Schwab,2020-08-16,
AC100765,H00315,Trust,Schwab,2020-08-14,
AC100766,H00315,Roth IRA,Charles Schwab & Co.,2020-08-23,
AC100767,H00316,Joint Taxable,Fidelity,2015-07-06,
AC100768,H00316,Roth IRA,Fidelity Institutional,2015-06-18,
AC100769,H00317,Joint Taxable,Fidelity,2022-10-06,2024-12-27
AC100770,H00317,Joint Taxable,Fidelity,2022-09-25,2024-12-27
AC100771,H00318,Individual Taxable,Fidelity,2022-05-28,
AC100772,H00318,Roth IRA,Fidelity,2022-05-30,
AC100773,H00319,Joint Taxable,FIDELITY INVESTMENTS,2017-03-06,
AC100774,H00319,Traditional IRA,SCHWAB,2017-03-03,
AC100775,H00319,Trust,Schwab,2017-03-06,
AC100776,H00320,Traditional IRA,SCHWAB,2015-01-15,
AC100777,H00320,Roth IRA,Schwab,2015-01-01,
AC100778,H00321,Traditional IRA,Fidelity Institutional,2015-08-23,
AC100779,H00321,Traditional IRA,Charles Schwab,2015-08-14,
AC100780,H00322,Traditional IRA,FIDELITY INVESTMENTS,2011-11-20,
AC100781,H00322,Roth IRA,Fidelity,2011-11-22,
AC100782,H00322,Rollover IRA,Fidelity,2011-11-20,
AC100783,H00322,Rollover IRA,Fidelity Institutional,2011-11-26,
AC100784,H00322,Joint Taxable,Fidelity Institutional,2011-11-17,
AC100785,H00323,Traditional IRA,Charles Schwab,2015-01-08,
AC100786,H00323,Joint Taxable,Charles Schwab,2015-01-22,
AC100787,H00324,Joint Taxable,SCHWAB,2017-01-08,
AC100788,H00324,Traditional IRA,Charles Schwab & Co.,2017-01-17,
AC100789,H00325,Traditional IRA,Charles Schwab,2021-09-20,
AC100790,H00325,Rollover IRA,FIDELITY INVESTMENTS,2021-09-24,
AC100791,H00326,Joint Taxable,Schwab,2019-10-12,
AC100792,H00326,Roth IRA,Fidelity,2019-10-11,
AC100793,H00327,Traditional IRA,Charles Schwab & Co.,2016-06-05,
AC100794,H00328,Joint Taxable,Fidelity,2013-11-20,
AC100795,H00328,Rollover IRA,Fidelity Institutional,2013-11-23,
AC100796,H00328,Rollover IRA,FIDELITY INVESTMENTS,2013-11-18,
AC100797,H00329,Traditional IRA,Fidelity,2022-04-20,
AC100798,H00329,Traditional IRA,Fidelity,2022-04-19,
AC100799,H00329,Roth IRA,Charles Schwab,2022-04-08,
AC100800,H00330,Individual Taxable,Schwab,2022-05-13,
AC100801,H00330,Trust,Charles Schwab & Co.,2022-05-13,
AC100802,H00330,Traditional IRA,Pershing,2022-05-20,
AC100803,H00330,Roth IRA,SCHWAB,2022-05-24,
AC100804,H00330,Roth IRA,Charles Schwab,2022-05-14,
AC100805,H00331,Individual Taxable,Charles Schwab & Co.,2017-12-03,
AC100806,H00331,Traditional IRA,Charles Schwab & Co.,2017-12-05,
AC100807,H00331,Trust,Charles Schwab,2017-12-05,
AC100808,H00332,Traditional IRA,FIDELITY INVESTMENTS,2017-08-05,
AC100809,H00332,Inherited IRA,FIDELITY INVESTMENTS,2017-07-23,
AC100810,H00332,Inherited IRA,Fidelity,2017-07-21,
AC100811,H00333,Joint Taxable,Schwab,2007-10-03,
AC100812,H00334,Joint Taxable,FIDELITY INVESTMENTS,2010-03-30,
AC100813,H00335,Traditional IRA,PERSHING LLC,2022-01-24,
AC100814,H00335,Trust,Schwab,2022-01-11,
AC100815,H00335,Joint Taxable,SCHWAB,2022-01-09,
AC100816,H00336,Joint Taxable,Charles Schwab,2014-01-01,
AC100817,H00336,Traditional IRA,Schwab,2013-12-15,
AC100818,H00336,Traditional IRA,Charles Schwab & Co.,2013-12-31,
AC100819,H00337,Traditional IRA,SCHWAB,2019-06-16,
AC100820,H00337,Trust,SCHWAB,2019-06-24,
AC100821,H00337,Roth IRA,FIDELITY INVESTMENTS,2019-06-16,
AC100822,H00338,Individual Taxable,SCHWAB,2013-01-15,
AC100823,H00338,Roth IRA,BNY Pershing,2013-01-31,
AC100824,H00339,Individual Taxable,Charles Schwab,2022-02-21,
AC100825,H00339,Traditional IRA,SCHWAB,2022-02-15,
AC100826,H00340,Joint Taxable,Schwab,2021-05-05,
AC100827,H00341,Joint Taxable,Fidelity,2013-10-29,
AC100828,H00341,Traditional IRA,FIDELITY INVESTMENTS,2013-10-30,
AC100829,H00341,Roth IRA,Fidelity,2013-11-06,
AC100830,H00342,Individual Taxable,Schwab,2014-06-19,
AC100831,H00342,Traditional IRA,Charles Schwab & Co.,2014-06-27,
AC100832,H00343,Joint Taxable,Fidelity,2021-06-09,
AC100833,H00343,Roth IRA,Fidelity,2021-06-18,
AC100834,H00344,Individual Taxable,Schwab,2015-11-11,
AC100835,H00344,Traditional IRA,Charles Schwab,2015-11-07,
AC100836,H00344,Rollover IRA,Fidelity Institutional,2015-11-06,
AC100837,H00345,Individual Taxable,Schwab,2017-03-12,
AC100838,H00345,Rollover IRA,Schwab,2017-03-12,
AC100839,H00345,Rollover IRA,Schwab,2017-03-11,
AC100840,H00346,Joint Taxable,Schwab,2022-05-24,2024-10-14
AC100841,H00346,Joint Taxable,Charles Schwab,2022-05-19,2024-10-17
AC100842,H00346,Trust,Schwab,2022-05-07,2024-10-14
AC100843,H00347,Traditional IRA,Fidelity Institutional,2019-11-30,
AC100844,H00347,Trust,FIDELITY INVESTMENTS,2019-12-05,
AC100845,H00347,Joint Taxable,FIDELITY INVESTMENTS,2019-11-26,
AC100846,H00348,Joint Taxable,SCHWAB,2014-04-14,
AC100847,H00348,Roth IRA,Schwab,2014-04-17,
AC100848,H00349,Individual Taxable,SCHWAB,2022-05-20,
AC100849,H00349,Roth IRA,Schwab,2022-05-08,
AC100850,H00349,Traditional IRA,Fidelity,2022-05-08,
AC100851,H00349,Rollover IRA,Schwab,2022-05-27,
AC100852,H00350,Joint Taxable,Charles Schwab,2010-07-13,
AC100853,H00350,Trust,Charles Schwab,2010-07-15,
AC100854,H00350,Roth IRA,Schwab,2010-07-14,
AC100855,H00351,Joint Taxable,FIDELITY INVESTMENTS,2008-11-22,
AC100856,H00351,Roth IRA,Fidelity,2008-11-20,
AC100857,H00352,Traditional IRA,Schwab,2014-10-13,
AC100858,H00352,Inherited IRA,SCHWAB,2014-10-17,
AC100859,H00353,Traditional IRA,Charles Schwab,2021-12-12,
AC100860,H00353,Traditional IRA,Charles Schwab,2021-12-12,
AC100861,H00354,Traditional IRA,Charles Schwab & Co.,2022-04-20,2024-09-25
AC100862,H00355,Joint Taxable,FIDELITY INVESTMENTS,2020-02-10,2025-10-14
AC100863,H00356,Traditional IRA,SCHWAB,2017-06-29,
AC100864,H00356,Trust,BNY Pershing,2017-06-21,
AC100865,H00357,Traditional IRA,Charles Schwab,2022-05-10,2024-03-17
AC100866,H00357,Inherited IRA,Charles Schwab,2022-05-16,2024-03-16
AC100867,H00357,Traditional IRA,Charles Schwab,2022-05-09,2024-03-18
AC100868,H00358,Joint Taxable,Schwab,2022-04-27,
AC100869,H00358,Traditional IRA,Schwab,2022-05-06,
AC100870,H00358,Trust,Schwab,2022-04-24,
AC100871,H00359,Joint Taxable,Charles Schwab,2021-09-25,
AC100872,H00360,Traditional IRA,SCHWAB,2013-04-20,
AC100873,H00360,Traditional IRA,Schwab,2013-04-23,
AC100874,H00361,Individual Taxable,Fidelity Institutional,2009-02-23,
AC100875,H00361,Rollover IRA,Charles Schwab & Co.,2009-02-17,
AC100876,H00361,Trust,Charles Schwab,2009-03-05,
AC100877,H00361,Roth IRA,Fidelity Institutional,2009-03-02,
AC100878,H00361,Individual Taxable,Schwab,2009-02-22,
AC100879,H00362,Traditional IRA,Charles Schwab,2022-04-19,2025-09-08
AC100880,H00363,Traditional IRA,PERSHING LLC,2016-10-05,
AC100881,H00364,Joint Taxable,Fidelity Institutional,2011-02-03,
AC100882,H00364,Rollover IRA,Fidelity Institutional,2011-01-30,
AC100883,H00364,Roth IRA,Fidelity,2011-01-27,
AC100884,H00364,Trust,Fidelity Institutional,2011-01-26,
AC100885,H00364,Inherited IRA,FIDELITY INVESTMENTS,2011-02-09,
AC100886,H00365,Joint Taxable,Schwab,2022-10-02,
AC100887,H00365,Rollover IRA,Schwab,2022-10-10,
AC100888,H00366,Joint Taxable,Charles Schwab,2022-04-11,
AC100889,H00366,Roth IRA,Schwab,2022-04-06,
AC100890,H00366,Trust,SCHWAB,2022-04-10,
AC100891,H00366,Joint Taxable,Charles Schwab & Co.,2022-04-10,
AC100892,H00367,Traditional IRA,Schwab,2009-02-14,
AC100893,H00367,Joint Taxable,SCHWAB,2009-01-29,
AC100894,H00367,Trust,Charles Schwab,2009-01-28,
AC100895,H00368,Joint Taxable,Schwab,2019-07-09,
AC100896,H00369,Traditional IRA,SCHWAB,2022-04-07,2025-05-13
AC100897,H00369,Traditional IRA,SCHWAB,2022-03-31,2025-05-15
AC100898,H00369,Trust,Charles Schwab & Co.,2022-04-08,2025-05-17
AC100899,H00370,Joint Taxable,Fidelity,2022-04-29,
AC100900,H00370,Inherited IRA,PERSHING LLC,2022-04-29,
AC100901,H00370,Rollover IRA,Fidelity,2022-04-28,
AC100902,H00370,Inherited IRA,FIDELITY INVESTMENTS,2022-05-15,
AC100903,H00371,Joint Taxable,FIDELITY INVESTMENTS,2022-02-05,
AC100904,H00371,Rollover IRA,Fidelity Institutional,2022-02-05,
AC100905,H00371,Trust,Fidelity,2022-01-26,
AC100906,H00371,Traditional IRA,Fidelity,2022-02-02,
AC100907,H00372,Traditional IRA,Schwab,2021-04-08,
AC100908,H00372,Trust,Charles Schwab & Co.,2021-04-23,
AC100909,H00372,Rollover IRA,Charles Schwab,2021-04-23,
AC100910,H00372,Rollover IRA,Charles Schwab,2021-04-13,
AC100911,H00373,Joint Taxable,BNY Pershing,2017-07-02,
AC100912,H00373,Roth IRA,FIDELITY INVESTMENTS,2017-07-12,
AC100913,H00374,Joint Taxable,Charles Schwab & Co.,2009-04-17,
AC100914,H00374,Trust,Fidelity Institutional,2009-04-17,
AC100915,H00375,Traditional IRA,PERSHING LLC,2015-03-07,
AC100916,H00375,Individual Taxable,PERSHING LLC,2015-03-13,
AC100917,H00375,Rollover IRA,Fidelity Institutional,2015-03-14,
AC100918,H00376,Individual Taxable,PERSHING LLC,2021-12-26,
AC100919,H00376,Trust,PERSHING LLC,2021-12-25,
AC100920,H00377,Joint Taxable,SCHWAB,2021-10-07,
AC100921,H00377,Joint Taxable,FIDELITY INVESTMENTS,2021-10-25,
AC100922,H00377,Inherited IRA,Charles Schwab,2021-10-08,
AC100923,H00378,Joint Taxable,Charles Schwab & Co.,2014-10-04,
AC100924,H00378,Joint Taxable,Charles Schwab,2014-09-28,
AC100925,H00379,Joint Taxable,Fidelity,2020-07-11,
AC100926,H00379,Roth IRA,Charles Schwab & Co.,2020-07-08,
AC100927,H00379,Traditional IRA,PERSHING LLC,2020-07-17,
AC100928,H00380,Traditional IRA,Fidelity,2009-05-24,
AC100929,H00380,Roth IRA,Fidelity,2009-06-03,
AC100930,H00380,Rollover IRA,Fidelity,2009-05-30,
AC100931,H00381,Individual Taxable,Fidelity Institutional,2016-11-22,
AC100932,H00381,Individual Taxable,Fidelity,2016-11-15,
AC100933,H00381,Traditional IRA,Fidelity,2016-11-14,
AC100934,H00382,Joint Taxable,Pershing,2008-12-04,
AC100935,H00382,Rollover IRA,Pershing,2008-11-25,
AC100936,H00382,Traditional IRA,Pershing,2008-12-04,
AC100937,H00382,Traditional IRA,Pershing,2008-11-20,
AC100938,H00383,Individual Taxable,Schwab,2016-08-09,2025-06-23
AC100939,H00383,Traditional IRA,BNY Pershing,2016-08-11,2025-06-24
AC100940,H00383,Trust,Charles Schwab,2016-08-14,2025-06-25
AC100941,H00384,Traditional IRA,Schwab,2022-04-14,
AC100942,H00384,Rollover IRA,SCHWAB,2022-04-14,
AC100943,H00384,Trust,SCHWAB,2022-04-22,
AC100944,H00385,Traditional IRA,Schwab,2022-04-26,
AC100945,H00385,Traditional IRA,Schwab,2022-05-01,
AC100946,H00385,Joint Taxable,Charles Schwab,2022-04-22,
AC100947,H00386,Joint Taxable,SCHWAB,2018-01-22,
AC100948,H00386,Traditional IRA,Charles Schwab & Co.,2018-01-11,
AC100949,H00386,Rollover IRA,Charles Schwab & Co.,2018-01-09,
AC100950,H00387,Traditional IRA,Charles Schwab,2018-02-13,
AC100951,H00387,Trust,Fidelity,2018-02-19,
AC100952,H00388,Joint Taxable,Fidelity,2016-08-15,
AC100953,H00388,Traditional IRA,Fidelity Institutional,2016-08-02,
AC100954,H00388,Joint Taxable,Fidelity,2016-08-08,
AC100955,H00389,Individual Taxable,BNY Pershing,2013-10-25,
AC100956,H00389,Trust,BNY Pershing,2013-10-27,
AC100957,H00389,Trust,BNY Pershing,2013-10-15,
AC100958,H00390,Traditional IRA,Pershing,2020-09-17,
AC100959,H00390,Inherited IRA,Schwab,2020-09-18,
AC100960,H00391,Traditional IRA,Charles Schwab,2011-02-04,2024-07-24
AC100961,H00392,Traditional IRA,Fidelity,2016-09-17,
AC100962,H00392,Roth IRA,Fidelity,2016-08-29,
AC100963,H00393,Traditional IRA,Charles Schwab & Co.,2011-01-06,
AC100964,H00394,Individual Taxable,Charles Schwab,2016-10-17,2025-09-08
AC100965,H00394,Rollover IRA,Charles Schwab,2016-10-23,2025-09-09
AC100966,H00395,Individual Taxable,SCHWAB,2018-04-02,
AC100967,H00396,Traditional IRA,Pershing,2007-09-18,
AC100968,H00396,Trust,Charles Schwab,2007-09-28,
AC100969,H00396,Individual Taxable,Pershing,2007-09-24,
AC100970,H00397,Traditional IRA,Fidelity,2022-05-14,
AC100971,H00398,Joint Taxable,Charles Schwab & Co.,2019-08-25,
AC100972,H00398,Joint Taxable,FIDELITY INVESTMENTS,2019-08-25,
AC100973,H00398,Trust,Schwab,2019-08-21,
AC100974,H00398,Joint Taxable,Charles Schwab & Co.,2019-08-28,
AC100975,H00398,Roth IRA,SCHWAB,2019-08-21,
AC100976,H00399,Traditional IRA,Pershing,2014-11-30,
AC100977,H00400,Joint Taxable,Pershing,2008-12-28,
AC100978,H00400,Roth IRA,PERSHING LLC,2008-12-17,
AC100979,H00400,Inherited IRA,BNY Pershing,2008-12-09,
AC100980,H00401,Traditional IRA,PERSHING LLC,2015-03-22,
AC100981,H00401,Roth IRA,Pershing,2015-03-28,
AC100982,H00402,Traditional IRA,SCHWAB,2006-10-29,
AC100983,H00402,Traditional IRA,SCHWAB,2006-11-06,
AC100984,H00402,Traditional IRA,Schwab,2006-11-03,
AC100985,H00403,Individual Taxable,Fidelity Institutional,2020-02-19,2024-09-18
AC100986,H00404,Traditional IRA,Charles Schwab,2009-08-21,
AC100987,H00404,Traditional IRA,Schwab,2009-08-26,
AC100988,H00404,Trust,Schwab,2009-09-04,
AC100989,H00405,Traditional IRA,BNY Pershing,2012-11-05,
AC100990,H00405,Inherited IRA,Fidelity,2012-11-15,
AC100991,H00405,Traditional IRA,Schwab,2012-11-08,
AC100992,H00405,Trust,SCHWAB,2012-11-16,
AC100993,H00405,Trust,Charles Schwab,2012-11-16,
AC100994,H00406,Traditional IRA,BNY Pershing,2019-07-14,
AC100995,H00406,Trust,Pershing,2019-07-06,
AC100996,H00406,Roth IRA,PERSHING LLC,2019-06-27,
AC100997,H00406,Joint Taxable,PERSHING LLC,2019-07-06,
AC100998,H00407,Traditional IRA,Schwab,2015-12-21,
AC100999,H00407,Traditional IRA,SCHWAB,2015-12-15,
AC101000,H00408,Traditional IRA,Charles Schwab,2020-11-28,
AC101001,H00408,Traditional IRA,Charles Schwab,2020-11-24,
AC101002,H00409,Joint Taxable,SCHWAB,2016-02-14,
AC101003,H00409,Traditional IRA,Schwab,2016-02-15,
AC101004,H00410,Joint Taxable,Charles Schwab,2018-08-08,2025-06-23
AC101005,H00410,Traditional IRA,SCHWAB,2018-08-09,2025-06-20
AC101006,H00411,Joint Taxable,Fidelity,2009-01-19,
AC101007,H00411,Rollover IRA,Fidelity Institutional,2009-01-07,
AC101008,H00411,Trust,Fidelity Institutional,2009-01-20,
AC101009,H00412,Traditional IRA,Fidelity,2022-05-13,
AC101010,H00412,Traditional IRA,Fidelity Institutional,2022-05-01,
AC101011,H00412,Traditional IRA,FIDELITY INVESTMENTS,2022-05-14,
AC101012,H00413,Joint Taxable,BNY Pershing,2020-08-25,
AC101013,H00413,Traditional IRA,Pershing,2020-08-26,
AC101014,H00413,Traditional IRA,Pershing,2020-09-09,
AC101015,H00414,Traditional IRA,Charles Schwab & Co.,2017-03-15,
AC101016,H00414,Traditional IRA,FIDELITY INVESTMENTS,2017-03-31,
AC101017,H00415,Joint Taxable,Charles Schwab,2013-07-14,
AC101018,H00415,Traditional IRA,Charles Schwab,2013-07-10,
AC101019,H00415,Rollover IRA,Charles Schwab,2013-07-18,
AC101020,H00416,Joint Taxable,Charles Schwab & Co.,2022-05-16,2024-04-13
AC101021,H00416,Roth IRA,Charles Schwab,2022-05-06,2024-04-11
AC101022,H00417,Joint Taxable,Schwab,2022-05-24,
AC101023,H00417,Rollover IRA,FIDELITY INVESTMENTS,2022-05-23,
AC101024,H00417,Trust,Charles Schwab & Co.,2022-06-03,
AC101025,H00417,Trust,Charles Schwab,2022-06-04,
AC101026,H00417,Traditional IRA,Schwab,2022-06-05,
AC101027,H00418,Joint Taxable,Charles Schwab & Co.,2012-07-03,
AC101028,H00418,Joint Taxable,Charles Schwab & Co.,2012-06-19,
AC101029,H00419,Individual Taxable,Charles Schwab,2020-07-05,
AC101030,H00419,Individual Taxable,Fidelity Institutional,2020-07-03,
AC101031,H00419,Trust,Charles Schwab & Co.,2020-06-18,
AC101032,H00420,Joint Taxable,SCHWAB,2021-09-04,
AC101033,H00420,Roth IRA,SCHWAB,2021-09-07,
AC101034,H00420,Trust,SCHWAB,2021-08-29,
AC101035,H00421,Traditional IRA,Fidelity Institutional,2018-01-27,
AC101036,H00421,Trust,FIDELITY INVESTMENTS,2018-01-22,
AC101037,H00422,Individual Taxable,Fidelity,2015-03-20,
AC101038,H00423,Traditional IRA,FIDELITY INVESTMENTS,2022-04-27,
AC101039,H00424,Joint Taxable,SCHWAB,2018-09-03,
AC101040,H00424,Traditional IRA,Charles Schwab,2018-09-02,
AC101041,H00425,Joint Taxable,Schwab,2017-01-28,
AC101042,H00426,Individual Taxable,SCHWAB,2012-09-21,
AC101043,H00426,Traditional IRA,Charles Schwab & Co.,2012-09-12,
AC101044,H00426,Roth IRA,Schwab,2012-09-09,
AC101045,H00427,Joint Taxable,Fidelity Institutional,2018-09-18,
AC101046,H00427,Traditional IRA,Fidelity,2018-09-11,
AC101047,H00427,Rollover IRA,FIDELITY INVESTMENTS,2018-09-28,
AC101048,H00427,Traditional IRA,FIDELITY INVESTMENTS,2018-09-22,
AC101049,H00427,Roth IRA,Fidelity,2018-09-11,
AC101050,H00428,Traditional IRA,PERSHING LLC,2013-04-10,2024-12-13
AC101051,H00428,Traditional IRA,Pershing,2013-04-19,2024-12-15
AC101052,H00428,Traditional IRA,Pershing,2013-04-21,2024-12-13
AC101053,H00428,Traditional IRA,BNY Pershing,2013-04-21,2024-12-13
AC101054,H00429,Traditional IRA,Pershing,2019-07-16,
AC101055,H00429,Trust,Pershing,2019-07-10,
AC101056,H00430,Traditional IRA,BNY Pershing,2012-02-26,2023-08-13
AC101057,H00430,Traditional IRA,PERSHING LLC,2012-02-27,2023-08-13
AC101058,H00431,Traditional IRA,Fidelity,2014-12-22,
AC101059,H00432,Traditional IRA,Charles Schwab & Co.,2022-04-09,
AC101060,H00432,Rollover IRA,FIDELITY INVESTMENTS,2022-04-05,
AC101061,H00432,Roth IRA,Fidelity Institutional,2022-04-09,
AC101062,H00433,Joint Taxable,Schwab,2019-01-03,
AC101063,H00433,Roth IRA,SCHWAB,2018-12-31,
AC101064,H00434,Joint Taxable,Fidelity Institutional,2006-08-24,2025-06-12
AC101065,H00434,Traditional IRA,Fidelity,2006-08-22,2025-06-12
AC101066,H00434,Roth IRA,Fidelity Institutional,2006-08-22,2025-06-13
AC101067,H00434,Traditional IRA,FIDELITY INVESTMENTS,2006-08-25,2025-06-14
AC101068,H00435,Joint Taxable,BNY Pershing,2020-12-06,
AC101069,H00435,Roth IRA,PERSHING LLC,2020-12-06,
AC101070,H00436,Traditional IRA,SCHWAB,2016-01-18,
AC101071,H00436,Traditional IRA,SCHWAB,2016-01-09,
AC101072,H00437,Individual Taxable,SCHWAB,2021-11-29,
AC101073,H00438,Joint Taxable,Schwab,2017-03-08,
AC101074,H00438,Traditional IRA,Charles Schwab & Co.,2017-03-25,
AC101075,H00438,Trust,Schwab,2017-03-27,
AC101076,H00439,Joint Taxable,Charles Schwab & Co.,2009-12-18,
AC101077,H00440,Traditional IRA,Fidelity,2016-06-19,
AC101078,H00440,Traditional IRA,Fidelity,2016-06-28,
AC101079,H00440,Trust,FIDELITY INVESTMENTS,2016-06-23,
AC101080,H00441,Individual Taxable,FIDELITY INVESTMENTS,2016-09-30,
AC101081,H00441,Rollover IRA,Fidelity Institutional,2016-09-21,
AC101082,H00442,Individual Taxable,Charles Schwab,2017-08-05,
AC101083,H00442,Traditional IRA,Schwab,2017-08-11,
AC101084,H00443,Traditional IRA,FIDELITY INVESTMENTS,2016-11-26,
AC101085,H00443,Roth IRA,Fidelity Institutional,2016-12-11,
AC101086,H00444,Joint Taxable,Charles Schwab & Co.,2015-11-21,2025-01-17
AC101087,H00445,Traditional IRA,SCHWAB,2022-08-30,2025-08-13
AC101088,H00445,Traditional IRA,Fidelity,2022-08-30,2025-08-12
AC101089,H00446,Joint Taxable,Charles Schwab & Co.,2022-06-27,2025-06-21
AC101090,H00447,Joint Taxable,PERSHING LLC,2020-11-20,
AC101091,H00447,Trust,Pershing,2020-11-28,
AC101092,H00447,Trust,BNY Pershing,2020-11-30,
AC101093,H00448,Traditional IRA,SCHWAB,2022-05-13,2025-10-26
AC101094,H00448,Trust,Schwab,2022-05-21,2025-10-25
AC101095,H00448,Traditional IRA,Charles Schwab,2022-05-23,2025-10-24
AC101096,H00448,Trust,Charles Schwab,2022-05-24,2025-10-27
AC101097,H00449,Traditional IRA,BNY Pershing,2015-09-07,
AC101098,H00449,Traditional IRA,PERSHING LLC,2015-09-19,
AC101099,H00450,Individual Taxable,SCHWAB,2014-06-22,
AC101100,H00450,Traditional IRA,SCHWAB,2014-06-09,
AC101101,H00450,Rollover IRA,SCHWAB,2014-06-18,
AC101102,H00450,Individual Taxable,FIDELITY INVESTMENTS,2014-06-24,
AC101103,H00450,Trust,Schwab,2014-06-06,
AC101104,H00451,Joint Taxable,Fidelity Institutional,2009-10-06,
AC101105,H00451,Rollover IRA,Fidelity,2009-09-30,
AC101106,H00451,Roth IRA,FIDELITY INVESTMENTS,2009-10-04,
AC101107,H00451,Rollover IRA,FIDELITY INVESTMENTS,2009-09-29,
AC101108,H00452,Joint Taxable,Fidelity,2017-07-05,
AC101109,H00452,Rollover IRA,Fidelity,2017-07-14,
AC101110,H00453,Traditional IRA,Schwab,2022-04-11,2025-02-17
AC101111,H00453,Trust,Charles Schwab,2022-04-03,2025-02-16
AC101112,H00453,Traditional IRA,SCHWAB,2022-04-04,2025-02-14
AC101113,H00454,Joint Taxable,Charles Schwab,2018-04-02,
AC101114,H00454,Joint Taxable,Charles Schwab & Co.,2018-03-21,
AC101115,H00454,Roth IRA,Schwab,2018-03-21,
AC101116,H00454,Traditional IRA,Charles Schwab & Co.,2018-04-06,
AC101117,H00455,Traditional IRA,Charles Schwab,2015-06-01,
AC101118,H00455,Trust,Schwab,2015-05-31,
AC101119,H00455,Traditional IRA,Charles Schwab & Co.,2015-05-31,
AC101120,H00456,Joint Taxable,FIDELITY INVESTMENTS,2008-08-16,2025-11-20
AC101121,H00456,Trust,Fidelity Institutional,2008-08-07,2025-11-20
AC101122,H00457,Individual Taxable,Schwab,2017-10-06,
AC101123,H00457,Trust,SCHWAB,2017-09-30,
AC101124,H00458,Traditional IRA,Fidelity,2016-10-13,
AC101125,H00458,529 Plan,FIDELITY INVESTMENTS,2016-10-09,
AC101126,H00458,Trust,Fidelity,2016-10-06,
AC101127,H00459,Joint Taxable,Fidelity Institutional,2013-06-28,
AC101128,H00459,Joint Taxable,Fidelity Institutional,2013-06-27,
AC101129,H00459,Rollover IRA,SCHWAB,2013-06-27,
AC101130,H00459,Traditional IRA,Fidelity Institutional,2013-06-28,
AC101131,H00460,Joint Taxable,Fidelity Institutional,2022-04-14,
AC101132,H00460,Joint Taxable,Fidelity,2022-04-06,
AC101133,H00461,Joint Taxable,Charles Schwab & Co.,2018-05-04,
AC101134,H00461,Trust,Schwab,2018-05-01,
AC101135,H00462,Traditional IRA,Schwab,2013-03-29,
AC101136,H00462,Traditional IRA,Schwab,2013-03-28,
AC101137,H00462,Traditional IRA,Schwab,2013-03-26,
AC101138,H00462,Individual Taxable,Charles Schwab & Co.,2013-03-28,
AC101139,H00462,Rollover IRA,Schwab,2013-03-23,
AC101140,H00463,Joint Taxable,FIDELITY INVESTMENTS,2007-05-01,
AC101141,H00464,Joint Taxable,SCHWAB,2018-09-27,
AC101142,H00464,Joint Taxable,Charles Schwab & Co.,2018-09-26,
AC101143,H00465,Traditional IRA,Pershing,2019-11-17,2025-02-19
AC101144,H00465,Inherited IRA,SCHWAB,2019-10-29,2025-02-16
AC101145,H00465,Joint Taxable,Schwab,2019-11-05,2025-02-18
AC101146,H00465,Joint Taxable,Schwab,2019-11-14,2025-02-16
AC101147,H00466,Individual Taxable,FIDELITY INVESTMENTS,2022-04-21,
AC101148,H00466,Roth IRA,Fidelity,2022-04-24,
AC101149,H00466,Trust,FIDELITY INVESTMENTS,2022-04-19,
AC101150,H00467,Traditional IRA,Schwab,2019-01-11,
AC101151,H00467,Traditional IRA,Charles Schwab,2019-01-09,
AC101152,H00468,Joint Taxable,Charles Schwab,2022-04-13,
AC101153,H00468,Trust,Pershing,2022-04-19,
AC101154,H00469,Joint Taxable,Charles Schwab,2020-11-16,2024-05-17
AC101155,H00469,Traditional IRA,Charles Schwab & Co.,2020-11-18,2024-05-18
AC101156,H00470,Traditional IRA,SCHWAB,2010-02-27,
AC101157,H00470,Roth IRA,Fidelity Institutional,2010-02-14,
AC101158,H00471,Traditional IRA,Charles Schwab & Co.,2022-04-08,
AC101159,H00472,Joint Taxable,Fidelity Institutional,2022-04-17,
AC101160,H00472,Trust,Fidelity Institutional,2022-04-21,
AC101161,H00473,Traditional IRA,FIDELITY INVESTMENTS,2019-02-08,
AC101162,H00474,Joint Taxable,Schwab,2018-04-17,
AC101163,H00474,Trust,Schwab,2018-04-12,
AC101164,H00474,Rollover IRA,SCHWAB,2018-04-22,
AC101165,H00475,Joint Taxable,FIDELITY INVESTMENTS,2022-05-12,
AC101166,H00475,Joint Taxable,FIDELITY INVESTMENTS,2022-05-17,
AC101167,H00475,Roth IRA,BNY Pershing,2022-05-18,
AC101168,H00475,Traditional IRA,Fidelity,2022-05-10,
AC101169,H00476,Joint Taxable,Charles Schwab & Co.,2012-12-02,
AC101170,H00476,Traditional IRA,SCHWAB,2012-12-05,
AC101171,H00476,Rollover IRA,Charles Schwab,2012-11-25,
AC101172,H00477,Traditional IRA,PERSHING LLC,2022-05-28,
AC101173,H00477,Traditional IRA,Pershing,2022-05-20,
AC101174,H00477,Trust,PERSHING LLC,2022-05-29,
AC101175,H00478,Traditional IRA,BNY Pershing,2013-02-16,
AC101176,H00478,Rollover IRA,BNY Pershing,2013-02-03,
AC101177,H00478,Roth IRA,BNY Pershing,2013-02-13,
AC101178,H00479,Individual Taxable,Schwab,2015-02-28,2024-03-14
AC101179,H00480,Traditional IRA,Fidelity,2012-11-10,
AC101180,H00480,Roth IRA,Fidelity,2012-11-19,
AC101181,H00480,Traditional IRA,Fidelity Institutional,2012-11-03,
AC101182,H00480,Roth IRA,FIDELITY INVESTMENTS,2012-11-14,
AC101183,H00480,Roth IRA,FIDELITY INVESTMENTS,2012-11-08,
AC101184,H00481,Joint Taxable,BNY Pershing,2009-12-12,
AC101185,H00481,Joint Taxable,PERSHING LLC,2009-12-08,
AC101186,H00481,Traditional IRA,BNY Pershing,2009-12-19,
AC101187,H00481,Trust,BNY Pershing,2009-12-20,
AC101188,H00482,Traditional IRA,SCHWAB,2022-05-24,
AC101189,H00482,Trust,Charles Schwab & Co.,2022-05-23,
AC101190,H00482,Joint Taxable,Schwab,2022-06-01,
AC101191,H00482,Inherited IRA,SCHWAB,2022-05-14,
AC101192,H00483,Traditional IRA,Fidelity Institutional,2018-09-20,
AC101193,H00483,Individual Taxable,BNY Pershing,2018-09-07,
AC101194,H00483,Individual Taxable,FIDELITY INVESTMENTS,2018-09-10,
AC101195,H00484,Individual Taxable,SCHWAB,2019-02-21,2024-11-12
AC101196,H00484,Individual Taxable,Schwab,2019-02-19,2024-11-13
AC101197,H00484,Traditional IRA,SCHWAB,2019-02-22,2024-11-10
AC101198,H00484,Trust,SCHWAB,2019-02-07,2024-11-12
AC101199,H00485,Joint Taxable,Charles Schwab & Co.,2022-05-04,
AC101200,H00485,Rollover IRA,Schwab,2022-05-03,
AC101201,H00486,Traditional IRA,Charles Schwab,2012-05-02,
AC101202,H00486,Roth IRA,Schwab,2012-04-29,
AC101203,H00486,Joint Taxable,SCHWAB,2012-05-05,
AC101204,H00486,529 Plan,BNY Pershing,2012-05-17,
AC101205,H00486,529 Plan,SCHWAB,2012-05-12,
AC101206,H00487,Traditional IRA,FIDELITY INVESTMENTS,2019-12-28,
AC101207,H00487,Roth IRA,Charles Schwab,2019-12-30,
AC101208,H00487,Traditional IRA,FIDELITY INVESTMENTS,2019-12-30,
AC101209,H00487,Traditional IRA,FIDELITY INVESTMENTS,2019-12-28,
AC101210,H00488,Traditional IRA,Fidelity,2022-05-01,
AC101211,H00488,Roth IRA,Charles Schwab,2022-04-19,
AC101212,H00488,Trust,Charles Schwab & Co.,2022-05-02,
AC101213,H00489,Traditional IRA,Schwab,2014-02-02,
AC101214,H00489,Trust,Charles Schwab & Co.,2014-01-29,
AC101215,H00490,Joint Taxable,FIDELITY INVESTMENTS,2012-08-27,2025-07-23
AC101216,H00490,Roth IRA,FIDELITY INVESTMENTS,2012-08-27,2025-07-25
AC101217,H00490,529 Plan,Fidelity,2012-08-23,2025-07-25
AC101218,H00490,529 Plan,FIDELITY INVESTMENTS,2012-09-07,2025-07-22
AC101219,H00491,Joint Taxable,SCHWAB,2014-09-12,
AC101220,H00492,Individual Taxable,SCHWAB,2022-04-21,2025-05-29
AC101221,H00492,Trust,Charles Schwab & Co.,2022-04-04,2025-05-29
AC101222,H00493,Traditional IRA,FIDELITY INVESTMENTS,2013-11-13,
AC101223,H00493,Rollover IRA,FIDELITY INVESTMENTS,2013-11-11,
AC101224,H00493,Joint Taxable,Fidelity Institutional,2013-11-22,
AC101225,H00493,Trust,SCHWAB,2013-11-14,
AC101226,H00494,Traditional IRA,SCHWAB,2022-05-10,
AC101227,H00495,Joint Taxable,Charles Schwab,2016-10-28,
AC101228,H00495,Roth IRA,Schwab,2016-11-05,
AC101229,H00495,Joint Taxable,Schwab,2016-10-27,
AC101230,H00496,Traditional IRA,BNY Pershing,2016-04-06,2025-04-16
AC101231,H00497,Individual Taxable,Charles Schwab,2013-06-01,
AC101232,H00498,Individual Taxable,Charles Schwab,2019-06-05,
AC101233,H00498,Traditional IRA,Charles Schwab,2019-06-02,
AC101234,H00499,Joint Taxable,FIDELITY INVESTMENTS,2010-03-13,
AC101235,H00499,Traditional IRA,FIDELITY INVESTMENTS,2010-03-29,
AC101236,H00499,Rollover IRA,Fidelity Institutional,2010-03-27,
AC101237,H00499,Traditional IRA,Fidelity,2010-03-21,
AC101238,H00500,Joint Taxable,Pershing,2022-05-09,
AC101239,H00500,Roth IRA,BNY Pershing,2022-05-17,
AC101240,H00501,Joint Taxable,BNY Pershing,2016-01-29,
AC101241,H00501,Traditional IRA,Fidelity Institutional,2016-01-26,
AC101242,H00502,Individual Taxable,Charles Schwab & Co.,2014-04-15,
AC101243,H00503,Individual Taxable,BNY Pershing,2006-06-10,
AC101244,H00504,Traditional IRA,FIDELITY INVESTMENTS,2022-04-26,
AC101245,H00504,529 Plan,FIDELITY INVESTMENTS,2022-05-05,
AC101246,H00504,Individual Taxable,Fidelity Institutional,2022-04-20,
AC101247,H00505,Joint Taxable,Fidelity Institutional,2010-05-18,
AC101248,H00506,Joint Taxable,Charles Schwab,2014-08-24,
AC101249,H00506,Traditional IRA,Schwab,2014-09-06,
AC101250,H00506,Rollover IRA,SCHWAB,2014-08-23,
AC101251,H00507,Traditional IRA,BNY Pershing,2013-02-18,2025-02-16
AC101252,H00507,Trust,PERSHING LLC,2013-02-21,2025-02-13
AC101253,H00508,Individual Taxable,FIDELITY INVESTMENTS,2015-01-03,
AC101254,H00508,Individual Taxable,FIDELITY INVESTMENTS,2014-12-26,
AC101255,H00508,Inherited IRA,Fidelity Institutional,2015-01-11,
AC101256,H00508,Traditional IRA,FIDELITY INVESTMENTS,2015-01-12,
AC101257,H00508,Trust,Fidelity Institutional,2015-01-09,
AC101258,H00509,Joint Taxable,Fidelity Institutional,2014-08-27,
AC101259,H00509,Traditional IRA,Fidelity,2014-08-17,
AC101260,H00509,Traditional IRA,FIDELITY INVESTMENTS,2014-08-26,
AC101261,H00510,Joint Taxable,PERSHING LLC,2022-05-19,
AC101262,H00511,Individual Taxable,Pershing,2018-08-14,
AC101263,H00512,Traditional IRA,Charles Schwab,2012-02-07,
AC101264,H00513,Traditional IRA,SCHWAB,2016-12-16,
AC101265,H00514,Joint Taxable,SCHWAB,2018-11-06,
AC101266,H00514,Roth IRA,SCHWAB,2018-10-24,
AC101267,H00515,Traditional IRA,BNY Pershing,2018-05-21,
AC101268,H00515,529 Plan,FIDELITY INVESTMENTS,2018-05-28,
AC101269,H00515,Trust,SCHWAB,2018-05-25,
AC101270,H00516,Joint Taxable,Charles Schwab,2014-10-09,
AC101271,H00517,Joint Taxable,Charles Schwab & Co.,2013-07-09,
AC101272,H00517,Trust,SCHWAB,2013-07-27,
AC101273,H00518,Joint Taxable,FIDELITY INVESTMENTS,2016-12-27,
AC101274,H00518,Traditional IRA,FIDELITY INVESTMENTS,2017-01-03,
AC101275,H00519,Joint Taxable,Charles Schwab,2021-06-10,
AC101276,H00519,Inherited IRA,PERSHING LLC,2021-06-11,
AC101277,H00519,Trust,PERSHING LLC,2021-06-01,
AC101278,H00520,Traditional IRA,BNY Pershing,2017-01-25,
AC101279,H00521,Traditional IRA,Schwab,2022-05-14,2024-04-11
AC101280,H00522,Joint Taxable,Schwab,2021-11-15,
AC101281,H00522,Rollover IRA,Charles Schwab & Co.,2021-11-23,
AC101282,H00522,Traditional IRA,SCHWAB,2021-11-14,
AC101283,H00523,Joint Taxable,Schwab,2012-03-19,
AC101284,H00523,Rollover IRA,Charles Schwab,2012-03-26,
AC101285,H00524,Individual Taxable,FIDELITY INVESTMENTS,2020-12-14,
AC101286,H00524,Traditional IRA,SCHWAB,2020-11-29,
AC101287,H00524,Traditional IRA,Schwab,2020-12-02,
AC101288,H00524,Rollover IRA,FIDELITY INVESTMENTS,2020-12-07,
AC101289,H00524,Traditional IRA,Charles Schwab,2020-12-06,
AC101290,H00525,Joint Taxable,Fidelity Institutional,2022-05-24,
AC101291,H00525,Roth IRA,Charles Schwab & Co.,2022-05-16,
AC101292,H00525,Traditional IRA,FIDELITY INVESTMENTS,2022-05-25,
AC101293,H00525,Roth IRA,Fidelity,2022-05-20,
AC101294,H00526,Individual Taxable,Charles Schwab & Co.,2010-02-01,2023-10-21
AC101295,H00526,Rollover IRA,Charles Schwab,2010-01-28,2023-10-19
AC101296,H00527,Individual Taxable,Fidelity Institutional,2014-02-12,
AC101297,H00528,Traditional IRA,SCHWAB,2022-04-11,2024-03-10
AC101298,H00528,Trust,Schwab,2022-04-12,2024-03-12
AC101299,H00528,Traditional IRA,SCHWAB,2022-04-21,2024-03-11
AC101300,H00529,Joint Taxable,Pershing,2019-07-21,2024-09-15
AC101301,H00529,Rollover IRA,BNY Pershing,2019-07-08,2024-09-15
AC101302,H00530,Traditional IRA,Charles Schwab,2008-11-19,
AC101303,H00531,Traditional IRA,Charles Schwab,2022-05-17,2025-02-15
AC101304,H00531,Individual Taxable,SCHWAB,2022-05-15,2025-02-15
AC101305,H00531,Rollover IRA,Charles Schwab,2022-05-12,2025-02-14
AC101306,H00532,Traditional IRA,FIDELITY INVESTMENTS,2017-04-27,2025-06-28
AC101307,H00532,Roth IRA,Fidelity Institutional,2017-05-10,2025-06-28
AC101308,H00532,Traditional IRA,Charles Schwab,2017-05-12,2025-06-30
AC101309,H00533,Individual Taxable,Charles Schwab & Co.,2012-07-16,
AC101310,H00533,Rollover IRA,SCHWAB,2012-07-17,
AC101311,H00534,Traditional IRA,BNY Pershing,2018-12-30,
AC101312,H00535,Individual Taxable,Charles Schwab & Co.,2019-09-02,
AC101313,H00536,Individual Taxable,Charles Schwab & Co.,2022-05-25,
AC101314,H00536,Trust,Charles Schwab & Co.,2022-05-30,
AC101315,H00537,Traditional IRA,FIDELITY INVESTMENTS,2007-08-18,
AC101316,H00538,Joint Taxable,SCHWAB,2014-04-16,
AC101317,H00538,Rollover IRA,Fidelity,2014-04-07,
AC101318,H00538,529 Plan,SCHWAB,2014-04-06,
AC101319,H00539,Traditional IRA,SCHWAB,2017-01-15,
AC101320,H00540,Individual Taxable,Schwab,2019-01-08,
AC101321,H00540,Inherited IRA,Charles Schwab & Co.,2019-01-09,
AC101322,H00540,Trust,Charles Schwab & Co.,2018-12-28,
AC101323,H00540,Rollover IRA,Charles Schwab,2019-01-01,
AC101324,H00541,Joint Taxable,Charles Schwab & Co.,2020-05-26,
AC101325,H00541,Trust,SCHWAB,2020-05-30,
AC101326,H00541,Trust,Pershing,2020-06-02,
AC101327,H00542,Individual Taxable,Schwab,2022-05-08,
AC101328,H00542,Roth IRA,FIDELITY INVESTMENTS,2022-05-19,
AC101329,H00542,Roth IRA,Charles Schwab,2022-05-03,
AC101330,H00542,Trust,Charles Schwab & Co.,2022-05-17,
AC101331,H00543,Traditional IRA,Charles Schwab & Co.,2022-11-28,
AC101332,H00543,Traditional IRA,FIDELITY INVESTMENTS,2022-11-30,
AC101333,H00543,Individual Taxable,Fidelity Institutional,2022-11-25,
AC101334,H00544,Joint Taxable,Charles Schwab,2021-11-12,2024-12-20
AC101335,H00544,Trust,Charles Schwab,2021-11-12,2024-12-19
AC101336,H00544,Traditional IRA,SCHWAB,2021-11-20,2024-12-20
AC101337,H00544,Trust,Schwab,2021-11-03,2024-12-20
AC101338,H00544,Trust,Schwab,2021-11-17,2024-12-18
AC101339,H00545,Individual Taxable,Pershing,2022-04-22,
AC101340,H00545,Rollover IRA,FIDELITY INVESTMENTS,2022-04-09,
AC101341,H00545,Rollover IRA,FIDELITY INVESTMENTS,2022-04-12,
AC101342,H00546,Individual Taxable,Pershing,2020-01-08,
AC101343,H00546,Inherited IRA,Pershing,2020-01-07,
AC101344,H00546,Rollover IRA,BNY Pershing,2020-01-01,
AC101345,H00546,Inherited IRA,BNY Pershing,2020-01-13,
AC101346,H00547,Traditional IRA,PERSHING LLC,2012-01-14,
AC101347,H00547,Trust,Schwab,2012-01-07,
AC101348,H00547,Traditional IRA,Pershing,2012-01-16,
AC101349,H00548,Joint Taxable,SCHWAB,2020-03-01,
AC101350,H00548,Joint Taxable,Schwab,2020-03-12,
AC101351,H00548,Rollover IRA,Charles Schwab,2020-02-27,
AC101352,H00549,Traditional IRA,Schwab,2017-08-22,2024-03-29
AC101353,H00549,Joint Taxable,Schwab,2017-08-11,2024-03-28
AC101354,H00550,Traditional IRA,Charles Schwab & Co.,2013-03-24,
AC101355,H00550,Trust,SCHWAB,2013-03-19,
AC101356,H00551,Joint Taxable,BNY Pershing,2015-09-19,
AC101357,H00551,Traditional IRA,BNY Pershing,2015-09-12,
AC101358,H00551,Traditional IRA,PERSHING LLC,2015-08-31,
AC101359,H00551,Traditional IRA,Pershing,2015-09-05,
AC101360,H00552,Joint Taxable,PERSHING LLC,2013-01-13,2025-07-24
AC101361,H00552,Trust,Fidelity Institutional,2013-01-24,2025-07-21
AC101362,H00553,Individual Taxable,Charles Schwab,2007-02-18,
AC101363,H00554,Traditional IRA,SCHWAB,2022-01-05,
AC101364,H00554,Roth IRA,Charles Schwab & Co.,2022-01-05,
AC101365,H00554,Roth IRA,Charles Schwab & Co.,2022-01-09,
AC101366,H00555,Joint Taxable,Schwab,2016-07-12,
AC101367,H00555,Traditional IRA,Charles Schwab & Co.,2016-07-27,
AC101368,H00555,529 Plan,Charles Schwab & Co.,2016-07-15,
AC101369,H00556,Individual Taxable,Charles Schwab & Co.,2013-06-15,2025-01-21
AC101370,H00556,Trust,BNY Pershing,2013-06-28,2025-01-20
AC101371,H00557,Traditional IRA,Charles Schwab & Co.,2017-12-31,
AC101372,H00557,Trust,Charles Schwab,2018-01-01,
AC101373,H00558,Joint Taxable,Schwab,2021-08-03,
AC101374,H00559,Traditional IRA,FIDELITY INVESTMENTS,2019-03-29,2025-03-12
AC101375,H00559,Joint Taxable,Fidelity Institutional,2019-03-28,2025-03-09
AC101376,H00560,Traditional IRA,Charles Schwab,2008-12-02,
AC101377,H00560,Rollover IRA,SCHWAB,2008-11-26,
AC101378,H00561,Traditional IRA,SCHWAB,2022-09-04,
AC101379,H00561,529 Plan,Charles Schwab,2022-09-02,
AC101380,H00562,Traditional IRA,Pershing,2022-04-18,
AC101381,H00562,Rollover IRA,Pershing,2022-04-22,
AC101382,H00563,Traditional IRA,FIDELITY INVESTMENTS,2016-08-07,2024-11-24
AC101383,H00563,Traditional IRA,FIDELITY INVESTMENTS,2016-08-07,2024-11-23
AC101384,H00563,Rollover IRA,Charles Schwab & Co.,2016-07-31,2024-11-23
AC101385,H00563,Traditional IRA,PERSHING LLC,2016-07-31,2024-11-21
AC101386,H00563,Roth IRA,Fidelity,2016-07-29,2024-11-22
AC101387,H00564,Traditional IRA,Schwab,2013-02-03,
AC101388,H00564,529 Plan,Charles Schwab,2013-02-02,
AC101389,H00564,Roth IRA,Charles Schwab,2013-01-21,
AC101390,H00564,Joint Taxable,BNY Pershing,2013-01-31,
AC101391,H00564,Traditional IRA,Charles Schwab & Co.,2013-01-31,
AC101392,H00565,Joint Taxable,Charles Schwab & Co.,2017-04-22,
AC101393,H00565,Roth IRA,Charles Schwab,2017-04-08,
AC101394,H00565,Trust,Schwab,2017-04-16,
AC101395,H00565,Roth IRA,Charles Schwab,2017-04-19,
AC101396,H00565,Roth IRA,Charles Schwab,2017-04-12,
AC101397,H00566,Traditional IRA,Charles Schwab,2010-12-31,2025-07-20
AC101398,H00566,Inherited IRA,Schwab,2010-12-24,2025-07-23
AC101399,H00566,Trust,SCHWAB,2010-12-17,2025-07-24
AC101400,H00566,Trust,Schwab,2010-12-16,2025-07-23
AC101401,H00567,Joint Taxable,Schwab,2021-12-10,
AC101402,H00567,Traditional IRA,SCHWAB,2021-11-25,
AC101403,H00567,Trust,Schwab,2021-11-29,
AC101404,H00568,Joint Taxable,SCHWAB,2022-05-01,
AC101405,H00568,Trust,SCHWAB,2022-05-08,
AC101406,H00569,Traditional IRA,SCHWAB,2017-04-20,
AC101407,H00569,Roth IRA,Schwab,2017-04-24,
AC101408,H00569,Trust,Charles Schwab & Co.,2017-04-23,
AC101409,H00570,Traditional IRA,Charles Schwab & Co.,2019-07-01,
AC101410,H00570,Rollover IRA,Fidelity Institutional,2019-06-12,
AC101411,H00570,Joint Taxable,Charles Schwab,2019-06-24,
AC101412,H00570,Traditional IRA,SCHWAB,2019-06-25,
AC101413,H00571,Traditional IRA,PERSHING LLC,2016-08-05,
AC101414,H00571,Traditional IRA,Pershing,2016-08-10,
AC101415,H00571,Rollover IRA,Pershing,2016-08-12,
AC101416,H00571,Trust,Pershing,2016-08-18,
AC101417,H00572,Individual Taxable,BNY Pershing,2009-03-22,
AC101418,H00572,Roth IRA,BNY Pershing,2009-03-24,
AC101419,H00573,Joint Taxable,Charles Schwab,2013-08-26,
AC101420,H00573,Traditional IRA,SCHWAB,2013-08-31,
AC101421,H00573,Joint Taxable,Charles Schwab,2013-09-02,
AC101422,H00573,Inherited IRA,Charles Schwab,2013-09-01,
AC101423,H00574,Traditional IRA,Fidelity,2020-05-14,2025-01-17
AC101424,H00574,Roth IRA,BNY Pershing,2020-04-27,2025-01-21
AC101425,H00574,Roth IRA,Fidelity,2020-04-26,2025-01-20
AC101426,H00575,Traditional IRA,BNY Pershing,2020-12-23,
AC101427,H00575,Trust,Pershing,2020-12-24,
AC101428,H00576,Traditional IRA,Charles Schwab,2022-04-29,
AC101429,H00576,Traditional IRA,Fidelity Institutional,2022-04-22,
AC101430,H00576,Roth IRA,Fidelity,2022-04-18,
AC101431,H00577,Individual Taxable,Fidelity,2016-12-03,2023-11-21
AC101432,H00577,Trust,FIDELITY INVESTMENTS,2016-12-03,2023-11-19
AC101433,H00577,Trust,Fidelity,2016-12-01,2023-11-22
AC101434,H00578,Traditional IRA,Charles Schwab & Co.,2012-01-05,
AC101435,H00578,Traditional IRA,SCHWAB,2012-01-15,
AC101436,H00579,Joint Taxable,Charles Schwab,2013-05-09,
AC101437,H00579,Joint Taxable,Schwab,2013-05-13,
AC101438,H00580,Joint Taxable,Schwab,2017-04-22,
AC101439,H00580,Joint Taxable,Schwab,2017-04-14,
AC101440,H00581,Individual Taxable,Fidelity,2012-02-27,2025-09-24
AC101441,H00581,Traditional IRA,FIDELITY INVESTMENTS,2012-03-04,2025-09-23
AC101442,H00581,Individual Taxable,Fidelity Institutional,2012-03-04,2025-09-20
AC101443,H00581,Roth IRA,FIDELITY INVESTMENTS,2012-03-08,2025-09-24
AC101444,H00581,Trust,Fidelity Institutional,2012-03-09,2025-09-20
AC101445,H00582,Traditional IRA,Charles Schwab,2014-04-21,
AC101446,H00582,Traditional IRA,Fidelity Institutional,2014-04-24,
AC101447,H00583,Joint Taxable,FIDELITY INVESTMENTS,2022-04-28,2023-07-25
AC101448,H00584,Traditional IRA,Charles Schwab & Co.,2015-09-29,
AC101449,H00584,Joint Taxable,Charles Schwab & Co.,2015-10-02,
AC101450,H00585,Traditional IRA,Fidelity Institutional,2022-04-26,2025-02-14
AC101451,H00585,Traditional IRA,FIDELITY INVESTMENTS,2022-04-09,2025-02-10
AC101452,H00586,Traditional IRA,SCHWAB,2016-08-15,2025-01-19
AC101453,H00586,Rollover IRA,SCHWAB,2016-07-30,2025-01-19
AC101454,H00586,Inherited IRA,Schwab,2016-08-13,2025-01-16
AC101455,H00587,Joint Taxable,Schwab,2007-06-24,
AC101456,H00587,Traditional IRA,Schwab,2007-06-29,
AC101457,H00588,Joint Taxable,Fidelity,2022-06-09,
AC101458,H00588,Rollover IRA,Fidelity,2022-06-06,
AC101459,H00589,Joint Taxable,Fidelity,2022-05-06,2024-05-12
AC101460,H00589,Inherited IRA,FIDELITY INVESTMENTS,2022-05-14,2024-05-12
AC101461,H00590,Traditional IRA,Charles Schwab & Co.,2011-04-01,
AC101462,H00590,Traditional IRA,Schwab,2011-03-21,
AC101463,H00590,Roth IRA,Charles Schwab,2011-03-21,
AC101464,H00591,Traditional IRA,FIDELITY INVESTMENTS,2020-06-08,2025-12-12
AC101465,H00591,529 Plan,Fidelity Institutional,2020-06-03,2025-12-13
AC101466,H00592,Joint Taxable,Charles Schwab,2014-08-07,
AC101467,H00592,Rollover IRA,Charles Schwab,2014-08-24,
AC101468,H00592,Joint Taxable,Charles Schwab & Co.,2014-08-08,
AC101469,H00593,Joint Taxable,Fidelity Institutional,2014-07-03,
AC101470,H00593,Roth IRA,Fidelity Institutional,2014-07-18,
AC101471,H00593,Trust,FIDELITY INVESTMENTS,2014-07-12,
AC101472,H00594,Traditional IRA,FIDELITY INVESTMENTS,2012-05-21,2025-08-18
AC101473,H00594,Rollover IRA,Fidelity Institutional,2012-06-03,2025-08-18
AC101474,H00595,Traditional IRA,SCHWAB,2020-09-16,
AC101475,H00595,Inherited IRA,Charles Schwab,2020-09-23,
AC101476,H00596,Traditional IRA,Charles Schwab,2014-12-24,
AC101477,H00596,Traditional IRA,Charles Schwab & Co.,2015-01-01,
AC101478,H00597,Traditional IRA,Fidelity,2018-06-24,2024-02-14
AC101479,H00597,Inherited IRA,SCHWAB,2018-06-30,2024-02-17
AC101480,H00598,Traditional IRA,Fidelity,2022-11-22,
AC101481,H00598,Roth IRA,FIDELITY INVESTMENTS,2022-11-17,
AC101482,H00598,Traditional IRA,FIDELITY INVESTMENTS,2022-11-06,
AC101483,H00598,Traditional IRA,FIDELITY INVESTMENTS,2022-11-15,
AC101484,H00598,Traditional IRA,Fidelity Institutional,2022-11-08,
AC101485,H00599,Individual Taxable,Fidelity Institutional,2017-01-01,
AC101486,H00600,Traditional IRA,Charles Schwab,2014-04-28,
AC101487,H00600,Inherited IRA,Charles Schwab,2014-04-23,
AC101488,H00600,Trust,Charles Schwab,2014-04-17,
AC101489,H00600,Rollover IRA,Charles Schwab & Co.,2014-04-11,
AC101490,H00600,Inherited IRA,SCHWAB,2014-04-19,
AC101491,H00601,Traditional IRA,SCHWAB,2013-07-04,2023-05-16
AC101492,H00602,Traditional IRA,SCHWAB,2022-05-24,
AC101493,H00602,Trust,Schwab,2022-05-27,
AC101494,H00602,Rollover IRA,Charles Schwab,2022-05-19,
AC101495,H00603,Joint Taxable,Fidelity Institutional,2013-04-13,
AC101496,H00603,Traditional IRA,Fidelity Institutional,2013-04-14,
AC101497,H00604,Joint Taxable,Fidelity,2022-05-21,
AC101498,H00604,Trust,FIDELITY INVESTMENTS,2022-05-25,
AC101499,H00605,Traditional IRA,Schwab,2019-10-17,
AC101500,H00605,Traditional IRA,Schwab,2019-10-13,
AC101501,H00606,Joint Taxable,SCHWAB,2018-12-06,
AC101502,H00606,Joint Taxable,Schwab,2018-12-03,
AC101503,H00607,Traditional IRA,Charles Schwab,2018-02-20,
AC101504,H00607,Traditional IRA,Charles Schwab,2018-02-19,
AC101505,H00607,Joint Taxable,Charles Schwab,2018-02-28,
AC101506,H00607,Trust,Charles Schwab,2018-02-28,
AC101507,H00608,Joint Taxable,BNY Pershing,2017-01-01,
AC101508,H00608,Joint Taxable,Pershing,2017-01-15,
AC101509,H00609,Joint Taxable,Charles Schwab,2022-04-21,2024-06-17
AC101510,H00609,Inherited IRA,Charles Schwab,2022-04-24,2024-06-16
AC101511,H00609,Traditional IRA,SCHWAB,2022-04-22,2024-06-18
AC101512,H00609,Joint Taxable,Charles Schwab & Co.,2022-04-26,2024-06-17
AC101513,H00610,Joint Taxable,Charles Schwab,2014-11-26,
AC101514,H00611,Individual Taxable,Fidelity Institutional,2017-11-02,
AC101515,H00611,Roth IRA,Charles Schwab,2017-10-20,
AC101516,H00612,Joint Taxable,Charles Schwab,2010-07-17,
AC101517,H00612,Joint Taxable,Charles Schwab,2010-07-16,
AC101518,H00612,Joint Taxable,SCHWAB,2010-07-10,
AC101519,H00612,Trust,Fidelity Institutional,2010-07-11,
AC101520,H00612,Traditional IRA,SCHWAB,2010-07-23,
AC101521,H00613,Individual Taxable,Charles Schwab,2022-05-01,2025-11-25
AC101522,H00613,Traditional IRA,Charles Schwab & Co.,2022-05-03,2025-11-24
AC101523,H00613,Trust,Charles Schwab,2022-05-15,2025-11-22
AC101524,H00614,Traditional IRA,Schwab,2017-08-20,
AC101525,H00614,529 Plan,Charles Schwab,2017-08-28,
AC101526,H00615,Individual Taxable,Fidelity,2022-04-09,
AC101527,H00615,Inherited IRA,SCHWAB,2022-04-08,
AC101528,H00616,Individual Taxable,SCHWAB,2022-08-26,
AC101529,H00616,Inherited IRA,Fidelity Institutional,2022-08-10,
AC101530,H00617,Traditional IRA,Schwab,2010-04-17,2024-10-20
AC101531,H00617,Roth IRA,Charles Schwab & Co.,2010-04-16,2024-10-23
AC101532,H00618,Joint Taxable,SCHWAB,2022-04-21,
AC101533,H00618,Trust,SCHWAB,2022-04-29,
AC101534,H00619,Individual Taxable,SCHWAB,2009-12-17,2025-01-15
AC101535,H00619,Trust,Charles Schwab & Co.,2009-12-18,2025-01-16
AC101536,H00620,Traditional IRA,FIDELITY INVESTMENTS,2012-05-05,
AC101537,H00620,Trust,Fidelity Institutional,2012-04-30,
AC101538,H00621,Individual Taxable,SCHWAB,2009-09-11,2025-07-22
AC101539,H00622,Individual Taxable,Pershing,2019-10-17,
AC101540,H00622,Traditional IRA,PERSHING LLC,2019-10-08,
AC101541,H00622,Rollover IRA,Pershing,2019-10-08,
AC101542,H00623,Joint Taxable,Charles Schwab,2008-01-11,2023-09-17
AC101543,H00623,Joint Taxable,SCHWAB,2008-01-18,2023-09-16
AC101544,H00623,Rollover IRA,SCHWAB,2008-01-13,2023-09-18
AC101545,H00623,Rollover IRA,Charles Schwab & Co.,2008-01-12,2023-09-18
AC101546,H00624,Traditional IRA,Fidelity,2007-11-12,
AC101547,H00624,Trust,FIDELITY INVESTMENTS,2007-10-29,
AC101548,H00624,Joint Taxable,SCHWAB,2007-11-01,
AC101549,H00625,Traditional IRA,Charles Schwab,2014-04-09,
AC101550,H00625,Traditional IRA,Charles Schwab & Co.,2014-04-17,
AC101551,H00625,Traditional IRA,Charles Schwab,2014-04-17,
AC101552,H00626,Individual Taxable,Fidelity,2021-09-05,
AC101553,H00627,Individual Taxable,Charles Schwab & Co.,2013-11-28,
AC101554,H00627,Traditional IRA,PERSHING LLC,2013-11-16,
AC101555,H00627,Roth IRA,Schwab,2013-11-21,
AC101556,H00628,Joint Taxable,Charles Schwab,2016-12-20,
AC101557,H00628,Joint Taxable,Charles Schwab,2016-12-29,
AC101558,H00629,Joint Taxable,SCHWAB,2022-05-05,2024-10-08
AC101559,H00629,Trust,SCHWAB,2022-05-18,2024-10-10
AC101560,H00629,Traditional IRA,Fidelity,2022-05-11,2024-10-07
AC101561,H00630,Joint Taxable,Charles Schwab & Co.,2016-08-04,
AC101562,H00630,Traditional IRA,Charles Schwab & Co.,2016-07-26,
AC101563,H00631,Joint Taxable,FIDELITY INVESTMENTS,2010-01-14,2024-10-20
AC101564,H00631,Traditional IRA,Fidelity Institutional,2010-01-12,2024-10-16
AC101565,H00631,Joint Taxable,FIDELITY INVESTMENTS,2010-01-14,2024-10-17
AC101566,H00632,Joint Taxable,Schwab,2008-06-25,
AC101567,H00632,Rollover IRA,BNY Pershing,2008-07-03,
AC101568,H00632,Inherited IRA,BNY Pershing,2008-06-27,
AC101569,H00632,Joint Taxable,PERSHING LLC,2008-06-21,
AC101570,H00633,Joint Taxable,Charles Schwab & Co.,2022-04-28,2025-08-12
AC101571,H00634,Traditional IRA,Pershing,2020-02-21,
AC101572,H00634,Trust,BNY Pershing,2020-02-21,
AC101573,H00634,Traditional IRA,Pershing,2020-02-28,
AC101574,H00635,Traditional IRA,Fidelity Institutional,2017-03-18,2025-04-13
AC101575,H00636,Individual Taxable,Charles Schwab,2015-08-14,
AC101576,H00636,Individual Taxable,Charles Schwab,2015-08-14,
AC101577,H00636,Rollover IRA,Charles Schwab & Co.,2015-08-31,
AC101578,H00637,Individual Taxable,Charles Schwab,2007-02-25,2023-08-26
AC101579,H00637,Traditional IRA,SCHWAB,2007-02-27,2023-08-28
AC101580,H00637,Trust,Charles Schwab,2007-02-24,2023-08-28
AC101581,H00638,Joint Taxable,Fidelity,2017-11-21,
AC101582,H00638,Joint Taxable,Schwab,2017-11-28,
AC101583,H00638,Rollover IRA,Fidelity Institutional,2017-11-27,
AC101584,H00639,Traditional IRA,PERSHING LLC,2020-01-17,
AC101585,H00639,Traditional IRA,Charles Schwab,2020-01-06,
AC101586,H00640,Traditional IRA,Charles Schwab,2019-12-24,
AC101587,H00641,Traditional IRA,Charles Schwab & Co.,2022-05-05,
AC101588,H00641,Trust,SCHWAB,2022-05-02,
AC101589,H00641,Inherited IRA,Charles Schwab,2022-04-27,
AC101590,H00642,Joint Taxable,FIDELITY INVESTMENTS,2022-05-05,2023-07-16
AC101591,H00643,Traditional IRA,FIDELITY INVESTMENTS,2006-01-29,
AC101592,H00643,Trust,FIDELITY INVESTMENTS,2006-01-30,
AC101593,H00644,Traditional IRA,Schwab,2008-05-21,
AC101594,H00644,Trust,Charles Schwab & Co.,2008-06-01,
AC101595,H00644,Traditional IRA,Schwab,2008-06-03,
AC101596,H00644,Joint Taxable,Schwab,2008-05-30,
AC101597,H00645,Traditional IRA,SCHWAB,2019-08-15,
AC101598,H00645,Rollover IRA,SCHWAB,2019-08-21,
AC101599,H00646,Joint Taxable,Charles Schwab,2021-04-14,
AC101600,H00646,Trust,Schwab,2021-04-11,
AC101601,H00647,Traditional IRA,Charles Schwab & Co.,2020-10-31,
AC101602,H00647,Rollover IRA,Charles Schwab & Co.,2020-10-17,
AC101603,H00647,Trust,Schwab,2020-11-02,
AC101604,H00648,Traditional IRA,Schwab,2020-06-27,
AC101605,H00648,Inherited IRA,Charles Schwab,2020-06-19,
AC101606,H00649,Joint Taxable,Charles Schwab,2022-03-25,
AC101607,H00650,Individual Taxable,Charles Schwab & Co.,2022-04-17,
AC101608,H00651,Traditional IRA,Schwab,2021-11-17,
AC101609,H00651,Trust,Schwab,2021-12-05,
AC101610,H00652,Traditional IRA,SCHWAB,2021-06-18,2025-07-14
AC101611,H00653,Individual Taxable,Fidelity Institutional,2018-06-18,2025-04-16
AC101612,H00654,Joint Taxable,FIDELITY INVESTMENTS,2020-09-16,
AC101613,H00654,Rollover IRA,Fidelity Institutional,2020-09-22,
AC101614,H00655,Individual Taxable,SCHWAB,2018-04-13,
AC101615,H00655,Roth IRA,SCHWAB,2018-04-14,
AC101616,H00655,Trust,Charles Schwab,2018-04-24,
AC101617,H00656,Traditional IRA,Pershing,2020-09-22,
AC101618,H00657,Individual Taxable,Charles Schwab,2014-11-05,
AC101619,H00658,Joint Taxable,Schwab,2022-06-09,2024-12-15
AC101620,H00658,Rollover IRA,Charles Schwab & Co.,2022-06-08,2024-12-16
AC101621,H00658,Roth IRA,Charles Schwab & Co.,2022-06-07,2024-12-13
AC101622,H00659,Joint Taxable,Charles Schwab,2022-05-13,
AC101623,H00659,Rollover IRA,SCHWAB,2022-05-28,
AC101624,H00660,Individual Taxable,Schwab,2011-12-05,
AC101625,H00660,Rollover IRA,Charles Schwab,2011-12-05,
AC101626,H00660,Rollover IRA,Schwab,2011-12-04,
AC101627,H00661,Joint Taxable,SCHWAB,2022-10-03,
AC101628,H00661,Traditional IRA,SCHWAB,2022-10-03,
AC101629,H00661,Roth IRA,Pershing,2022-10-01,
AC101630,H00662,Traditional IRA,Pershing,2011-10-04,2025-02-24
AC101631,H00662,Trust,BNY Pershing,2011-10-04,2025-02-24
AC101632,H00663,Individual Taxable,SCHWAB,2017-04-17,2024-12-14
AC101633,H00664,Individual Taxable,Charles Schwab,2018-08-06,
AC101634,H00665,Joint Taxable,Charles Schwab & Co.,2020-07-01,
AC101635,H00665,Traditional IRA,Schwab,2020-07-05,
AC101636,H00666,Individual Taxable,Schwab,2019-07-09,
AC101637,H00667,Individual Taxable,Charles Schwab,2016-11-04,
AC101638,H00667,Rollover IRA,Charles Schwab,2016-11-17,
AC101639,H00667,Traditional IRA,Fidelity,2016-11-21,
AC101640,H00667,Roth IRA,Schwab,2016-11-12,
AC101641,H00668,Individual Taxable,Charles Schwab & Co.,2016-10-30,
AC101642,H00668,Trust,SCHWAB,2016-11-14,
AC101643,H00668,Traditional IRA,Charles Schwab & Co.,2016-11-03,
AC101644,H00669,Joint Taxable,BNY Pershing,2013-10-24,
AC101645,H00669,Roth IRA,PERSHING LLC,2013-10-18,
AC101646,H00670,Traditional IRA,FIDELITY INVESTMENTS,2022-06-03,
AC101647,H00671,Joint Taxable,Charles Schwab & Co.,2022-09-16,
AC101648,H00671,Rollover IRA,Charles Schwab & Co.,2022-09-28,
AC101649,H00672,Joint Taxable,Charles Schwab & Co.,2008-09-29,
AC101650,H00672,Trust,Charles Schwab & Co.,2008-09-26,
AC101651,H00673,Joint Taxable,Pershing,2015-02-04,
AC101652,H00673,Rollover IRA,Pershing,2015-02-05,
AC101653,H00674,Traditional IRA,Fidelity Institutional,2022-04-11,
AC101654,H00674,Trust,Fidelity,2022-04-21,
AC101655,H00674,529 Plan,Fidelity,2022-04-16,
AC101656,H00675,Joint Taxable,Pershing,2019-03-15,
AC101657,H00675,Trust,PERSHING LLC,2019-03-08,
AC101658,H00676,Joint Taxable,Charles Schwab & Co.,2009-06-18,
AC101659,H00677,Individual Taxable,Schwab,2015-11-15,2023-10-12
AC101660,H00677,Roth IRA,Schwab,2015-11-04,2023-10-12
AC101661,H00678,Joint Taxable,Fidelity Institutional,2020-06-14,
AC101662,H00679,Traditional IRA,Schwab,2022-05-11,
AC101663,H00679,Individual Taxable,PERSHING LLC,2022-04-26,
AC101664,H00680,Traditional IRA,BNY Pershing,2018-01-19,
AC101665,H00680,Joint Taxable,BNY Pershing,2018-01-12,
AC101666,H00680,Roth IRA,BNY Pershing,2018-01-28,
AC101667,H00680,Traditional IRA,BNY Pershing,2018-01-21,
AC101668,H00681,Individual Taxable,Fidelity Institutional,2022-04-17,
AC101669,H00681,Trust,Fidelity,2022-04-25,
AC101670,H00681,Inherited IRA,Fidelity Institutional,2022-05-01,
AC101671,H00681,Trust,Fidelity,2022-04-21,
AC101672,H00681,Individual Taxable,Fidelity Institutional,2022-04-21,
AC101673,H00682,Traditional IRA,Schwab,2012-05-25,
AC101674,H00682,Traditional IRA,Schwab,2012-06-04,
AC101675,H00682,Roth IRA,Schwab,2012-06-07,
AC101676,H00683,Joint Taxable,BNY Pershing,2015-07-19,
AC101677,H00683,Joint Taxable,Charles Schwab & Co.,2015-07-09,
AC101678,H00683,Trust,Charles Schwab,2015-07-14,
AC101679,H00684,Joint Taxable,Charles Schwab & Co.,2022-05-12,
AC101680,H00684,Roth IRA,SCHWAB,2022-04-28,
AC101681,H00684,Rollover IRA,Schwab,2022-05-01,
AC101682,H00684,Traditional IRA,Charles Schwab,2022-05-06,
AC101683,H00684,Joint Taxable,Schwab,2022-05-09,
AC101684,H00685,Traditional IRA,Schwab,2015-08-26,
AC101685,H00685,Traditional IRA,Charles Schwab & Co.,2015-08-09,
AC101686,H00685,Traditional IRA,SCHWAB,2015-08-18,
AC101687,H00685,Traditional IRA,Charles Schwab,2015-08-25,
AC101688,H00686,Traditional IRA,Fidelity Institutional,2012-04-08,
AC101689,H00686,Traditional IRA,FIDELITY INVESTMENTS,2012-04-06,
AC101690,H00687,Joint Taxable,SCHWAB,2011-03-16,
AC101691,H00687,Roth IRA,Charles Schwab & Co.,2011-03-18,
AC101692,H00687,Joint Taxable,Charles Schwab & Co.,2011-03-21,
AC101693,H00687,Joint Taxable,SCHWAB,2011-03-28,
AC101694,H00688,Traditional IRA,Schwab,2007-04-26,
AC101695,H00688,Traditional IRA,SCHWAB,2007-05-02,
AC101696,H00688,Trust,Schwab,2007-05-09,
AC101697,H00689,Joint Taxable,Charles Schwab,2016-08-01,
AC101698,H00689,Inherited IRA,Schwab,2016-08-03,
AC101699,H00690,Individual Taxable,Charles Schwab,2022-05-03,2025-12-17
AC101700,H00690,Traditional IRA,Charles Schwab & Co.,2022-04-19,2025-12-21
AC101701,H00690,Traditional IRA,Charles Schwab & Co.,2022-04-26,2025-12-20
AC101702,H00690,Roth IRA,Charles Schwab,2022-05-05,2025-12-21
AC101703,H00691,Individual Taxable,Charles Schwab & Co.,2017-09-30,2024-04-19
AC101704,H00691,Traditional IRA,SCHWAB,2017-10-05,2024-04-22
AC101705,H00691,Roth IRA,SCHWAB,2017-10-04,2024-04-23
AC101706,H00691,Rollover IRA,SCHWAB,2017-10-05,2024-04-19
AC101707,H00692,Traditional IRA,Fidelity Institutional,2014-05-05,
AC101708,H00693,Traditional IRA,Fidelity,2022-04-22,2024-08-10
AC101709,H00693,Traditional IRA,Fidelity Institutional,2022-04-12,2024-08-10
AC101710,H00694,Individual Taxable,PERSHING LLC,2020-02-16,
AC101711,H00694,Traditional IRA,BNY Pershing,2020-02-29,
AC101712,H00694,Traditional IRA,Pershing,2020-02-26,
AC101713,H00695,Joint Taxable,Pershing,2020-11-13,
AC101714,H00695,Traditional IRA,BNY Pershing,2020-11-14,
AC101715,H00695,Roth IRA,PERSHING LLC,2020-11-06,
AC101716,H00696,Individual Taxable,Schwab,2020-02-17,
AC101717,H00696,Rollover IRA,Pershing,2020-02-29,
AC101718,H00697,Joint Taxable,BNY Pershing,2022-04-22,2025-03-17
AC101719,H00698,Individual Taxable,PERSHING LLC,2015-01-01,
AC101720,H00699,Joint Taxable,Charles Schwab,2010-11-30,
AC101721,H00699,Rollover IRA,PERSHING LLC,2010-11-24,
AC101722,H00699,Roth IRA,Charles Schwab & Co.,2010-12-04,
AC101723,H00700,Joint Taxable,Charles Schwab & Co.,2021-05-21,
AC101724,H00700,Traditional IRA,Schwab,2021-05-11,
AC101725,H00700,Roth IRA,Charles Schwab,2021-05-29,
AC101726,H00700,Rollover IRA,SCHWAB,2021-05-26,
AC101727,H00701,Joint Taxable,Charles Schwab & Co.,2018-06-10,
AC101728,H00701,Joint Taxable,Charles Schwab & Co.,2018-06-02,
AC101729,H00701,Traditional IRA,Charles Schwab & Co.,2018-06-06,
AC101730,H00701,Traditional IRA,Schwab,2018-06-02,
AC101731,H00701,Trust,Charles Schwab & Co.,2018-06-20,
AC101732,H00702,Individual Taxable,Schwab,2016-12-30,
AC101733,H00702,Traditional IRA,Charles Schwab,2017-01-09,
AC101734,H00702,Traditional IRA,SCHWAB,2017-01-02,
AC101735,H00702,Rollover IRA,Charles Schwab & Co.,2016-12-25,
AC101736,H00702,Individual Taxable,Charles Schwab & Co.,2017-01-09,
AC101737,H00703,Individual Taxable,Fidelity,2019-07-10,2025-01-17
AC101738,H00703,Trust,FIDELITY INVESTMENTS,2019-07-08,2025-01-15
AC101739,H00703,Traditional IRA,FIDELITY INVESTMENTS,2019-06-27,2025-01-18
AC101740,H00703,Inherited IRA,FIDELITY INVESTMENTS,2019-07-12,2025-01-15
AC101741,H00704,Individual Taxable,FIDELITY INVESTMENTS,2022-04-24,
AC101742,H00704,Trust,Fidelity Institutional,2022-04-29,
AC101743,H00704,Traditional IRA,Fidelity,2022-05-02,
AC101744,H00704,Trust,Charles Schwab & Co.,2022-04-21,
AC101745,H00705,Individual Taxable,Fidelity Institutional,2010-06-25,
AC101746,H00705,Roth IRA,Fidelity Institutional,2010-07-01,
AC101747,H00705,Inherited IRA,Fidelity,2010-06-24,
AC101748,H00706,Traditional IRA,BNY Pershing,2021-08-07,
AC101749,H00706,Individual Taxable,PERSHING LLC,2021-07-29,
AC101750,H00707,Joint Taxable,SCHWAB,2022-04-13,
AC101751,H00708,Joint Taxable,Schwab,2022-04-22,
AC101752,H00708,Traditional IRA,Fidelity,2022-04-19,
AC101753,H00709,Individual Taxable,Pershing,2014-03-14,
AC101754,H00709,Traditional IRA,PERSHING LLC,2014-03-10,
AC101755,H00709,Trust,BNY Pershing,2014-03-13,
AC101756,H00710,Traditional IRA,FIDELITY INVESTMENTS,2017-02-13,
AC101757,H00710,Trust,Fidelity,2017-02-16,
AC101758,H00711,Individual Taxable,Fidelity,2021-05-07,2025-04-22
AC101759,H00711,Traditional IRA,FIDELITY INVESTMENTS,2021-05-11,2025-04-19
AC101760,H00711,Traditional IRA,FIDELITY INVESTMENTS,2021-04-30,2025-04-22
AC101761,H00711,Rollover IRA,FIDELITY INVESTMENTS,2021-05-12,2025-04-21
AC101762,H00712,Individual Taxable,BNY Pershing,2018-12-23,
AC101763,H00712,Roth IRA,PERSHING LLC,2018-12-24,
AC101764,H00712,529 Plan,Pershing,2018-12-22,
AC101765,H00713,Traditional IRA,Charles Schwab,2018-05-03,
AC101766,H00713,Roth IRA,Charles Schwab,2018-04-28,
AC101767,H00713,Roth IRA,Charles Schwab & Co.,2018-04-29,
AC101768,H00713,Trust,SCHWAB,2018-05-12,
AC101769,H00713,Inherited IRA,SCHWAB,2018-05-17,
AC101770,H00714,Joint Taxable,SCHWAB,2012-11-06,
AC101771,H00714,Joint Taxable,Charles Schwab & Co.,2012-11-01,
AC101772,H00714,Rollover IRA,SCHWAB,2012-10-19,
AC101773,H00715,Traditional IRA,Charles Schwab & Co.,2015-01-11,2024-03-19
AC101774,H00716,Individual Taxable,Charles Schwab & Co.,2012-10-21,
AC101775,H00716,Individual Taxable,Schwab,2012-10-27,
AC101776,H00717,Traditional IRA,SCHWAB,2018-07-27,
AC101777,H00717,Joint Taxable,Schwab,2018-07-18,
AC101778,H00717,Traditional IRA,Charles Schwab & Co.,2018-07-22,
AC101779,H00718,Traditional IRA,Charles Schwab & Co.,2022-05-05,
AC101780,H00718,Roth IRA,BNY Pershing,2022-05-13,
AC101781,H00718,Roth IRA,Charles Schwab & Co.,2022-05-04,
AC101782,H00719,Individual Taxable,FIDELITY INVESTMENTS,2015-02-12,
AC101783,H00719,Rollover IRA,Charles Schwab,2015-02-04,
AC101784,H00719,Individual Taxable,Schwab,2015-02-02,
AC101785,H00720,Traditional IRA,Fidelity Institutional,2018-10-01,2024-05-22
AC101786,H00720,Inherited IRA,Charles Schwab,2018-10-19,2024-05-21
AC101787,H00720,Trust,Fidelity Institutional,2018-10-04,2024-05-19
AC101788,H00720,Joint Taxable,FIDELITY INVESTMENTS,2018-10-20,2024-05-18
AC101789,H00720,Trust,Fidelity,2018-10-07,2024-05-18
AC101790,H00721,Joint Taxable,BNY Pershing,2017-03-03,
AC101791,H00721,Inherited IRA,Fidelity Institutional,2017-02-28,
AC101792,H00721,Rollover IRA,PERSHING LLC,2017-03-08,
AC101793,H00722,Joint Taxable,Charles Schwab,2014-03-23,2025-06-26
AC101794,H00722,Traditional IRA,Charles Schwab & Co.,2014-04-06,2025-06-29
AC101795,H00723,Joint Taxable,Fidelity,2020-01-01,
AC101796,H00723,Traditional IRA,Charles Schwab,2020-01-15,
AC101797,H00724,Traditional IRA,Fidelity Institutional,2021-07-07,
AC101798,H00724,Rollover IRA,Schwab,2021-06-25,
AC101799,H00724,Traditional IRA,Fidelity Institutional,2021-07-11,
AC101800,H00724,Trust,FIDELITY INVESTMENTS,2021-06-24,
AC101801,H00724,Trust,Fidelity,2021-06-27,
AC101802,H00725,Joint Taxable,Charles Schwab,2009-07-20,
AC101803,H00725,Rollover IRA,Schwab,2009-07-11,
AC101804,H00726,Joint Taxable,Fidelity,2007-10-06,
AC101805,H00726,Rollover IRA,Fidelity,2007-10-03,
AC101806,H00726,Roth IRA,FIDELITY INVESTMENTS,2007-10-02,
AC101807,H00727,Joint Taxable,SCHWAB,2013-10-09,
AC101808,H00727,Inherited IRA,Schwab,2013-10-04,
AC101809,H00728,Traditional IRA,Fidelity,2012-10-31,
AC101810,H00728,Trust,Charles Schwab,2012-10-26,
AC101811,H00728,Roth IRA,Charles Schwab & Co.,2012-10-20,
AC101812,H00729,Joint Taxable,Schwab,2022-03-03,2023-10-21
AC101813,H00729,Rollover IRA,SCHWAB,2022-03-11,2023-10-20
AC101814,H00730,Traditional IRA,SCHWAB,2020-08-17,
AC101815,H00731,Joint Taxable,Fidelity Institutional,2022-05-03,2024-03-26
AC101816,H00731,Trust,PERSHING LLC,2022-04-25,2024-03-28
AC101817,H00732,Joint Taxable,PERSHING LLC,2022-04-28,2023-03-07
AC101818,H00732,Joint Taxable,BNY Pershing,2022-05-08,2023-03-06
AC101819,H00733,Traditional IRA,FIDELITY INVESTMENTS,2013-08-22,
AC101820,H00733,Trust,Fidelity,2013-09-02,
AC101821,H00733,Trust,Pershing,2013-08-31,
AC101822,H00734,Joint Taxable,Fidelity Institutional,2013-09-24,
AC101823,H00735,Joint Taxable,SCHWAB,2020-05-15,
AC101824,H00735,Traditional IRA,Charles Schwab,2020-05-04,
AC101825,H00735,Trust,SCHWAB,2020-05-04,
AC101826,H00735,Traditional IRA,Pershing,2020-05-06,
AC101827,H00736,Joint Taxable,Fidelity,2006-11-22,
AC101828,H00736,Rollover IRA,Schwab,2006-12-04,
AC101829,H00737,Joint Taxable,Fidelity,2016-06-06,
AC101830,H00737,Trust,Pershing,2016-05-28,
AC101831,H00738,Individual Taxable,Charles Schwab & Co.,2010-08-20,
AC101832,H00738,Traditional IRA,Fidelity Institutional,2010-08-21,
AC101833,H00739,Traditional IRA,SCHWAB,2015-09-08,
AC101834,H00739,Traditional IRA,SCHWAB,2015-09-01,
AC101835,H00740,Joint Taxable,Fidelity,2019-09-05,
AC101836,H00741,Joint Taxable,SCHWAB,2015-12-06,
AC101837,H00741,Traditional IRA,Charles Schwab,2015-12-14,
AC101838,H00742,Traditional IRA,SCHWAB,2016-02-13,
AC101839,H00742,Joint Taxable,SCHWAB,2016-02-27,
AC101840,H00742,Rollover IRA,Schwab,2016-02-23,
AC101841,H00743,Individual Taxable,FIDELITY INVESTMENTS,2022-02-21,
AC101842,H00743,Individual Taxable,Fidelity Institutional,2022-02-17,
AC101843,H00744,Individual Taxable,Charles Schwab,2022-02-25,
AC101844,H00744,Traditional IRA,Fidelity Institutional,2022-02-12,
AC101845,H00745,Joint Taxable,Pershing,2019-10-11,2024-11-16
AC101846,H00745,Roth IRA,Charles Schwab & Co.,2019-10-17,2024-11-14
AC101847,H00746,Joint Taxable,SCHWAB,2018-11-11,2025-06-09
AC101848,H00746,Traditional IRA,Charles Schwab,2018-11-18,2025-06-13
AC101849,H00746,Inherited IRA,Schwab,2018-11-16,2025-06-09
AC101850,H00747,Traditional IRA,Schwab,2022-04-29,
AC101851,H00747,Individual Taxable,Charles Schwab & Co.,2022-05-05,
AC101852,H00748,Traditional IRA,Fidelity,2013-05-30,
AC101853,H00748,Trust,Charles Schwab & Co.,2013-05-30,
AC101854,H00748,529 Plan,SCHWAB,2013-05-21,
AC101855,H00748,Trust,Charles Schwab & Co.,2013-06-02,
AC101856,H00748,Rollover IRA,Schwab,2013-06-01,
AC101857,H00749,Individual Taxable,FIDELITY INVESTMENTS,2015-03-05,
AC101858,H00749,Trust,FIDELITY INVESTMENTS,2015-02-24,
AC101859,H00750,Joint Taxable,FIDELITY INVESTMENTS,2016-07-13,
AC101860,H00750,Traditional IRA,FIDELITY INVESTMENTS,2016-07-13,
AC101861,H00750,Traditional IRA,Fidelity Institutional,2016-07-11,
AC101862,H00751,Traditional IRA,Schwab,2009-02-01,
AC101863,H00751,Trust,Charles Schwab & Co.,2009-01-23,
AC101864,H00751,Individual Taxable,Charles Schwab & Co.,2009-01-27,
AC101865,H00751,Trust,Schwab,2009-01-28,
AC101866,H00752,Traditional IRA,BNY Pershing,2013-05-10,
AC101867,H00752,Rollover IRA,Pershing,2013-05-17,
AC101868,H00752,Traditional IRA,BNY Pershing,2013-05-07,
AC101869,H00753,Joint Taxable,SCHWAB,2020-05-11,
AC101870,H00753,Traditional IRA,Schwab,2020-05-04,
AC101871,H00754,Joint Taxable,SCHWAB,2011-03-23,
AC101872,H00755,Joint Taxable,PERSHING LLC,2022-04-19,
AC101873,H00755,Trust,Pershing,2022-04-08,
AC101874,H00756,Individual Taxable,Schwab,2022-04-21,
AC101875,H00757,Joint Taxable,Charles Schwab,2020-12-25,2025-01-12
AC101876,H00757,Traditional IRA,Charles Schwab & Co.,2020-12-24,2025-01-12
AC101877,H00757,Roth IRA,BNY Pershing,2020-12-29,2025-01-13
AC101878,H00758,Joint Taxable,Charles Schwab,2022-06-09,
AC101879,H00758,Roth IRA,SCHWAB,2022-06-19,
AC101880,H00758,Rollover IRA,Charles Schwab,2022-06-14,
AC101881,H00758,Traditional IRA,Charles Schwab & Co.,2022-06-08,
AC101882,H00759,Traditional IRA,Fidelity Institutional,2019-07-20,
AC101883,H00759,Individual Taxable,Fidelity,2019-08-01,
AC101884,H00759,Traditional IRA,FIDELITY INVESTMENTS,2019-07-24,
AC101885,H00760,Traditional IRA,Fidelity,2022-04-06,
AC101886,H00760,Inherited IRA,Fidelity Institutional,2022-04-03,
AC101887,H00761,Joint Taxable,Pershing,2013-08-22,2024-11-20
AC101888,H00761,Traditional IRA,BNY Pershing,2013-08-25,2024-11-19
AC101889,H00761,Traditional IRA,PERSHING LLC,2013-08-30,2024-11-17
AC101890,H00762,Traditional IRA,Schwab,2020-06-21,
AC101891,H00762,Trust,Charles Schwab & Co.,2020-06-17,
AC101892,H00763,Individual Taxable,Pershing,2018-03-14,
AC101893,H00763,Traditional IRA,BNY Pershing,2018-03-10,
AC101894,H00764,Traditional IRA,SCHWAB,2022-05-29,
AC101895,H00764,Traditional IRA,PERSHING LLC,2022-06-02,
AC101896,H00764,Trust,Schwab,2022-05-31,
AC101897,H00764,Trust,Schwab,2022-06-02,
AC101898,H00765,Joint Taxable,Schwab,2015-10-08,
AC101899,H00766,Traditional IRA,Pershing,2019-02-06,
AC101900,H00766,Joint Taxable,PERSHING LLC,2019-02-02,
AC101901,H00767,Individual Taxable,Charles Schwab,2021-07-19,
AC101902,H00767,Rollover IRA,SCHWAB,2021-08-02,
AC101903,H00767,Rollover IRA,Pershing,2021-07-26,
AC101904,H00767,Rollover IRA,Charles Schwab,2021-08-03,
AC101905,H00768,Joint Taxable,Fidelity,2018-10-04,
AC101906,H00769,Traditional IRA,FIDELITY INVESTMENTS,2022-05-18,2024-10-22
AC101907,H00769,Rollover IRA,Fidelity Institutional,2022-05-22,2024-10-23
AC101908,H00769,Rollover IRA,Fidelity Institutional,2022-05-11,2024-10-23
AC101909,H00770,Traditional IRA,FIDELITY INVESTMENTS,2022-04-20,2025-01-24
AC101910,H00770,Traditional IRA,FIDELITY INVESTMENTS,2022-04-12,2025-01-28
AC101911,H00771,Joint Taxable,Schwab,2022-05-27,2023-10-15
AC101912,H00772,Traditional IRA,PERSHING LLC,2022-05-30,
AC101913,H00772,Joint Taxable,BNY Pershing,2022-05-27,
AC101914,H00773,Individual Taxable,Fidelity,2017-06-13,
AC101915,H00773,Individual Taxable,Fidelity,2017-06-06,
AC101916,H00774,Joint Taxable,SCHWAB,2020-05-09,
AC101917,H00774,Traditional IRA,Charles Schwab & Co.,2020-04-30,
AC101918,H00775,Individual Taxable,BNY Pershing,2011-11-08,
AC101919,H00775,Traditional IRA,BNY Pershing,2011-11-05,
AC101920,H00776,Joint Taxable,FIDELITY INVESTMENTS,2022-04-11,
AC101921,H00776,Trust,FIDELITY INVESTMENTS,2022-04-15,
AC101922,H00776,Rollover IRA,Fidelity,2022-04-12,
AC101923,H00776,Trust,FIDELITY INVESTMENTS,2022-04-07,
AC101924,H00776,Inherited IRA,Fidelity,2022-04-12,
AC101925,H00777,Joint Taxable,Charles Schwab & Co.,2011-03-09,2025-10-12
AC101926,H00778,Traditional IRA,SCHWAB,2015-10-03,2024-08-27
AC101927,H00778,Traditional IRA,Charles Schwab,2015-10-11,2024-08-25
AC101928,H00779,Joint Taxable,SCHWAB,2015-04-10,2025-05-15
AC101929,H00779,Traditional IRA,Schwab,2015-04-06,2025-05-15
AC101930,H00779,Rollover IRA,Schwab,2015-04-03,2025-05-12
AC101931,H00780,Traditional IRA,Pershing,2012-04-07,
AC101932,H00780,Trust,PERSHING LLC,2012-04-04,
AC101933,H00780,Trust,BNY Pershing,2012-04-04,
AC101934,H00780,Individual Taxable,Pershing,2012-04-08,
AC101935,H00781,Joint Taxable,Pershing,2016-01-22,
AC101936,H00781,Rollover IRA,BNY Pershing,2016-01-15,
AC101937,H00781,Rollover IRA,PERSHING LLC,2016-01-14,
AC101938,H00781,Traditional IRA,Pershing,2016-01-21,
AC101939,H00781,Traditional IRA,BNY Pershing,2016-01-12,
AC101940,H00782,Individual Taxable,Charles Schwab & Co.,2019-07-20,
AC101941,H00782,Trust,SCHWAB,2019-08-02,
AC101942,H00782,Roth IRA,Schwab,2019-07-28,
AC101943,H00782,Traditional IRA,Charles Schwab,2019-07-26,
AC101944,H00782,Roth IRA,SCHWAB,2019-07-25,
AC101945,H00783,Traditional IRA,Fidelity,2022-05-03,
AC101946,H00783,Traditional IRA,Fidelity,2022-05-14,
AC101947,H00784,Joint Taxable,Fidelity Institutional,2022-04-28,2025-11-08
AC101948,H00785,Joint Taxable,BNY Pershing,2021-06-22,
AC101949,H00785,Roth IRA,PERSHING LLC,2021-06-22,
AC101950,H00786,Joint Taxable,PERSHING LLC,2013-06-08,2025-09-19
AC101951,H00786,Traditional IRA,PERSHING LLC,2013-06-17,2025-09-22
AC101952,H00786,Trust,PERSHING LLC,2013-06-04,2025-09-22
AC101953,H00787,Individual Taxable,FIDELITY INVESTMENTS,2010-10-21,2025-09-17
AC101954,H00787,Roth IRA,FIDELITY INVESTMENTS,2010-10-25,2025-09-16
AC101955,H00787,Traditional IRA,Fidelity Institutional,2010-10-24,2025-09-18
AC101956,H00788,Joint Taxable,SCHWAB,2019-08-07,
AC101957,H00788,Traditional IRA,Schwab,2019-08-21,
AC101958,H00789,Joint Taxable,Charles Schwab & Co.,2020-01-30,
AC101959,H00789,Inherited IRA,SCHWAB,2020-01-26,
AC101960,H00790,Joint Taxable,SCHWAB,2020-04-18,2024-01-24
AC101961,H00790,Rollover IRA,SCHWAB,2020-04-23,2024-01-25
AC101962,H00790,Trust,Charles Schwab & Co.,2020-04-06,2024-01-25
AC101963,H00791,Individual Taxable,SCHWAB,2022-05-06,
AC101964,H00791,Trust,Charles Schwab,2022-05-15,
AC101965,H00792,Joint Taxable,Schwab,2022-01-05,
AC101966,H00792,Roth IRA,Schwab,2022-01-09,
AC101967,H00792,Trust,Charles Schwab,2021-12-22,
AC101968,H00793,Joint Taxable,Fidelity Institutional,2010-10-04,
AC101969,H00793,Traditional IRA,FIDELITY INVESTMENTS,2010-09-30,
AC101970,H00794,Joint Taxable,Charles Schwab & Co.,2021-08-05,
AC101971,H00794,Trust,Schwab,2021-07-30,
AC101972,H00794,Roth IRA,SCHWAB,2021-07-23,
AC101973,H00795,Joint Taxable,PERSHING LLC,2014-08-27,
AC101974,H00796,Traditional IRA,Charles Schwab,2008-11-01,
AC101975,H00796,Joint Taxable,Fidelity,2008-11-02,
AC101976,H00796,Rollover IRA,Fidelity Institutional,2008-10-27,
AC101977,H00796,Trust,Charles Schwab & Co.,2008-10-21,
AC101978,H00796,Roth IRA,Charles Schwab,2008-11-08,
AC101979,H00797,Individual Taxable,SCHWAB,2017-02-16,
AC101980,H00798,Joint Taxable,Pershing,2007-07-23,
AC101981,H00798,Trust,Pershing,2007-07-21,
AC101982,H00798,Traditional IRA,PERSHING LLC,2007-07-24,
AC101983,H00798,Roth IRA,Charles Schwab,2007-07-13,
AC101984,H00799,Individual Taxable,SCHWAB,2010-05-29,
AC101985,H00799,Inherited IRA,SCHWAB,2010-06-08,
AC101986,H00799,Inherited IRA,Charles Schwab & Co.,2010-05-28,
AC101987,H00800,Traditional IRA,Charles Schwab,2012-07-06,
AC101988,H00801,Traditional IRA,SCHWAB,2015-09-07,2025-01-13
AC101989,H00801,Trust,Schwab,2015-09-19,2025-01-16
AC101990,H00802,Joint Taxable,Charles Schwab,2019-10-05,
AC101991,H00802,Trust,Charles Schwab & Co.,2019-10-11,
AC101992,H00803,Joint Taxable,BNY Pershing,2019-07-03,
AC101993,H00803,529 Plan,PERSHING LLC,2019-07-05,
AC101994,H00804,Traditional IRA,Charles Schwab,2017-11-30,
AC101995,H00804,Individual Taxable,Pershing,2017-11-28,
AC101996,H00804,Trust,BNY Pershing,2017-12-07,
AC101997,H00804,Trust,Pershing,2017-12-03,
AC101998,H00805,Joint Taxable,FIDELITY INVESTMENTS,2010-08-24,
AC101999,H00805,Trust,Fidelity,2010-08-19,
AC102000,H00806,Individual Taxable,Charles Schwab & Co.,2015-01-29,
AC102001,H00806,Roth IRA,Schwab,2015-01-18,
AC102002,H00806,Rollover IRA,Schwab,2015-01-21,
AC102003,H00806,Rollover IRA,Schwab,2015-01-15,
AC102004,H00806,Roth IRA,Schwab,2015-01-17,
AC102005,H00807,Individual Taxable,Fidelity Institutional,2022-09-24,
AC102006,H00807,Traditional IRA,Fidelity Institutional,2022-09-30,
AC102007,H00807,Roth IRA,Fidelity Institutional,2022-09-24,
AC102008,H00808,Individual Taxable,BNY Pershing,2011-04-21,
AC102009,H00808,Individual Taxable,Pershing,2011-04-25,
AC102010,H00808,Roth IRA,Fidelity Institutional,2011-04-22,
AC102011,H00808,Trust,Schwab,2011-04-29,
AC102012,H00809,Individual Taxable,Charles Schwab & Co.,2022-08-20,
AC102013,H00809,Traditional IRA,Charles Schwab & Co.,2022-08-15,
AC102014,H00809,Traditional IRA,SCHWAB,2022-08-17,
AC102015,H00810,Joint Taxable,PERSHING LLC,2017-05-05,
AC102016,H00810,Inherited IRA,BNY Pershing,2017-05-05,
AC102017,H00810,Trust,BNY Pershing,2017-05-19,
AC102018,H00811,Traditional IRA,Fidelity Institutional,2009-07-17,
AC102019,H00811,Roth IRA,FIDELITY INVESTMENTS,2009-07-20,
AC102020,H00811,Traditional IRA,Fidelity,2009-07-14,
AC102021,H00812,Traditional IRA,Fidelity Institutional,2020-01-21,
AC102022,H00812,Trust,FIDELITY INVESTMENTS,2020-01-25,
AC102023,H00813,Individual Taxable,SCHWAB,2019-06-21,
AC102024,H00813,Roth IRA,Schwab,2019-06-23,
AC102025,H00814,Traditional IRA,Fidelity,2009-03-24,
AC102026,H00814,Trust,Schwab,2009-03-15,
AC102027,H00814,Joint Taxable,FIDELITY INVESTMENTS,2009-03-14,
AC102028,H00814,Joint Taxable,Fidelity,2009-03-23,
AC102029,H00814,Trust,Fidelity,2009-03-13,
AC102030,H00815,Traditional IRA,Fidelity Institutional,2022-05-03,
AC102031,H00815,Traditional IRA,Fidelity Institutional,2022-04-29,
AC102032,H00816,Joint Taxable,BNY Pershing,2011-06-01,
AC102033,H00817,Individual Taxable,Charles Schwab & Co.,2013-06-13,
AC102034,H00818,Traditional IRA,Fidelity Institutional,2017-08-19,
AC102035,H00818,Trust,Fidelity Institutional,2017-08-28,
AC102036,H00819,Traditional IRA,BNY Pershing,2022-04-23,2023-12-11
AC102037,H00819,Joint Taxable,PERSHING LLC,2022-05-06,2023-12-12
AC102038,H00820,Traditional IRA,BNY Pershing,2016-06-23,
AC102039,H00820,Traditional IRA,BNY Pershing,2016-07-07,
AC102040,H00820,Traditional IRA,Pershing,2016-07-03,
AC102041,H00820,Individual Taxable,PERSHING LLC,2016-07-12,
AC102042,H00820,Traditional IRA,PERSHING LLC,2016-07-09,
AC102043,H00821,Joint Taxable,Charles Schwab,2019-10-25,
AC102044,H00822,Joint Taxable,SCHWAB,2019-12-31,
AC102045,H00822,Traditional IRA,Charles Schwab & Co.,2019-12-23,
AC102046,H00822,Traditional IRA,Schwab,2020-01-02,
AC102047,H00822,Trust,Schwab,2020-01-06,
AC102048,H00822,Inherited IRA,Charles Schwab & Co.,2019-12-31,
AC102049,H00823,Traditional IRA,Charles Schwab,2020-01-30,
AC102050,H00823,Trust,Fidelity Institutional,2020-01-26,
AC102051,H00823,Traditional IRA,Schwab,2020-01-23,
AC102052,H00823,Individual Taxable,Charles Schwab & Co.,2020-02-05,
AC102053,H00823,Trust,Pershing,2020-01-31,
AC102054,H00824,Traditional IRA,Fidelity Institutional,2019-03-06,
AC102055,H00824,Rollover IRA,Fidelity Institutional,2019-03-06,
AC102056,H00824,Trust,Fidelity Institutional,2019-03-03,
AC102057,H00824,Trust,Fidelity Institutional,2019-02-27,
AC102058,H00825,Individual Taxable,SCHWAB,2013-06-07,
AC102059,H00825,Rollover IRA,SCHWAB,2013-06-20,
AC102060,H00826,Traditional IRA,Charles Schwab,2020-03-25,
AC102061,H00826,Traditional IRA,SCHWAB,2020-04-02,
AC102062,H00826,Inherited IRA,Schwab,2020-03-30,
AC102063,H00827,Traditional IRA,Schwab,2012-09-21,
AC102064,H00827,Rollover IRA,Charles Schwab & Co.,2012-09-14,
AC102065,H00827,Roth IRA,Charles Schwab & Co.,2012-09-20,
AC102066,H00828,Joint Taxable,BNY Pershing,2011-09-22,
AC102067,H00828,Joint Taxable,PERSHING LLC,2011-09-10,
AC102068,H00829,Traditional IRA,SCHWAB,2009-05-27,
AC102069,H00829,Roth IRA,PERSHING LLC,2009-06-10,
AC102070,H00829,Rollover IRA,Schwab,2009-06-04,
AC102071,H00830,Individual Taxable,Charles Schwab & Co.,2017-10-05,
AC102072,H00830,Roth IRA,Charles Schwab & Co.,2017-09-29,
AC102073,H00830,Traditional IRA,SCHWAB,2017-10-09,
AC102074,H00831,Traditional IRA,FIDELITY INVESTMENTS,2014-07-09,
AC102075,H00831,Trust,FIDELITY INVESTMENTS,2014-07-18,
AC102076,H00831,Trust,Fidelity,2014-07-16,
AC102077,H00831,Traditional IRA,FIDELITY INVESTMENTS,2014-07-05,
AC102078,H00831,Trust,FIDELITY INVESTMENTS,2014-07-16,
AC102079,H00832,Joint Taxable,FIDELITY INVESTMENTS,2011-01-24,2024-06-09
AC102080,H00832,Joint Taxable,Fidelity,2011-01-26,2024-06-12
AC102081,H00832,Roth IRA,FIDELITY INVESTMENTS,2011-02-10,2024-06-09
AC102082,H00832,Traditional IRA,FIDELITY INVESTMENTS,2011-02-10,2024-06-10
AC102083,H00833,Traditional IRA,Pershing,2010-01-23,
AC102084,H00833,Joint Taxable,Pershing,2010-02-01,
AC102085,H00833,Trust,BNY Pershing,2010-02-03,
AC102086,H00834,Traditional IRA,Charles Schwab,2011-07-31,
AC102087,H00835,Individual Taxable,Schwab,2022-05-11,
AC102088,H00835,Individual Taxable,SCHWAB,2022-05-20,
AC102089,H00836,Joint Taxable,PERSHING LLC,2016-08-27,
AC102090,H00836,Trust,Pershing,2016-09-01,
AC102091,H00836,Traditional IRA,PERSHING LLC,2016-08-30,
AC102092,H00837,Traditional IRA,Charles Schwab,2022-04-27,2025-07-16
AC102093,H00837,Rollover IRA,SCHWAB,2022-04-27,2025-07-13
AC102094,H00837,Inherited IRA,Schwab,2022-04-24,2025-07-16
AC102095,H00838,Individual Taxable,Charles Schwab & Co.,2010-08-01,
AC102096,H00838,Individual Taxable,Fidelity Institutional,2010-08-01,
AC102097,H00838,Trust,Schwab,2010-08-19,
AC102098,H00839,Individual Taxable,Charles Schwab,2012-11-19,
AC102099,H00840,Traditional IRA,Schwab,2021-04-04,2025-12-19
AC102100,H00840,Traditional IRA,Charles Schwab & Co.,2021-04-04,2025-12-17
AC102101,H00841,Traditional IRA,Fidelity,2016-02-17,
AC102102,H00842,Joint Taxable,Fidelity,2022-05-17,
AC102103,H00842,Traditional IRA,Fidelity,2022-05-19,
AC102104,H00842,Trust,Fidelity,2022-05-06,
AC102105,H00842,Traditional IRA,Fidelity,2022-05-11,
AC102106,H00843,Individual Taxable,SCHWAB,2022-05-11,
AC102107,H00843,Trust,SCHWAB,2022-05-27,
AC102108,H00844,Joint Taxable,Fidelity Institutional,2013-11-25,
AC102109,H00844,Traditional IRA,FIDELITY INVESTMENTS,2013-11-21,
AC102110,H00844,Joint Taxable,Fidelity Institutional,2013-11-15,
AC102111,H00844,Roth IRA,Fidelity Institutional,2013-11-27,
AC102112,H00845,Individual Taxable,Charles Schwab & Co.,2021-07-02,2024-11-13
AC102113,H00845,Rollover IRA,Schwab,2021-07-13,2024-11-10
AC102114,H00845,Roth IRA,SCHWAB,2021-07-13,2024-11-10
AC102115,H00846,Traditional IRA,Charles Schwab,2008-04-15,2023-10-12
AC102116,H00846,Joint Taxable,SCHWAB,2008-04-12,2023-10-14
AC102117,H00847,Individual Taxable,Fidelity Institutional,2019-10-18,
AC102118,H00848,Joint Taxable,Fidelity,2018-03-02,
AC102119,H00848,Traditional IRA,Fidelity Institutional,2018-02-24,
AC102120,H00849,Traditional IRA,Charles Schwab & Co.,2022-04-23,
AC102121,H00849,Rollover IRA,Pershing,2022-04-08,
AC102122,H00850,Traditional IRA,Charles Schwab & Co.,2022-10-04,2025-02-11
AC102123,H00850,Trust,Schwab,2022-10-04,2025-02-14
AC102124,H00851,Traditional IRA,Fidelity Institutional,2020-05-29,
AC102125,H00851,Trust,Fidelity Institutional,2020-06-11,
AC102126,H00851,Inherited IRA,Fidelity Institutional,2020-05-26,
AC102127,H00852,Joint Taxable,Pershing,2022-05-17,2025-04-12
AC102128,H00852,Trust,Pershing,2022-04-30,2025-04-15
AC102129,H00852,Traditional IRA,Charles Schwab & Co.,2022-05-13,2025-04-12
AC102130,H00852,529 Plan,Pershing,2022-05-19,2025-04-15
AC102131,H00853,Joint Taxable,SCHWAB,2015-12-18,
AC102132,H00853,Rollover IRA,SCHWAB,2015-12-05,
AC102133,H00853,Traditional IRA,SCHWAB,2015-12-06,
AC102134,H00854,Joint Taxable,Charles Schwab,2022-05-08,
AC102135,H00854,Traditional IRA,Charles Schwab & Co.,2022-05-19,
AC102136,H00854,Rollover IRA,SCHWAB,2022-05-11,
AC102137,H00854,Roth IRA,SCHWAB,2022-05-08,
AC102138,H00855,Traditional IRA,SCHWAB,2017-01-27,
AC102139,H00855,Inherited IRA,Charles Schwab,2017-01-14,
AC102140,H00856,Traditional IRA,Charles Schwab,2021-01-11,
AC102141,H00857,Traditional IRA,Charles Schwab & Co.,2017-07-12,
AC102142,H00857,529 Plan,Charles Schwab & Co.,2017-07-19,
AC102143,H00858,Joint Taxable,Pershing,2016-11-01,
AC102144,H00858,Trust,Schwab,2016-11-05,
AC102145,H00859,Traditional IRA,Schwab,2022-05-15,2025-04-13
AC102146,H00860,Joint Taxable,Schwab,2022-05-15,
AC102147,H00860,Inherited IRA,Schwab,2022-05-28,
AC102148,H00860,Traditional IRA,Schwab,2022-05-21,
AC102149,H00861,Traditional IRA,PERSHING LLC,2022-04-27,
AC102150,H00861,Trust,Charles Schwab,2022-05-04,
AC102151,H00861,Traditional IRA,SCHWAB,2022-05-04,
AC102152,H00862,Traditional IRA,SCHWAB,2022-08-13,
AC102153,H00862,Traditional IRA,Charles Schwab,2022-08-16,
AC102154,H00862,Roth IRA,Charles Schwab,2022-08-22,
AC102155,H00862,Traditional IRA,Charles Schwab & Co.,2022-08-15,
AC102156,H00862,Traditional IRA,Schwab,2022-08-16,
AC102157,H00863,Joint Taxable,Charles Schwab & Co.,2019-08-10,2024-11-11
AC102158,H00863,Trust,Charles Schwab,2019-08-25,2024-11-10
AC102159,H00863,Trust,SCHWAB,2019-08-11,2024-11-07
AC102160,H00863,Joint Taxable,Schwab,2019-08-11,2024-11-09
AC102161,H00864,Joint Taxable,BNY Pershing,2013-12-06,
AC102162,H00864,529 Plan,PERSHING LLC,2013-12-10,
AC102163,H00864,Rollover IRA,BNY Pershing,2013-12-05,
AC102164,H00865,Traditional IRA,Charles Schwab & Co.,2018-10-21,
AC102165,H00865,Rollover IRA,Schwab,2018-10-28,
AC102166,H00866,Traditional IRA,SCHWAB,2021-10-08,
AC102167,H00866,Traditional IRA,Schwab,2021-10-06,
AC102168,H00866,Roth IRA,PERSHING LLC,2021-09-26,
AC102169,H00866,Trust,FIDELITY INVESTMENTS,2021-10-11,
AC102170,H00866,Inherited IRA,SCHWAB,2021-09-26,
AC102171,H00867,Joint Taxable,PERSHING LLC,2018-12-01,
AC102172,H00867,Traditional IRA,PERSHING LLC,2018-11-23,
AC102173,H00867,Trust,BNY Pershing,2018-11-14,
AC102174,H00868,Individual Taxable,FIDELITY INVESTMENTS,2019-06-09,2025-02-14
AC102175,H00868,Traditional IRA,FIDELITY INVESTMENTS,2019-06-05,2025-02-12
AC102176,H00868,Inherited IRA,Fidelity Institutional,2019-06-14,2025-02-12
AC102177,H00869,Individual Taxable,Schwab,2016-06-11,
AC102178,H00869,Rollover IRA,Charles Schwab,2016-06-04,
AC102179,H00870,Individual Taxable,Pershing,2021-09-03,
AC102180,H00870,Rollover IRA,BNY Pershing,2021-09-02,
AC102181,H00870,Traditional IRA,PERSHING LLC,2021-09-07,
AC102182,H00870,Trust,FIDELITY INVESTMENTS,2021-09-09,
AC102183,H00871,Joint Taxable,FIDELITY INVESTMENTS,2019-08-19,
AC102184,H00872,Traditional IRA,Charles Schwab & Co.,2019-01-30,
AC102185,H00872,Traditional IRA,BNY Pershing,2019-02-01,
AC102186,H00873,Traditional IRA,Fidelity Institutional,2012-01-16,
AC102187,H00873,Traditional IRA,FIDELITY INVESTMENTS,2012-01-26,
AC102188,H00873,Inherited IRA,Fidelity Institutional,2012-01-22,
AC102189,H00874,Joint Taxable,Charles Schwab & Co.,2017-02-21,
AC102190,H00874,Trust,Schwab,2017-02-25,
AC102191,H00874,Trust,Schwab,2017-02-09,
AC102192,H00875,Joint Taxable,SCHWAB,2015-06-15,
AC102193,H00875,Traditional IRA,Charles Schwab & Co.,2015-06-21,
AC102194,H00876,Traditional IRA,Charles Schwab,2022-12-06,
AC102195,H00876,Traditional IRA,Charles Schwab,2022-11-24,
AC102196,H00877,Traditional IRA,SCHWAB,2019-07-30,
AC102197,H00877,Traditional IRA,Schwab,2019-07-29,
AC102198,H00878,Joint Taxable,Charles Schwab,2017-01-01,
AC102199,H00878,Rollover IRA,FIDELITY INVESTMENTS,2017-01-07,
AC102200,H00878,Trust,SCHWAB,2017-01-09,
AC102201,H00878,Roth IRA,Charles Schwab & Co.,2017-01-04,
AC102202,H00879,Joint Taxable,Schwab,2016-01-05,
AC102203,H00879,Trust,SCHWAB,2016-01-02,
AC102204,H00879,Traditional IRA,Charles Schwab & Co.,2016-01-02,
AC102205,H00879,Traditional IRA,Schwab,2016-01-13,
AC102206,H00880,Individual Taxable,Fidelity,2009-06-21,
AC102207,H00880,Individual Taxable,Fidelity Institutional,2009-07-01,
AC102208,H00881,Joint Taxable,Schwab,2022-01-01,
AC102209,H00881,Traditional IRA,Schwab,2022-01-06,
AC102210,H00881,Traditional IRA,Charles Schwab,2022-01-02,
AC102211,H00882,Traditional IRA,Pershing,2018-06-10,
AC102212,H00882,Traditional IRA,Fidelity,2018-06-16,
AC102213,H00882,Trust,Fidelity Institutional,2018-06-17,
AC102214,H00883,Joint Taxable,Charles Schwab,2021-12-16,
AC102215,H00883,Roth IRA,Charles Schwab & Co.,2021-12-12,
AC102216,H00884,Individual Taxable,Pershing,2011-02-19,
AC102217,H00884,Trust,PERSHING LLC,2011-02-17,
AC102218,H00884,Traditional IRA,BNY Pershing,2011-03-08,
AC102219,H00884,Roth IRA,Pershing,2011-03-01,
AC102220,H00885,Traditional IRA,Charles Schwab & Co.,2019-05-28,
AC102221,H00885,Roth IRA,Charles Schwab,2019-06-08,
AC102222,H00885,Individual Taxable,Schwab,2019-06-15,
AC102223,H00885,Rollover IRA,Charles Schwab,2019-06-06,
AC102224,H00885,Traditional IRA,Schwab,2019-05-28,
AC102225,H00886,Joint Taxable,Schwab,2020-05-30,2025-08-20
AC102226,H00887,Traditional IRA,SCHWAB,2013-08-04,
AC102227,H00888,Traditional IRA,Fidelity Institutional,2014-07-15,
AC102228,H00888,Individual Taxable,Charles Schwab,2014-07-17,
AC102229,H00889,Joint Taxable,PERSHING LLC,2022-07-18,
AC102230,H00890,Joint Taxable,Charles Schwab & Co.,2015-07-16,
AC102231,H00890,Roth IRA,Charles Schwab & Co.,2015-07-21,
AC102232,H00890,Rollover IRA,SCHWAB,2015-07-23,
AC102233,H00891,Traditional IRA,Schwab,2022-05-19,2023-08-12
AC102234,H00892,Joint Taxable,SCHWAB,2021-12-23,
AC102235,H00892,Trust,PERSHING LLC,2022-01-03,
AC102236,H00892,Traditional IRA,Charles Schwab & Co.,2021-12-30,
AC102237,H00892,Trust,Charles Schwab & Co.,2021-12-26,
AC102238,H00893,Traditional IRA,Charles Schwab,2015-06-15,
AC102239,H00893,Roth IRA,Charles Schwab,2015-06-04,
AC102240,H00894,Joint Taxable,Charles Schwab,2009-02-22,
AC102241,H00894,Traditional IRA,Schwab,2009-02-16,
AC102242,H00894,Roth IRA,Charles Schwab,2009-02-12,
AC102243,H00894,Joint Taxable,SCHWAB,2009-02-15,
AC102244,H00895,Traditional IRA,PERSHING LLC,2021-07-23,
AC102245,H00895,Trust,Schwab,2021-07-17,
AC102246,H00895,Traditional IRA,SCHWAB,2021-08-02,
AC102247,H00896,Traditional IRA,Schwab,2022-08-27,
AC102248,H00896,Rollover IRA,Charles Schwab,2022-09-01,
AC102249,H00897,Joint Taxable,Fidelity,2022-05-16,
AC102250,H00897,Inherited IRA,Fidelity Institutional,2022-05-15,
AC102251,H00897,Trust,Fidelity,2022-05-09,
AC102252,H00898,Individual Taxable,Fidelity Institutional,2019-12-06,
AC102253,H00899,Joint Taxable,Charles Schwab & Co.,2007-06-29,
AC102254,H00900,Joint Taxable,Fidelity,2021-10-26,
AC102255,H00900,Trust,Fidelity,2021-11-11,
AC102256,H00900,Rollover IRA,FIDELITY INVESTMENTS,2021-11-06,
AC102257,H00901,Individual Taxable,Charles Schwab & Co.,2021-10-22,
AC102258,H00901,Inherited IRA,Charles Schwab & Co.,2021-10-26,
AC102259,H00902,Individual Taxable,PERSHING LLC,2016-05-07,
AC102260,H00902,Trust,Pershing,2016-05-06,
AC102261,H00902,Individual Taxable,PERSHING LLC,2016-05-06,
AC102262,H00902,Rollover IRA,BNY Pershing,2016-05-01,
AC102263,H00903,Traditional IRA,Fidelity Institutional,2006-08-29,
AC102264,H00904,Traditional IRA,Fidelity Institutional,2022-03-02,
AC102265,H00904,Inherited IRA,Fidelity Institutional,2022-02-26,
AC102266,H00905,Joint Taxable,BNY Pershing,2013-03-12,
AC102267,H00905,Roth IRA,BNY Pershing,2013-03-02,
AC102268,H00905,Roth IRA,BNY Pershing,2013-02-27,
AC102269,H00905,Traditional IRA,Pershing,2013-03-03,
AC102270,H00906,Individual Taxable,Fidelity Institutional,2019-11-06,
AC102271,H00907,Joint Taxable,Charles Schwab & Co.,2013-02-23,
AC102272,H00907,Traditional IRA,Charles Schwab & Co.,2013-02-10,
AC102273,H00907,Roth IRA,Schwab,2013-02-10,
AC102274,H00908,Joint Taxable,Fidelity Institutional,2019-04-01,
AC102275,H00908,Rollover IRA,FIDELITY INVESTMENTS,2019-04-02,
AC102276,H00909,Joint Taxable,Charles Schwab,2012-07-30,
AC102277,H00909,Roth IRA,Charles Schwab,2012-08-06,
AC102278,H00910,Traditional IRA,SCHWAB,2020-09-16,2025-04-22
AC102279,H00910,Rollover IRA,Schwab,2020-09-29,2025-04-22
AC102280,H00910,529 Plan,Pershing,2020-10-01,2025-04-22
AC102281,H00910,Roth IRA,Charles Schwab,2020-09-19,2025-04-22
AC102282,H00910,Trust,SCHWAB,2020-09-28,2025-04-19
AC102283,H00911,Traditional IRA,BNY Pershing,2014-12-11,
AC102284,H00911,Roth IRA,Charles Schwab,2014-12-03,
AC102285,H00911,Trust,Charles Schwab & Co.,2014-12-10,
AC102286,H00911,Individual Taxable,SCHWAB,2014-12-10,
AC102287,H00912,Joint Taxable,Charles Schwab & Co.,2019-12-03,
AC102288,H00912,Traditional IRA,SCHWAB,2019-12-07,
AC102289,H00912,Joint Taxable,Fidelity,2019-12-08,
AC102290,H00913,Traditional IRA,PERSHING LLC,2014-04-09,2025-06-11
AC102291,H00914,Traditional IRA,Charles Schwab & Co.,2008-05-23,
AC102292,H00914,Trust,Schwab,2008-05-27,
AC102293,H00915,Individual Taxable,PERSHING LLC,2022-03-15,2025-11-28
AC102294,H00915,Trust,SCHWAB,2022-03-02,2025-11-27
AC102295,H00916,Individual Taxable,Fidelity,2022-05-02,
AC102296,H00916,Roth IRA,FIDELITY INVESTMENTS,2022-05-01,
AC102297,H00916,Rollover IRA,Fidelity,2022-05-09,
AC102298,H00917,Traditional IRA,Pershing,2022-05-06,
AC102299,H00917,Traditional IRA,Charles Schwab & Co.,2022-05-18,
AC102300,H00917,Roth IRA,BNY Pershing,2022-05-14,
AC102301,H00918,Joint Taxable,Schwab,2018-03-21,
AC102302,H00918,Traditional IRA,Schwab,2018-04-05,
AC102303,H00919,Individual Taxable,Fidelity,2014-05-21,
AC102304,H00919,Individual Taxable,Fidelity,2014-06-02,
AC102305,H00920,Joint Taxable,Charles Schwab,2014-05-27,
AC102306,H00920,Joint Taxable,Charles Schwab & Co.,2014-05-25,
AC102307,H00920,Trust,Charles Schwab & Co.,2014-06-05,
AC102308,H00921,Traditional IRA,Charles Schwab,2021-07-12,
AC102309,H00921,Roth IRA,Charles Schwab,2021-06-29,
AC102310,H00922,Traditional IRA,SCHWAB,2013-07-14,2025-02-07
AC102311,H00922,Trust,SCHWAB,2013-07-07,2025-02-09
AC102312,H00922,Inherited IRA,Schwab,2013-07-08,2025-02-06
AC102313,H00923,Joint Taxable,Charles Schwab & Co.,2017-08-24,
AC102314,H00924,Traditional IRA,Pershing,2009-08-26,
AC102315,H00924,Trust,BNY Pershing,2009-08-16,
AC102316,H00924,Traditional IRA,Pershing,2009-08-25,
AC102317,H00924,Joint Taxable,PERSHING LLC,2009-08-17,
AC102318,H00925,Traditional IRA,Fidelity,2022-05-22,
AC102319,H00925,Traditional IRA,FIDELITY INVESTMENTS,2022-05-09,
AC102320,H00926,Traditional IRA,Fidelity,2016-07-10,
AC102321,H00926,Rollover IRA,Charles Schwab,2016-07-12,
AC102322,H00926,Trust,Fidelity Institutional,2016-07-08,
AC102323,H00926,529 Plan,FIDELITY INVESTMENTS,2016-07-25,
AC102324,H00927,Joint Taxable,Schwab,2019-07-15,
AC102325,H00927,Traditional IRA,Schwab,2019-07-12,
AC102326,H00928,Traditional IRA,Fidelity,2009-06-09,
AC102327,H00929,Traditional IRA,Schwab,2018-05-13,
AC102328,H00929,Roth IRA,Charles Schwab & Co.,2018-05-16,
AC102329,H00930,Joint Taxable,FIDELITY INVESTMENTS,2022-05-15,2024-12-13
AC102330,H00931,Traditional IRA,Fidelity,2020-09-17,
AC102331,H00931,Rollover IRA,Fidelity,2020-09-17,
AC102332,H00931,Traditional IRA,Fidelity Institutional,2020-09-01,
AC102333,H00931,Joint Taxable,BNY Pershing,2020-09-03,
AC102334,H00932,Joint Taxable,Charles Schwab,2017-02-11,
AC102335,H00933,Traditional IRA,Charles Schwab,2009-01-23,
AC102336,H00933,Rollover IRA,Schwab,2009-01-21,
AC102337,H00933,Traditional IRA,Schwab,2009-01-11,
AC102338,H00934,Joint Taxable,Fidelity Institutional,2016-02-16,
AC102339,H00934,Trust,PERSHING LLC,2016-02-15,
AC102340,H00934,Traditional IRA,FIDELITY INVESTMENTS,2016-02-21,
AC102341,H00935,Traditional IRA,Charles Schwab & Co.,2015-01-27,
AC102342,H00936,Joint Taxable,Charles Schwab & Co.,2013-02-08,
AC102343,H00936,Joint Taxable,Charles Schwab & Co.,2013-01-25,
AC102344,H00937,Joint Taxable,SCHWAB,2005-12-30,
AC102345,H00937,Roth IRA,Charles Schwab,2005-12-28,
AC102346,H00938,Individual Taxable,Schwab,2018-02-23,
AC102347,H00938,Roth IRA,Charles Schwab & Co.,2018-02-19,
AC102348,H00939,Traditional IRA,Charles Schwab & Co.,2017-01-02,
AC102349,H00939,Traditional IRA,Charles Schwab,2016-12-24,
AC102350,H00940,Traditional IRA,SCHWAB,2022-02-16,
AC102351,H00940,Roth IRA,Charles Schwab & Co.,2022-02-21,
AC102352,H00941,Joint Taxable,Fidelity,2016-09-29,
AC102353,H00941,Roth IRA,Fidelity,2016-09-22,
AC102354,H00942,Traditional IRA,Fidelity,2019-04-27,
AC102355,H00942,Individual Taxable,Fidelity,2019-04-27,
AC102356,H00942,Individual Taxable,Fidelity Institutional,2019-04-28,
AC102357,H00942,Roth IRA,Fidelity,2019-04-20,
AC102358,H00942,Rollover IRA,Fidelity Institutional,2019-05-02,
AC102359,H00943,Joint Taxable,Schwab,2020-08-01,
AC102360,H00943,Traditional IRA,Schwab,2020-08-17,
AC102361,H00944,Traditional IRA,Fidelity,2015-09-06,
AC102362,H00944,Traditional IRA,PERSHING LLC,2015-09-18,
AC102363,H00944,Traditional IRA,SCHWAB,2015-09-11,
AC102364,H00944,Rollover IRA,SCHWAB,2015-09-06,
AC102365,H00944,Roth IRA,PERSHING LLC,2015-09-03,
AC102366,H00945,Traditional IRA,FIDELITY INVESTMENTS,2014-04-04,
AC102367,H00945,Joint Taxable,PERSHING LLC,2014-04-21,
AC102368,H00946,Joint Taxable,Charles Schwab,2010-09-24,
AC102369,H00947,Individual Taxable,Charles Schwab & Co.,2011-01-07,
AC102370,H00947,Roth IRA,SCHWAB,2010-12-21,
AC102371,H00947,Roth IRA,Charles Schwab,2011-01-06,
AC102372,H00947,529 Plan,Charles Schwab,2010-12-27,
AC102373,H00947,Roth IRA,Charles Schwab,2010-12-28,
AC102374,H00948,Joint Taxable,Charles Schwab,2016-07-20,
AC102375,H00948,Trust,Schwab,2016-07-09,
AC102376,H00948,Traditional IRA,SCHWAB,2016-07-09,
AC102377,H00949,Traditional IRA,Fidelity Institutional,2017-04-22,2025-05-11
AC102378,H00950,Joint Taxable,Fidelity,2019-09-28,
AC102379,H00950,Rollover IRA,Fidelity Institutional,2019-09-29,
AC102380,H00950,Trust,Fidelity Institutional,2019-09-12,
AC102381,H00951,Traditional IRA,SCHWAB,2022-04-10,
AC102382,H00951,Individual Taxable,SCHWAB,2022-04-06,
AC102383,H00951,Roth IRA,Charles Schwab & Co.,2022-04-13,
AC102384,H00952,Traditional IRA,Pershing,2022-12-01,
AC102385,H00953,Joint Taxable,SCHWAB,2019-03-21,
AC102386,H00953,Rollover IRA,Charles Schwab & Co.,2019-03-25,
AC102387,H00953,Trust,Charles Schwab & Co.,2019-03-28,
AC102388,H00953,Roth IRA,Pershing,2019-03-17,
AC102389,H00953,Traditional IRA,Charles Schwab & Co.,2019-04-02,
AC102390,H00954,Traditional IRA,SCHWAB,2015-03-18,
AC102391,H00954,Rollover IRA,SCHWAB,2015-03-07,
AC102392,H00954,Roth IRA,Schwab,2015-03-05,
AC102393,H00955,Individual Taxable,Fidelity Institutional,2014-01-25,
AC102394,H00955,Traditional IRA,Fidelity,2014-01-27,
AC102395,H00955,Traditional IRA,Fidelity Institutional,2014-01-29,
AC102396,H00955,Individual Taxable,Fidelity,2014-01-31,
AC102397,H00956,Individual Taxable,Schwab,2022-07-21,
AC102398,H00957,Traditional IRA,SCHWAB,2018-05-15,
AC102399,H00957,Trust,Pershing,2018-05-10,
AC102400,H00957,Roth IRA,Fidelity,2018-05-03,
AC102401,H00957,Joint Taxable,Schwab,2018-05-16,
AC102402,H00957,Trust,SCHWAB,2018-05-11,
AC102403,H00958,Joint Taxable,Charles Schwab & Co.,2012-02-03,
AC102404,H00958,Trust,Charles Schwab & Co.,2012-02-15,
AC102405,H00958,Rollover IRA,Charles Schwab & Co.,2012-01-30,
AC102406,H00959,Individual Taxable,FIDELITY INVESTMENTS,2018-12-30,
AC102407,H00960,Individual Taxable,FIDELITY INVESTMENTS,2020-08-17,2025-11-22
AC102408,H00960,Individual Taxable,Fidelity Institutional,2020-09-04,2025-11-25
AC102409,H00960,Traditional IRA,Schwab,2020-08-28,2025-11-22
AC102410,H00960,Traditional IRA,FIDELITY INVESTMENTS,2020-08-20,2025-11-24
AC102411,H00960,Individual Taxable,FIDELITY INVESTMENTS,2020-08-22,2025-11-23
AC102412,H00961,Individual Taxable,Charles Schwab,2015-07-01,
AC102413,H00961,Trust,Charles Schwab & Co.,2015-06-15,
AC102414,H00962,Traditional IRA,BNY Pershing,2016-04-03,
AC102415,H00962,Traditional IRA,BNY Pershing,2016-03-25,
AC102416,H00962,Traditional IRA,Pershing,2016-04-10,
AC102417,H00962,Traditional IRA,Charles Schwab & Co.,2016-04-10,
AC102418,H00963,Joint Taxable,Fidelity Institutional,2017-05-25,
AC102419,H00963,Joint Taxable,FIDELITY INVESTMENTS,2017-05-29,
AC102420,H00964,Traditional IRA,Fidelity Institutional,2022-04-15,
AC102421,H00965,Individual Taxable,Charles Schwab & Co.,2021-12-04,
AC102422,H00965,Roth IRA,Schwab,2021-12-15,
AC102423,H00965,Traditional IRA,Charles Schwab,2021-11-29,
AC102424,H00966,Joint Taxable,Fidelity Institutional,2020-02-01,
AC102425,H00966,Traditional IRA,FIDELITY INVESTMENTS,2020-01-29,
AC102426,H00966,Rollover IRA,Fidelity Institutional,2020-02-11,
AC102427,H00967,Individual Taxable,Charles Schwab & Co.,2022-02-17,2024-07-16
AC102428,H00967,Individual Taxable,Fidelity Institutional,2022-02-16,2024-07-18
AC102429,H00967,Trust,Charles Schwab & Co.,2022-02-28,2024-07-19
AC102430,H00967,Trust,SCHWAB,2022-02-13,2024-07-16
AC102431,H00967,Inherited IRA,Schwab,2022-02-14,2024-07-15
AC102432,H00968,Traditional IRA,Fidelity Institutional,2021-02-18,2024-12-12
AC102433,H00968,Inherited IRA,FIDELITY INVESTMENTS,2021-02-07,2024-12-16
AC102434,H00969,Individual Taxable,Charles Schwab,2021-08-31,
AC102435,H00969,Individual Taxable,Charles Schwab,2021-08-23,
AC102436,H00969,Trust,Charles Schwab,2021-08-20,
AC102437,H00969,Traditional IRA,Charles Schwab & Co.,2021-09-01,
AC102438,H00970,Joint Taxable,FIDELITY INVESTMENTS,2015-12-30,2025-07-26
AC102439,H00970,Trust,Charles Schwab & Co.,2016-01-09,2025-07-26
AC102440,H00971,Traditional IRA,Charles Schwab & Co.,2019-08-15,2025-10-22
AC102441,H00971,Individual Taxable,Charles Schwab,2019-08-03,2025-10-22
AC102442,H00971,Rollover IRA,SCHWAB,2019-07-31,2025-10-20
AC102443,H00972,Individual Taxable,FIDELITY INVESTMENTS,2011-05-14,
AC102444,H00972,Rollover IRA,FIDELITY INVESTMENTS,2011-05-21,
AC102445,H00972,Individual Taxable,Fidelity,2011-06-01,
AC102446,H00972,Traditional IRA,FIDELITY INVESTMENTS,2011-05-16,
AC102447,H00972,Trust,Fidelity,2011-05-30,
AC102448,H00973,Traditional IRA,Charles Schwab,2015-06-14,
AC102449,H00973,Joint Taxable,Schwab,2015-06-19,
AC102450,H00973,Traditional IRA,Charles Schwab & Co.,2015-06-25,
AC102451,H00974,Traditional IRA,SCHWAB,2021-10-03,
AC102452,H00975,Joint Taxable,Schwab,2015-03-16,
AC102453,H00975,Inherited IRA,SCHWAB,2015-02-26,
AC102454,H00976,Joint Taxable,Fidelity,2012-03-23,
AC102455,H00976,Joint Taxable,Charles Schwab,2012-03-21,
AC102456,H00976,Traditional IRA,SCHWAB,2012-03-19,
AC102457,H00977,Traditional IRA,Charles Schwab,2018-12-05,
AC102458,H00977,Joint Taxable,Charles Schwab,2018-12-03,
AC102459,H00977,Trust,BNY Pershing,2018-11-26,
AC102460,H00977,Joint Taxable,SCHWAB,2018-12-03,
AC102461,H00978,Joint Taxable,SCHWAB,2019-10-25,2024-01-21
AC102462,H00978,Rollover IRA,Charles Schwab,2019-10-29,2024-01-22
AC102463,H00979,Traditional IRA,Pershing,2022-05-12,
AC102464,H00979,Trust,Pershing,2022-05-11,
AC102465,H00979,Individual Taxable,BNY Pershing,2022-05-14,
AC102466,H00980,Individual Taxable,BNY Pershing,2017-03-10,2024-03-27
AC102467,H00981,Traditional IRA,SCHWAB,2019-02-03,
AC102468,H00981,Joint Taxable,Charles Schwab & Co.,2019-01-27,
AC102469,H00981,Trust,Schwab,2019-02-05,
AC102470,H00982,Joint Taxable,Fidelity,2016-03-25,
AC102471,H00982,Rollover IRA,FIDELITY INVESTMENTS,2016-03-11,
AC102472,H00983,Joint Taxable,Schwab,2014-08-22,
AC102473,H00983,Traditional IRA,Charles Schwab & Co.,2014-09-04,
AC102474,H00983,Roth IRA,Fidelity,2014-09-05,
AC102475,H00984,Traditional IRA,SCHWAB,2021-01-27,2025-01-15
AC102476,H00984,Traditional IRA,Charles Schwab & Co.,2021-02-09,2025-01-13
AC102477,H00984,Rollover IRA,SCHWAB,2021-01-26,2025-01-14
AC102478,H00985,Joint Taxable,SCHWAB,2022-03-06,
AC102479,H00985,Roth IRA,SCHWAB,2022-02-18,
AC102480,H00985,Traditional IRA,FIDELITY INVESTMENTS,2022-02-26,
AC102481,H00985,Traditional IRA,Charles Schwab,2022-02-18,
AC102482,H00986,Traditional IRA,SCHWAB,2016-04-11,
AC102483,H00986,Trust,SCHWAB,2016-04-16,
AC102484,H00987,Traditional IRA,BNY Pershing,2017-08-03,
AC102485,H00987,529 Plan,Pershing,2017-08-12,
AC102486,H00987,Traditional IRA,Fidelity Institutional,2017-07-31,
AC102487,H00987,Traditional IRA,Pershing,2017-08-11,
AC102488,H00987,Joint Taxable,BNY Pershing,2017-08-05,
AC102489,H00988,Individual Taxable,SCHWAB,2015-07-08,
AC102490,H00988,Roth IRA,Charles Schwab,2015-07-14,
AC102491,H00988,Traditional IRA,SCHWAB,2015-07-13,
AC102492,H00989,Joint Taxable,Charles Schwab & Co.,2012-09-07,
AC102493,H00990,Traditional IRA,Schwab,2021-09-14,
AC102494,H00990,Traditional IRA,Charles Schwab & Co.,2021-09-12,
AC102495,H00991,Traditional IRA,Charles Schwab & Co.,2020-05-18,2023-05-25
AC102496,H00991,Traditional IRA,Charles Schwab & Co.,2020-05-15,2023-05-24
AC102497,H00991,Roth IRA,Schwab,2020-05-10,2023-05-24
AC102498,H00992,Traditional IRA,SCHWAB,2021-10-02,
AC102499,H00992,Rollover IRA,Schwab,2021-10-12,
AC102500,H00992,Roth IRA,Schwab,2021-10-02,
AC102501,H00992,Traditional IRA,Schwab,2021-10-14,
AC102502,H00993,Individual Taxable,Fidelity,2013-07-17,
AC102503,H00993,Individual Taxable,Fidelity Institutional,2013-07-14,
AC102504,H00994,Traditional IRA,BNY Pershing,2022-06-17,
AC102505,H00994,Individual Taxable,Pershing,2022-06-23,
AC102506,H00995,Joint Taxable,Schwab,2008-02-11,
AC102507,H00995,Joint Taxable,Charles Schwab,2008-02-11,
AC102508,H00996,Individual Taxable,Fidelity,2010-12-05,
AC102509,H00996,Trust,Fidelity Institutional,2010-12-01,
AC102510,H00997,Individual Taxable,SCHWAB,2015-09-25,
AC102511,H00997,Roth IRA,SCHWAB,2015-10-02,
AC102512,H00998,Joint Taxable,PERSHING LLC,2013-10-06,
AC102513,H00998,Trust,BNY Pershing,2013-10-09,
AC102514,H00999,Individual Taxable,Fidelity Institutional,2022-05-04,2024-04-27
AC102515,H01000,Traditional IRA,Fidelity,2013-09-29,
AC102516,H01001,Traditional IRA,FIDELITY INVESTMENTS,2012-01-07,
AC102517,H01002,Traditional IRA,PERSHING LLC,2022-02-27,
AC102518,H01003,Joint Taxable,Schwab,2022-06-22,
AC102519,H01003,Traditional IRA,Charles Schwab,2022-06-27,
AC102520,H01003,Traditional IRA,Charles Schwab,2022-06-30,
AC102521,H01004,Traditional IRA,PERSHING LLC,2018-03-04,
AC102522,H01004,Joint Taxable,Pershing,2018-03-09,
AC102523,H01005,Traditional IRA,SCHWAB,2013-07-11,
AC102524,H01005,Traditional IRA,Fidelity,2013-07-03,
AC102525,H01005,Rollover IRA,Schwab,2013-07-15,
AC102526,H01006,Traditional IRA,Charles Schwab & Co.,2007-02-14,
AC102527,H01007,Joint Taxable,FIDELITY INVESTMENTS,2021-06-01,
AC102528,H01007,Traditional IRA,Fidelity,2021-05-29,
AC102529,H01008,Traditional IRA,Fidelity,2022-05-17,
AC102530,H01008,Traditional IRA,PERSHING LLC,2022-05-14,
AC102531,H01008,Traditional IRA,BNY Pershing,2022-05-16,
AC102532,H01009,Individual Taxable,Charles Schwab,2009-11-21,
AC102533,H01009,Roth IRA,SCHWAB,2009-11-25,
AC102534,H01009,Roth IRA,Charles Schwab & Co.,2009-11-24,
AC102535,H01009,Traditional IRA,SCHWAB,2009-11-11,
AC102536,H01010,Traditional IRA,Fidelity Institutional,2022-04-26,
AC102537,H01010,Traditional IRA,Fidelity Institutional,2022-04-15,
AC102538,H01011,Traditional IRA,Fidelity,2014-08-01,2023-11-14
AC102539,H01011,Individual Taxable,Schwab,2014-08-10,2023-11-13
AC102540,H01012,Joint Taxable,FIDELITY INVESTMENTS,2019-09-20,
AC102541,H01012,Joint Taxable,Fidelity,2019-09-15,
AC102542,H01012,Traditional IRA,Fidelity,2019-09-09,
AC102543,H01013,Traditional IRA,Charles Schwab,2013-06-08,2025-01-20
AC102544,H01013,Inherited IRA,Charles Schwab & Co.,2013-05-30,2025-01-21
AC102545,H01014,Individual Taxable,Fidelity Institutional,2022-04-21,
AC102546,H01014,Individual Taxable,PERSHING LLC,2022-04-08,
AC102547,H01014,Inherited IRA,Pershing,2022-04-19,
AC102548,H01014,Traditional IRA,BNY Pershing,2022-04-23,
AC102549,H01015,Joint Taxable,Schwab,2022-05-03,2024-10-13
AC102550,H01015,Joint Taxable,Charles Schwab & Co.,2022-05-04,2024-10-11
AC102551,H01015,Traditional IRA,Schwab,2022-05-14,2024-10-10
AC102552,H01015,Rollover IRA,PERSHING LLC,2022-05-11,2024-10-11
AC102553,H01016,Traditional IRA,Fidelity Institutional,2022-05-15,
AC102554,H01017,Traditional IRA,Schwab,2012-01-21,2024-04-22
AC102555,H01018,Joint Taxable,Fidelity Institutional,2022-04-26,2023-11-10
AC102556,H01019,Traditional IRA,Fidelity Institutional,2019-03-08,
AC102557,H01019,Traditional IRA,Fidelity Institutional,2019-03-06,
AC102558,H01020,Joint Taxable,FIDELITY INVESTMENTS,2015-06-16,
AC102559,H01021,Joint Taxable,PERSHING LLC,2016-12-08,2025-05-23
AC102560,H01021,Traditional IRA,BNY Pershing,2016-12-23,2025-05-23
AC102561,H01021,Inherited IRA,Pershing,2016-12-09,2025-05-22
AC102562,H01022,Joint Taxable,Schwab,2007-04-20,
AC102563,H01022,Traditional IRA,Charles Schwab,2007-04-26,
AC102564,H01022,Roth IRA,Charles Schwab,2007-04-15,
AC102565,H01022,Traditional IRA,Charles Schwab & Co.,2007-04-25,
AC102566,H01022,Roth IRA,Charles Schwab,2007-04-17,
AC102567,H01023,Individual Taxable,BNY Pershing,2017-06-14,2025-02-16
AC102568,H01024,Individual Taxable,Fidelity,2017-07-30,2024-04-17
AC102569,H01024,Trust,Charles Schwab,2017-08-03,2024-04-17
AC102570,H01024,Inherited IRA,FIDELITY INVESTMENTS,2017-08-06,2024-04-16
AC102571,H01025,Traditional IRA,Pershing,2017-07-31,
AC102572,H01025,Rollover IRA,PERSHING LLC,2017-08-07,
AC102573,H01025,Traditional IRA,Schwab,2017-07-23,
AC102574,H01025,Rollover IRA,PERSHING LLC,2017-07-29,
AC102575,H01026,Joint Taxable,FIDELITY INVESTMENTS,2016-06-17,
AC102576,H01027,Traditional IRA,Pershing,2022-07-22,
AC102577,H01028,Individual Taxable,Pershing,2021-09-26,2024-06-19
AC102578,H01028,529 Plan,Pershing,2021-09-20,2024-06-18
AC102579,H01029,Joint Taxable,Charles Schwab,2022-05-20,
AC102580,H01029,Traditional IRA,FIDELITY INVESTMENTS,2022-05-07,
AC102581,H01029,529 Plan,Fidelity,2022-05-09,
AC102582,H01029,Roth IRA,Fidelity,2022-05-10,
AC102583,H01030,Traditional IRA,Fidelity,2019-04-20,
AC102584,H01030,Joint Taxable,Fidelity,2019-04-28,
AC102585,H01030,Roth IRA,FIDELITY INVESTMENTS,2019-04-25,
AC102586,H01030,Joint Taxable,Fidelity,2019-04-30,
AC102587,H01031,Joint Taxable,Schwab,2021-04-17,
AC102588,H01031,Roth IRA,Charles Schwab,2021-04-24,
AC102589,H01031,Traditional IRA,SCHWAB,2021-04-18,
AC102590,H01032,Joint Taxable,Schwab,2017-09-22,
AC102591,H01032,Joint Taxable,Charles Schwab & Co.,2017-09-10,
AC102592,H01032,Roth IRA,SCHWAB,2017-09-26,
AC102593,H01033,Joint Taxable,Charles Schwab,2020-05-07,
AC102594,H01033,Inherited IRA,Charles Schwab & Co.,2020-04-24,
AC102595,H01034,Joint Taxable,Schwab,2015-09-08,2024-11-21
AC102596,H01034,Traditional IRA,Charles Schwab,2015-09-10,2024-11-19
AC102597,H01035,Joint Taxable,SCHWAB,2018-03-08,
AC102598,H01036,Individual Taxable,Schwab,2019-02-05,
AC102599,H01036,Traditional IRA,Charles Schwab & Co.,2019-02-04,
AC102600,H01036,Roth IRA,Schwab,2019-02-05,
AC102601,H01037,Joint Taxable,Charles Schwab & Co.,2018-12-04,
AC102602,H01038,Joint Taxable,Charles Schwab,2015-10-12,
AC102603,H01038,Roth IRA,SCHWAB,2015-10-29,
AC102604,H01038,Roth IRA,SCHWAB,2015-10-25,
AC102605,H01039,Individual Taxable,FIDELITY INVESTMENTS,2015-06-14,
AC102606,H01039,Individual Taxable,PERSHING LLC,2015-06-12,
AC102607,H01039,Traditional IRA,Fidelity Institutional,2015-05-30,
AC102608,H01039,529 Plan,Fidelity,2015-06-07,
AC102609,H01039,Traditional IRA,Fidelity Institutional,2015-05-30,
AC102610,H01040,Traditional IRA,Charles Schwab,2022-04-28,
AC102611,H01040,Rollover IRA,Charles Schwab,2022-04-21,
AC102612,H01040,Traditional IRA,SCHWAB,2022-04-15,
AC102613,H01041,Traditional IRA,Fidelity,2020-09-25,
AC102614,H01041,Trust,Schwab,2020-09-25,
AC102615,H01042,Traditional IRA,SCHWAB,2015-09-07,
AC102616,H01043,Traditional IRA,FIDELITY INVESTMENTS,2016-10-27,
AC102617,H01043,Traditional IRA,FIDELITY INVESTMENTS,2016-11-04,
AC102618,H01044,Traditional IRA,BNY Pershing,2022-05-05,
AC102619,H01044,Traditional IRA,Pershing,2022-04-28,
AC102620,H01045,Traditional IRA,Fidelity,2008-03-21,
AC102621,H01045,Trust,Fidelity,2008-03-14,
AC102622,H01046,Joint Taxable,SCHWAB,2022-04-05,2025-04-19
AC102623,H01046,Trust,Schwab,2022-04-16,2025-04-22
AC102624,H01047,Individual Taxable,Charles Schwab,2018-07-25,
AC102625,H01047,Traditional IRA,Schwab,2018-07-17,
AC102626,H01048,Joint Taxable,BNY Pershing,2021-11-03,
AC102627,H01048,Trust,Charles Schwab & Co.,2021-11-05,
AC102628,H01049,Joint Taxable,Fidelity,2020-11-29,2024-11-14
AC102629,H01049,Traditional IRA,Charles Schwab,2020-11-21,2024-11-14
AC102630,H01050,Individual Taxable,Fidelity Institutional,2022-04-06,2024-02-15
AC102631,H01050,Trust,FIDELITY INVESTMENTS,2022-04-12,2024-02-12
AC102632,H01050,Trust,FIDELITY INVESTMENTS,2022-04-22,2024-02-12
AC102633,H01051,Traditional IRA,Fidelity Institutional,2022-08-27,
AC102634,H01052,Joint Taxable,Charles Schwab,2015-08-08,
AC102635,H01052,Traditional IRA,Schwab,2015-08-10,
AC102636,H01052,Traditional IRA,SCHWAB,2015-08-05,
AC102637,H01053,Joint Taxable,Charles Schwab & Co.,2018-03-26,
AC102638,H01053,Traditional IRA,Charles Schwab & Co.,2018-03-17,
AC102639,H01053,Traditional IRA,Schwab,2018-03-24,
AC102640,H01054,Traditional IRA,Fidelity Institutional,2013-06-11,
AC102641,H01054,Rollover IRA,Fidelity Institutional,2013-06-14,
AC102642,H01055,Joint Taxable,Pershing,2020-10-02,
AC102643,H01055,Roth IRA,Pershing,2020-10-07,
AC102644,H01056,Traditional IRA,Fidelity Institutional,2015-11-28,
AC102645,H01056,Trust,Fidelity,2015-12-11,
AC102646,H01056,Inherited IRA,PERSHING LLC,2015-12-03,
AC102647,H01056,Traditional IRA,FIDELITY INVESTMENTS,2015-11-30,
AC102648,H01057,Traditional IRA,Fidelity Institutional,2016-08-17,2024-11-08
AC102649,H01057,Individual Taxable,Fidelity,2016-08-22,2024-11-07
AC102650,H01058,Joint Taxable,FIDELITY INVESTMENTS,2010-05-26,
AC102651,H01058,Joint Taxable,Fidelity Institutional,2010-05-27,
AC102652,H01059,Traditional IRA,Charles Schwab,2014-11-04,
AC102653,H01059,Roth IRA,Charles Schwab & Co.,2014-10-22,
AC102654,H01060,Joint Taxable,Pershing,2015-12-24,2025-01-13
AC102655,H01061,Traditional IRA,Fidelity,2015-02-08,
AC102656,H01061,Inherited IRA,Fidelity,2015-02-10,
AC102657,H01061,Inherited IRA,Fidelity Institutional,2015-02-08,
AC102658,H01061,Individual Taxable,Fidelity Institutional,2015-02-13,
AC102659,H01061,Traditional IRA,Fidelity,2015-02-13,
AC102660,H01062,Joint Taxable,Fidelity,2016-04-17,2024-11-21
AC102661,H01063,Joint Taxable,FIDELITY INVESTMENTS,2016-12-09,
AC102662,H01063,Rollover IRA,Fidelity Institutional,2016-12-06,
AC102663,H01064,Joint Taxable,BNY Pershing,2022-05-21,
AC102664,H01064,Rollover IRA,BNY Pershing,2022-05-15,
AC102665,H01064,Trust,BNY Pershing,2022-05-21,
AC102666,H01065,Traditional IRA,BNY Pershing,2013-09-14,
AC102667,H01065,Roth IRA,Schwab,2013-09-16,
AC102668,H01065,Trust,Pershing,2013-09-10,
AC102669,H01066,Traditional IRA,Charles Schwab,2020-01-10,
AC102670,H01066,Joint Taxable,SCHWAB,2019-12-28,
AC102671,H01067,Joint Taxable,Schwab,2022-12-19,
AC102672,H01067,Roth IRA,Schwab,2022-12-17,
AC102673,H01068,Joint Taxable,FIDELITY INVESTMENTS,2014-08-09,
AC102674,H01068,Joint Taxable,Schwab,2014-08-14,
AC102675,H01068,Joint Taxable,Schwab,2014-08-11,
AC102676,H01069,Joint Taxable,Pershing,2014-12-04,
AC102677,H01070,Joint Taxable,Charles Schwab,2016-04-19,
AC102678,H01070,Joint Taxable,Charles Schwab & Co.,2016-04-25,
AC102679,H01071,Traditional IRA,FIDELITY INVESTMENTS,2019-05-18,
AC102680,H01071,Traditional IRA,Schwab,2019-05-07,
AC102681,H01071,Traditional IRA,SCHWAB,2019-05-16,
AC102682,H01071,Roth IRA,Charles Schwab & Co.,2019-05-22,
AC102683,H01072,Joint Taxable,Charles Schwab & Co.,2020-10-12,
AC102684,H01072,Trust,Charles Schwab & Co.,2020-10-21,
AC102685,H01072,Joint Taxable,Charles Schwab & Co.,2020-10-14,
AC102686,H01073,Joint Taxable,Charles Schwab & Co.,2016-04-30,
AC102687,H01074,Traditional IRA,Fidelity,2021-11-25,2025-03-13
AC102688,H01075,Individual Taxable,SCHWAB,2016-08-01,
AC102689,H01075,Inherited IRA,Schwab,2016-08-01,
AC102690,H01076,Joint Taxable,SCHWAB,2012-11-25,
AC102691,H01076,Traditional IRA,Schwab,2012-11-29,
AC102692,H01077,Traditional IRA,Pershing,2020-03-04,2023-08-10
AC102693,H01078,Traditional IRA,Charles Schwab,2006-11-14,
AC102694,H01078,Trust,Fidelity Institutional,2006-11-21,
AC102695,H01078,Roth IRA,Charles Schwab & Co.,2006-11-22,
AC102696,H01079,Joint Taxable,FIDELITY INVESTMENTS,2013-05-23,
AC102697,H01079,Trust,Schwab,2013-05-11,
AC102698,H01080,Traditional IRA,SCHWAB,2017-04-16,
AC102699,H01080,Inherited IRA,Schwab,2017-03-31,
AC102700,H01080,Traditional IRA,Schwab,2017-04-10,
AC102701,H01081,Joint Taxable,SCHWAB,2020-07-28,2023-11-21
AC102702,H01081,Roth IRA,Schwab,2020-07-30,2023-11-21
AC102703,H01082,Joint Taxable,SCHWAB,2022-01-18,
AC102704,H01083,Traditional IRA,BNY Pershing,2021-07-01,
AC102705,H01083,Trust,Charles Schwab,2021-07-03,
AC102706,H01083,Traditional IRA,Charles Schwab,2021-07-13,
AC102707,H01084,Individual Taxable,Charles Schwab,2022-05-13,
AC102708,H01085,Traditional IRA,FIDELITY INVESTMENTS,2015-03-05,
AC102709,H01085,Roth IRA,Fidelity,2015-03-10,
AC102710,H01085,Trust,PERSHING LLC,2015-03-10,
AC102711,H01085,Individual Taxable,Fidelity Institutional,2015-03-09,
AC102712,H01085,Inherited IRA,Fidelity Institutional,2015-03-21,
AC102713,H01086,Joint Taxable,Fidelity Institutional,2017-10-17,
AC102714,H01086,Trust,FIDELITY INVESTMENTS,2017-10-05,
AC102715,H01086,Joint Taxable,FIDELITY INVESTMENTS,2017-10-08,
AC102716,H01086,Traditional IRA,Fidelity Institutional,2017-10-23,
AC102717,H01087,Traditional IRA,Schwab,2022-05-06,
AC102718,H01088,Traditional IRA,Charles Schwab,2017-09-26,2025-08-18
AC102719,H01088,Trust,Charles Schwab,2017-09-12,2025-08-17
AC102720,H01088,Trust,SCHWAB,2017-09-14,2025-08-14
AC102721,H01089,Joint Taxable,Fidelity Institutional,2022-05-27,2024-04-25
AC102722,H01089,Roth IRA,Charles Schwab & Co.,2022-05-30,2024-04-25
AC102723,H01089,Roth IRA,SCHWAB,2022-05-16,2024-04-23
AC102724,H01089,Traditional IRA,Schwab,2022-05-25,2024-04-23
AC102725,H01090,Joint Taxable,FIDELITY INVESTMENTS,2013-03-03,2025-05-27
AC102726,H01090,Roth IRA,FIDELITY INVESTMENTS,2013-03-16,2025-05-30
AC102727,H01090,Traditional IRA,Fidelity Institutional,2013-03-04,2025-05-29
AC102728,H01091,Individual Taxable,FIDELITY INVESTMENTS,2011-01-16,2025-02-20
AC102729,H01091,Traditional IRA,Charles Schwab & Co.,2011-01-16,2025-02-22
AC102730,H01091,Traditional IRA,Charles Schwab,2011-01-22,2025-02-19
AC102731,H01091,Rollover IRA,Charles Schwab & Co.,2011-02-01,2025-02-22
AC102732,H01092,Joint Taxable,SCHWAB,2019-05-08,
AC102733,H01092,Inherited IRA,SCHWAB,2019-05-06,
AC102734,H01093,Joint Taxable,Charles Schwab & Co.,2021-11-10,
AC102735,H01094,Traditional IRA,Charles Schwab & Co.,2016-06-14,
AC102736,H01094,Roth IRA,SCHWAB,2016-06-16,
AC102737,H01095,Joint Taxable,Charles Schwab & Co.,2009-09-22,
AC102738,H01095,Rollover IRA,Charles Schwab,2009-10-04,
AC102739,H01095,Roth IRA,SCHWAB,2009-09-26,
AC102740,H01096,Joint Taxable,Charles Schwab,2019-08-28,
AC102741,H01096,Traditional IRA,Charles Schwab & Co.,2019-08-15,
AC102742,H01097,Traditional IRA,Fidelity Institutional,2022-04-20,
AC102743,H01097,Roth IRA,FIDELITY INVESTMENTS,2022-04-13,
AC102744,H01097,Rollover IRA,Fidelity,2022-04-23,
AC102745,H01098,Traditional IRA,Fidelity,2007-12-11,
AC102746,H01098,Trust,FIDELITY INVESTMENTS,2007-12-03,
AC102747,H01098,Traditional IRA,Fidelity,2007-12-09,
AC102748,H01098,Traditional IRA,FIDELITY INVESTMENTS,2007-12-04,
AC102749,H01099,Traditional IRA,Fidelity,2011-08-02,
AC102750,H01099,Traditional IRA,Charles Schwab,2011-08-01,
AC102751,H01100,Individual Taxable,BNY Pershing,2016-03-07,
AC102752,H01100,Traditional IRA,PERSHING LLC,2016-03-03,
AC102753,H01101,Traditional IRA,Charles Schwab,2018-12-13,
AC102754,H01101,Traditional IRA,Charles Schwab,2018-12-12,
AC102755,H01101,529 Plan,Charles Schwab,2018-11-29,
AC102756,H01102,Individual Taxable,Charles Schwab & Co.,2020-01-11,2024-04-27
AC102757,H01102,Inherited IRA,SCHWAB,2020-01-25,2024-04-28
AC102758,H01103,Joint Taxable,Fidelity Institutional,2020-07-08,
AC102759,H01104,Individual Taxable,Schwab,2019-08-02,
AC102760,H01104,Trust,Charles Schwab & Co.,2019-07-28,
AC102761,H01104,Trust,Schwab,2019-08-13,
AC102762,H01104,Roth IRA,Charles Schwab & Co.,2019-07-31,
AC102763,H01104,Trust,SCHWAB,2019-08-06,
AC102764,H01105,Individual Taxable,Schwab,2008-01-28,
AC102765,H01105,Trust,Charles Schwab,2008-01-20,
AC102766,H01105,Traditional IRA,SCHWAB,2008-01-18,
AC102767,H01106,Joint Taxable,Schwab,2022-04-27,
AC102768,H01106,Joint Taxable,Charles Schwab & Co.,2022-04-25,
AC102769,H01107,Joint Taxable,FIDELITY INVESTMENTS,2010-02-04,
AC102770,H01107,Rollover IRA,Fidelity,2010-02-10,
AC102771,H01108,Traditional IRA,Charles Schwab & Co.,2010-11-29,
AC102772,H01109,Joint Taxable,Charles Schwab & Co.,2018-12-09,
AC102773,H01110,Joint Taxable,Fidelity Institutional,2022-05-22,
AC102774,H01110,Trust,Fidelity,2022-05-16,
AC102775,H01110,Rollover IRA,Fidelity,2022-05-15,
AC102776,H01111,Traditional IRA,Charles Schwab & Co.,2019-05-22,
AC102777,H01111,Inherited IRA,Charles Schwab,2019-05-23,
AC102778,H01112,Joint Taxable,Fidelity,2016-12-25,
AC102779,H01112,Traditional IRA,FIDELITY INVESTMENTS,2016-12-25,
AC102780,H01112,Traditional IRA,FIDELITY INVESTMENTS,2017-01-01,
AC102781,H01113,Traditional IRA,Fidelity Institutional,2014-05-11,2024-12-15
AC102782,H01114,Traditional IRA,FIDELITY INVESTMENTS,2018-05-08,
AC102783,H01114,Roth IRA,Fidelity Institutional,2018-05-19,
AC102784,H01115,Individual Taxable,Schwab,2016-08-17,
AC102785,H01115,Individual Taxable,FIDELITY INVESTMENTS,2016-08-28,
AC102786,H01115,Traditional IRA,Fidelity Institutional,2016-08-31,
AC102787,H01115,Rollover IRA,Fidelity,2016-08-24,
AC102788,H01115,Trust,Fidelity,2016-08-28,
AC102789,H01116,Individual Taxable,Fidelity Institutional,2013-02-05,
AC102790,H01116,Inherited IRA,Fidelity Institutional,2013-02-15,
AC102791,H01117,Traditional IRA,Charles Schwab & Co.,2015-10-30,
AC102792,H01117,Individual Taxable,Charles Schwab,2015-11-05,
AC102793,H01118,Joint Taxable,Fidelity Institutional,2017-06-28,2024-09-19
AC102794,H01118,Traditional IRA,FIDELITY INVESTMENTS,2017-07-06,2024-09-17
AC102795,H01118,Roth IRA,Fidelity Institutional,2017-06-28,2024-09-15
AC102796,H01119,Traditional IRA,FIDELITY INVESTMENTS,2021-12-29,
AC102797,H01119,Roth IRA,FIDELITY INVESTMENTS,2022-01-03,
AC102798,H01120,Joint Taxable,Charles Schwab,2019-04-09,
AC102799,H01120,Trust,SCHWAB,2019-04-06,
AC102800,H01120,Trust,Schwab,2019-03-24,
AC102801,H01121,Traditional IRA,PERSHING LLC,2021-05-21,
AC102802,H01121,Inherited IRA,Charles Schwab & Co.,2021-06-04,
AC102803,H01121,Trust,Pershing,2021-06-07,
AC102804,H01122,Joint Taxable,Fidelity Institutional,2015-10-01,
AC102805,H01122,Inherited IRA,Fidelity Institutional,2015-09-18,
AC102806,H01123,Traditional IRA,SCHWAB,2021-06-27,
AC102807,H01124,Individual Taxable,Charles Schwab,2021-07-04,
AC102808,H01124,Trust,Schwab,2021-07-14,
AC102809,H01124,Roth IRA,SCHWAB,2021-07-13,
AC102810,H01124,Traditional IRA,Charles Schwab,2021-06-29,
AC102811,H01124,Roth IRA,Charles Schwab,2021-07-08,
AC102812,H01125,Individual Taxable,Pershing,2020-11-28,
AC102813,H01126,Traditional IRA,Schwab,2022-04-22,
AC102814,H01126,Roth IRA,Schwab,2022-04-22,
AC102815,H01126,Joint Taxable,Charles Schwab & Co.,2022-04-24,
AC102816,H01127,Traditional IRA,Fidelity,2008-06-28,
AC102817,H01127,Rollover IRA,Fidelity Institutional,2008-06-12,
AC102818,H01128,Joint Taxable,Charles Schwab,2016-05-19,2025-02-14
AC102819,H01128,Roth IRA,Fidelity,2016-05-16,2025-02-15
AC102820,H01128,Joint Taxable,Charles Schwab,2016-05-13,2025-02-15
AC102821,H01129,Traditional IRA,Schwab,2011-12-06,2024-10-28
AC102822,H01129,Rollover IRA,Schwab,2011-11-29,2024-10-28
AC102823,H01129,Roth IRA,Charles Schwab & Co.,2011-11-22,2024-10-29
AC102824,H01129,529 Plan,Schwab,2011-11-21,2024-10-29
AC102825,H01129,Joint Taxable,SCHWAB,2011-11-19,2024-10-29
AC102826,H01130,Traditional IRA,Charles Schwab,2014-01-13,
AC102827,H01130,529 Plan,SCHWAB,2014-01-04,
AC102828,H01131,Individual Taxable,PERSHING LLC,2022-05-04,
AC102829,H01131,Traditional IRA,PERSHING LLC,2022-05-06,
AC102830,H01132,Joint Taxable,FIDELITY INVESTMENTS,2021-11-29,
AC102831,H01132,Rollover IRA,Charles Schwab & Co.,2021-11-30,
AC102832,H01132,Traditional IRA,Fidelity Institutional,2021-11-23,
AC102833,H01132,Roth IRA,Fidelity,2021-11-26,
AC102834,H01132,Traditional IRA,FIDELITY INVESTMENTS,2021-11-17,
AC102835,H01133,Joint Taxable,SCHWAB,2020-04-27,
AC102836,H01133,Joint Taxable,BNY Pershing,2020-05-03,
AC102837,H01133,Traditional IRA,PERSHING LLC,2020-04-30,
AC102838,H01134,Joint Taxable,Fidelity,2009-02-15,2025-08-12
AC102839,H01134,Inherited IRA,FIDELITY INVESTMENTS,2009-02-14,2025-08-10
AC102840,H01134,Joint Taxable,FIDELITY INVESTMENTS,2009-02-21,2025-08-11
AC102841,H01134,Roth IRA,BNY Pershing,2009-02-17,2025-08-12
AC102842,H01134,Roth IRA,Fidelity Institutional,2009-02-16,2025-08-11
AC102843,H01135,Individual Taxable,BNY Pershing,2019-06-24,
AC102844,H01135,Trust,BNY Pershing,2019-06-22,
AC102845,H01136,Joint Taxable,Charles Schwab & Co.,2019-09-27,2024-10-07
AC102846,H01136,529 Plan,SCHWAB,2019-09-23,2024-10-06
AC102847,H01136,Joint Taxable,SCHWAB,2019-10-02,2024-10-07
AC102848,H01137,Traditional IRA,PERSHING LLC,2022-02-21,
AC102849,H01137,Individual Taxable,PERSHING LLC,2022-02-17,
AC102850,H01138,Joint Taxable,Fidelity,2021-09-18,
AC102851,H01138,Roth IRA,Fidelity Institutional,2021-09-16,
AC102852,H01139,Joint Taxable,Charles Schwab & Co.,2020-01-25,
AC102853,H01139,Traditional IRA,SCHWAB,2020-01-22,
AC102854,H01139,Trust,Charles Schwab & Co.,2020-01-13,
AC102855,H01139,Joint Taxable,Schwab,2020-01-12,
AC102856,H01139,Traditional IRA,Charles Schwab & Co.,2020-01-18,
AC102857,H01140,Individual Taxable,Fidelity Institutional,2022-05-04,
AC102858,H01141,Individual Taxable,Charles Schwab,2019-01-28,
AC102859,H01142,Joint Taxable,Charles Schwab,2015-08-10,
AC102860,H01142,Traditional IRA,Charles Schwab & Co.,2015-08-17,
AC102861,H01142,Trust,Charles Schwab & Co.,2015-08-04,
AC102862,H01143,Individual Taxable,Schwab,2017-09-03,
AC102863,H01143,Traditional IRA,Schwab,2017-09-05,
AC102864,H01144,Traditional IRA,Schwab,2019-07-05,2025-05-13
AC102865,H01144,Rollover IRA,Charles Schwab & Co.,2019-07-10,2025-05-17
AC102866,H01145,Joint Taxable,Charles Schwab & Co.,2022-04-06,
AC102867,H01145,Inherited IRA,BNY Pershing,2022-04-04,
AC102868,H01146,Traditional IRA,BNY Pershing,2022-05-17,2025-03-19
AC102869,H01146,Joint Taxable,PERSHING LLC,2022-05-05,2025-03-19
AC102870,H01146,Traditional IRA,PERSHING LLC,2022-05-07,2025-03-20
AC102871,H01147,Joint Taxable,Pershing,2018-05-10,
AC102872,H01147,Joint Taxable,SCHWAB,2018-05-16,
AC102873,H01148,Traditional IRA,Fidelity Institutional,2015-11-15,
AC102874,H01148,Trust,Fidelity Institutional,2015-11-23,
AC102875,H01149,Individual Taxable,Fidelity,2022-05-06,
AC102876,H01149,Trust,Fidelity,2022-04-23,
AC102877,H01149,Traditional IRA,Fidelity Institutional,2022-05-09,
AC102878,H01149,Trust,Fidelity Institutional,2022-04-30,
AC102879,H01150,Traditional IRA,FIDELITY INVESTMENTS,2017-10-06,
AC102880,H01150,529 Plan,Fidelity Institutional,2017-10-09,
AC102881,H01150,Individual Taxable,FIDELITY INVESTMENTS,2017-10-06,
AC102882,H01151,Joint Taxable,Pershing,2014-10-12,
AC102883,H01151,Joint Taxable,Pershing,2014-10-13,
AC102884,H01151,Trust,PERSHING LLC,2014-10-03,
AC102885,H01151,Traditional IRA,BNY Pershing,2014-10-10,
AC102886,H01151,Traditional IRA,BNY Pershing,2014-10-10,
AC102887,H01152,Joint Taxable,Fidelity Institutional,2019-03-02,
AC102888,H01152,Rollover IRA,Fidelity Institutional,2019-03-02,
AC102889,H01153,Individual Taxable,Pershing,2017-01-09,
AC102890,H01154,Joint Taxable,Schwab,2020-02-17,
AC102891,H01155,Joint Taxable,Fidelity,2018-04-20,2024-12-21
AC102892,H01155,Traditional IRA,FIDELITY INVESTMENTS,2018-05-03,2024-12-19
AC102893,H01155,529 Plan,BNY Pershing,2018-04-17,2024-12-21
AC102894,H01155,Trust,Fidelity Institutional,2018-05-03,2024-12-22
AC102895,H01155,Traditional IRA,Fidelity,2018-05-04,2024-12-21
AC102896,H01156,Traditional IRA,Charles Schwab & Co.,2019-04-11,
AC102897,H01156,Traditional IRA,Charles Schwab,2019-04-05,
AC102898,H01157,Traditional IRA,Fidelity,2015-05-17,2025-05-15
AC102899,H01158,Individual Taxable,FIDELITY INVESTMENTS,2019-08-18,
AC102900,H01159,Traditional IRA,PERSHING LLC,2022-04-21,
AC102901,H01159,Traditional IRA,Pershing,2022-04-14,
AC102902,H01160,Joint Taxable,Fidelity Institutional,2015-10-14,
AC102903,H01160,Traditional IRA,FIDELITY INVESTMENTS,2015-10-12,
AC102904,H01161,Joint Taxable,BNY Pershing,2013-10-25,2025-01-20
AC102905,H01161,Trust,FIDELITY INVESTMENTS,2013-10-26,2025-01-24
AC102906,H01162,Joint Taxable,SCHWAB,2016-08-24,
AC102907,H01162,Trust,SCHWAB,2016-09-01,
AC102908,H01163,Traditional IRA,FIDELITY INVESTMENTS,2008-10-21,
AC102909,H01163,Traditional IRA,Fidelity,2008-10-28,
AC102910,H01163,Traditional IRA,Fidelity,2008-10-30,
AC102911,H01164,Joint Taxable,SCHWAB,2018-03-29,
AC102912,H01164,Joint Taxable,Charles Schwab & Co.,2018-04-04,
AC102913,H01165,Individual Taxable,Schwab,2010-08-22,
AC102914,H01165,Rollover IRA,Charles Schwab,2010-08-23,
AC102915,H01166,Joint Taxable,SCHWAB,2016-11-22,2025-04-11
AC102916,H01166,Traditional IRA,SCHWAB,2016-11-24,2025-04-15
AC102917,H01167,Traditional IRA,Fidelity,2016-06-25,
AC102918,H01167,Traditional IRA,FIDELITY INVESTMENTS,2016-07-01,
AC102919,H01168,Joint Taxable,Schwab,2017-11-22,
AC102920,H01168,Trust,Charles Schwab & Co.,2017-11-27,
AC102921,H01168,Joint Taxable,Fidelity Institutional,2017-11-23,
AC102922,H01169,Joint Taxable,PERSHING LLC,2017-09-25,
AC102923,H01169,Traditional IRA,BNY Pershing,2017-09-26,
AC102924,H01169,Joint Taxable,Pershing,2017-09-27,
AC102925,H01170,Traditional IRA,Fidelity,2018-06-25,
AC102926,H01170,Traditional IRA,Fidelity Institutional,2018-07-04,
AC102927,H01171,Individual Taxable,Fidelity,2018-01-31,
AC102928,H01171,Traditional IRA,Fidelity,2018-01-24,
AC102929,H01171,Trust,FIDELITY INVESTMENTS,2018-01-25,
AC102930,H01172,Traditional IRA,Schwab,2019-02-12,
AC102931,H01172,Trust,SCHWAB,2019-02-01,
AC102932,H01172,Roth IRA,SCHWAB,2019-01-31,
AC102933,H01172,Rollover IRA,Fidelity,2019-02-08,
AC102934,H01173,Traditional IRA,Charles Schwab,2012-08-01,
AC102935,H01173,Roth IRA,Charles Schwab & Co.,2012-07-26,
AC102936,H01174,Individual Taxable,Schwab,2022-04-08,2025-04-24
AC102937,H01174,Rollover IRA,Charles Schwab,2022-04-17,2025-04-23
AC102938,H01174,Trust,FIDELITY INVESTMENTS,2022-04-20,2025-04-23
AC102939,H01174,Trust,Charles Schwab,2022-04-25,2025-04-25
AC102940,H01174,Trust,Schwab,2022-04-24,2025-04-24
AC102941,H01175,Joint Taxable,FIDELITY INVESTMENTS,2015-12-25,
AC102942,H01175,Roth IRA,Fidelity Institutional,2015-12-18,
AC102943,H01175,Rollover IRA,Fidelity Institutional,2015-12-08,
AC102944,H01175,Rollover IRA,FIDELITY INVESTMENTS,2015-12-18,
AC102945,H01175,Trust,Fidelity,2015-12-12,
AC102946,H01176,Joint Taxable,Fidelity Institutional,2016-12-11,
AC102947,H01176,529 Plan,Fidelity,2016-12-16,
AC102948,H01176,Traditional IRA,FIDELITY INVESTMENTS,2016-12-02,
AC102949,H01176,Rollover IRA,Fidelity Institutional,2016-12-01,
AC102950,H01177,Traditional IRA,FIDELITY INVESTMENTS,2015-07-03,
AC102951,H01177,Joint Taxable,Fidelity Institutional,2015-07-10,
AC102952,H01177,Traditional IRA,Fidelity,2015-07-18,
AC102953,H01177,Inherited IRA,Fidelity,2015-07-12,
AC102954,H01178,Joint Taxable,Fidelity,2022-05-08,
AC102955,H01178,Joint Taxable,Schwab,2022-04-23,
AC102956,H01178,Traditional IRA,Charles Schwab & Co.,2022-04-20,
AC102957,H01179,Traditional IRA,Fidelity,2009-04-29,
AC102958,H01180,Traditional IRA,PERSHING LLC,2022-04-05,
AC102959,H01180,Individual Taxable,Pershing,2022-04-08,
AC102960,H01180,Trust,Pershing,2022-04-21,
AC102961,H01180,Roth IRA,Pershing,2022-04-17,
AC102962,H01181,Joint Taxable,BNY Pershing,2019-01-30,
AC102963,H01182,Individual Taxable,Charles Schwab & Co.,2013-08-04,2025-04-17
AC102964,H01182,Trust,SCHWAB,2013-07-26,2025-04-17
AC102965,H01183,Individual Taxable,PERSHING LLC,2019-01-29,
AC102966,H01183,Inherited IRA,BNY Pershing,2019-01-22,
AC102967,H01183,Inherited IRA,Pershing,2019-01-28,
AC102968,H01184,Traditional IRA,FIDELITY INVESTMENTS,2022-04-18,
AC102969,H01184,Individual Taxable,Fidelity Institutional,2022-04-14,
AC102970,H01184,Inherited IRA,BNY Pershing,2022-04-13,
AC102971,H01185,Individual Taxable,Schwab,2015-06-03,
AC102972,H01185,Traditional IRA,SCHWAB,2015-06-08,
AC102973,H01185,Roth IRA,Charles Schwab,2015-06-15,
AC102974,H01185,Inherited IRA,Charles Schwab,2015-06-15,
AC102975,H01185,Trust,Charles Schwab,2015-06-10,
AC102976,H01186,Traditional IRA,Pershing,2020-10-26,
AC102977,H01186,Trust,FIDELITY INVESTMENTS,2020-10-27,
AC102978,H01186,Traditional IRA,Fidelity,2020-11-05,
AC102979,H01187,Traditional IRA,SCHWAB,2019-06-20,
AC102980,H01187,Traditional IRA,Charles Schwab & Co.,2019-06-16,
AC102981,H01187,Trust,SCHWAB,2019-06-13,
AC102982,H01188,Joint Taxable,BNY Pershing,2019-02-10,
AC102983,H01188,Trust,Pershing,2019-02-02,
AC102984,H01188,Roth IRA,BNY Pershing,2019-02-05,
AC102985,H01188,Traditional IRA,BNY Pershing,2019-01-28,
AC102986,H01188,Rollover IRA,BNY Pershing,2019-02-02,
AC102987,H01189,Joint Taxable,Charles Schwab & Co.,2022-05-28,
AC102988,H01190,Traditional IRA,Fidelity Institutional,2020-09-29,
AC102989,H01190,Trust,Fidelity,2020-10-08,
AC102990,H01190,Rollover IRA,Fidelity Institutional,2020-10-14,
AC102991,H01190,Trust,Fidelity Institutional,2020-10-16,
AC102992,H01190,Traditional IRA,Fidelity,2020-10-02,
AC102993,H01191,Joint Taxable,BNY Pershing,2012-07-05,
AC102994,H01191,Traditional IRA,BNY Pershing,2012-07-14,
AC102995,H01191,Trust,PERSHING LLC,2012-07-09,
AC102996,H01191,Traditional IRA,Pershing,2012-07-06,
AC102997,H01192,Traditional IRA,Schwab,2018-01-17,
AC102998,H01192,Individual Taxable,Schwab,2018-01-17,
AC102999,H01192,Trust,Schwab,2018-01-29,
AC103000,H01193,Traditional IRA,Pershing,2020-02-09,
AC103001,H01193,Joint Taxable,SCHWAB,2020-02-03,
AC103002,H01193,Inherited IRA,Charles Schwab,2020-02-09,
AC103003,H01194,Joint Taxable,Schwab,2016-11-18,
AC103004,H01194,Rollover IRA,Charles Schwab,2016-11-11,
AC103005,H01195,Joint Taxable,BNY Pershing,2020-03-27,
AC103006,H01195,Traditional IRA,PERSHING LLC,2020-04-07,
AC103007,H01196,Joint Taxable,Charles Schwab & Co.,2022-05-17,
AC103008,H01196,Rollover IRA,SCHWAB,2022-05-18,
AC103009,H01196,Traditional IRA,Charles Schwab,2022-05-11,
AC103010,H01197,Traditional IRA,Schwab,2022-04-22,
AC103011,H01197,Rollover IRA,Charles Schwab & Co.,2022-04-13,
AC103012,H01197,Roth IRA,Charles Schwab,2022-04-17,
AC103013,H01197,Trust,Charles Schwab & Co.,2022-04-14,
AC103014,H01198,Joint Taxable,Charles Schwab & Co.,2013-05-29,
AC103015,H01199,Joint Taxable,FIDELITY INVESTMENTS,2021-08-30,
AC103016,H01199,529 Plan,Fidelity Institutional,2021-08-21,
AC103017,H01199,Traditional IRA,Fidelity,2021-08-29,
AC103018,H01200,Traditional IRA,Charles Schwab,2022-05-20,
AC103019,H01200,Joint Taxable,Charles Schwab,2022-05-15,
AC103020,H01200,Roth IRA,SCHWAB,2022-05-04,
AC103021,H01201,Individual Taxable,Charles Schwab,2012-10-15,2024-11-08
AC103022,H01201,Traditional IRA,SCHWAB,2012-10-18,2024-11-08
AC103023,H01202,Traditional IRA,Fidelity Institutional,2022-05-09,
AC103024,H01202,Inherited IRA,Fidelity Institutional,2022-05-18,
AC103025,H01202,Joint Taxable,Fidelity Institutional,2022-05-19,
AC103026,H01203,Traditional IRA,Schwab,2022-04-19,
AC103027,H01204,Joint Taxable,Charles Schwab & Co.,2020-10-24,
AC103028,H01204,Rollover IRA,Charles Schwab & Co.,2020-10-22,
AC103029,H01205,Joint Taxable,FIDELITY INVESTMENTS,2010-04-09,
AC103030,H01205,Inherited IRA,Fidelity Institutional,2010-03-30,
AC103031,H01205,Traditional IRA,FIDELITY INVESTMENTS,2010-04-06,
AC103032,H01206,Joint Taxable,Fidelity,2008-12-14,
AC103033,H01206,Joint Taxable,FIDELITY INVESTMENTS,2008-12-29,
AC103034,H01206,Inherited IRA,FIDELITY INVESTMENTS,2008-12-27,
AC103035,H01206,Traditional IRA,FIDELITY INVESTMENTS,2008-12-29,
AC103036,H01206,Joint Taxable,Fidelity Institutional,2008-12-15,
AC103037,H01207,Individual Taxable,Charles Schwab,2022-05-06,
AC103038,H01207,Traditional IRA,Schwab,2022-05-13,
AC103039,H01208,Joint Taxable,Schwab,2015-06-07,
AC103040,H01208,Roth IRA,SCHWAB,2015-05-26,
AC103041,H01209,Traditional IRA,BNY Pershing,2016-12-25,
AC103042,H01210,Individual Taxable,Charles Schwab & Co.,2020-11-26,
AC103043,H01210,Roth IRA,Charles Schwab & Co.,2020-11-19,
AC103044,H01211,Individual Taxable,Fidelity,2018-01-19,2025-05-15
AC103045,H01211,Traditional IRA,FIDELITY INVESTMENTS,2018-01-14,2025-05-15
AC103046,H01211,Traditional IRA,Fidelity,2018-01-19,2025-05-19
AC103047,H01212,Individual Taxable,Charles Schwab,2014-11-12,
AC103048,H01212,Traditional IRA,Charles Schwab & Co.,2014-11-18,
AC103049,H01213,Joint Taxable,Pershing,2017-08-11,
AC103050,H01213,Traditional IRA,Pershing,2017-08-12,
AC103051,H01214,Individual Taxable,Schwab,2016-12-06,
AC103052,H01214,Inherited IRA,Charles Schwab,2016-12-25,
AC103053,H01215,Joint Taxable,Fidelity Institutional,2021-12-06,
AC103054,H01215,Traditional IRA,Schwab,2021-12-10,
AC103055,H01216,Joint Taxable,PERSHING LLC,2022-03-02,
AC103056,H01216,Inherited IRA,PERSHING LLC,2022-02-20,
AC103057,H01216,Traditional IRA,Pershing,2022-02-14,
AC103058,H01216,Trust,BNY Pershing,2022-02-27,
AC103059,H01217,Traditional IRA,Charles Schwab,2017-04-25,2025-07-23
AC103060,H01217,Rollover IRA,Fidelity Institutional,2017-04-25,2025-07-22
AC103061,H01218,Traditional IRA,SCHWAB,2011-01-17,2025-02-16
AC103062,H01218,529 Plan,FIDELITY INVESTMENTS,2011-02-03,2025-02-15
AC103063,H01218,Traditional IRA,Charles Schwab & Co.,2011-01-28,2025-02-16
AC103064,H01219,Individual Taxable,SCHWAB,2020-03-16,
AC103065,H01219,Roth IRA,Schwab,2020-03-04,
AC103066,H01219,Trust,Charles Schwab,2020-03-18,
AC103067,H01219,Individual Taxable,SCHWAB,2020-03-09,
AC103068,H01220,Traditional IRA,Schwab,2018-05-30,
AC103069,H01220,Trust,Schwab,2018-06-15,
AC103070,H01221,Traditional IRA,Fidelity,2022-05-25,
AC103071,H01221,529 Plan,Fidelity Institutional,2022-05-20,
AC103072,H01221,Trust,FIDELITY INVESTMENTS,2022-05-19,
AC103073,H01222,Traditional IRA,Charles Schwab,2018-06-28,
AC103074,H01223,Traditional IRA,Fidelity Institutional,2011-06-23,2025-06-21
AC103075,H01224,Traditional IRA,SCHWAB,2017-03-01,
AC103076,H01225,Traditional IRA,Fidelity,2017-06-09,
AC103077,H01225,Traditional IRA,Fidelity Institutional,2017-06-12,
AC103078,H01225,Traditional IRA,Fidelity,2017-06-17,
AC103079,H01225,Traditional IRA,Charles Schwab & Co.,2017-06-16,
AC103080,H01226,Traditional IRA,SCHWAB,2013-07-13,
AC103081,H01226,Individual Taxable,Charles Schwab,2013-07-13,
AC103082,H01226,Roth IRA,Schwab,2013-07-07,
AC103083,H01227,Traditional IRA,FIDELITY INVESTMENTS,2014-05-11,
AC103084,H01227,Trust,Fidelity,2014-05-07,
AC103085,H01227,Rollover IRA,FIDELITY INVESTMENTS,2014-05-09,
AC103086,H01228,Traditional IRA,PERSHING LLC,2020-05-19,
AC103087,H01228,Trust,Pershing,2020-05-05,
AC103088,H01228,Trust,PERSHING LLC,2020-05-18,
AC103089,H01228,Inherited IRA,PERSHING LLC,2020-05-21,
AC103090,H01228,Joint Taxable,PERSHING LLC,2020-05-12,
AC103091,H01229,Traditional IRA,FIDELITY INVESTMENTS,2012-11-25,
AC103092,H01229,Roth IRA,Fidelity Institutional,2012-12-04,
AC103093,H01229,Traditional IRA,Fidelity Institutional,2012-11-23,
AC103094,H01229,Joint Taxable,Fidelity,2012-12-01,
AC103095,H01230,Traditional IRA,Schwab,2016-11-26,
AC103096,H01230,Individual Taxable,Charles Schwab,2016-12-07,
AC103097,H01231,Joint Taxable,Fidelity,2022-12-15,2025-09-13
AC103098,H01231,Inherited IRA,FIDELITY INVESTMENTS,2022-12-13,2025-09-13
AC103099,H01231,Trust,Fidelity,2022-12-02,2025-09-13
AC103100,H01232,Individual Taxable,Schwab,2022-01-08,2023-10-13
AC103101,H01232,Traditional IRA,Charles Schwab,2022-01-07,2023-10-12
AC103102,H01232,Traditional IRA,Charles Schwab,2021-12-28,2023-10-12
AC103103,H01233,Traditional IRA,Fidelity,2022-05-15,2025-11-23
AC103104,H01234,Joint Taxable,Schwab,2017-04-19,
AC103105,H01234,Trust,Schwab,2017-04-30,
AC103106,H01235,Joint Taxable,SCHWAB,2020-04-11,
AC103107,H01235,Rollover IRA,Charles Schwab,2020-04-10,
AC103108,H01235,Traditional IRA,SCHWAB,2020-03-28,
AC103109,H01236,Joint Taxable,PERSHING LLC,2011-12-19,
AC103110,H01237,Joint Taxable,BNY Pershing,2022-05-29,
AC103111,H01237,Roth IRA,Schwab,2022-05-21,
AC103112,H01237,Roth IRA,Charles Schwab,2022-05-13,
AC103113,H01237,Roth IRA,Charles Schwab,2022-05-16,
AC103114,H01238,Joint Taxable,Charles Schwab & Co.,2014-06-30,
AC103115,H01238,Rollover IRA,PERSHING LLC,2014-06-25,
AC103116,H01239,Joint Taxable,PERSHING LLC,2007-12-14,
AC103117,H01239,Inherited IRA,PERSHING LLC,2007-12-03,
AC103118,H01239,Traditional IRA,PERSHING LLC,2007-11-27,
AC103119,H01240,Traditional IRA,Fidelity,2022-04-09,
AC103120,H01241,Traditional IRA,Fidelity Institutional,2018-07-23,
AC103121,H01242,Joint Taxable,PERSHING LLC,2007-04-16,
AC103122,H01242,Roth IRA,BNY Pershing,2007-04-12,
AC103123,H01242,Traditional IRA,BNY Pershing,2007-04-15,
AC103124,H01242,Rollover IRA,BNY Pershing,2007-04-19,
AC103125,H01242,Roth IRA,PERSHING LLC,2007-04-13,
AC103126,H01243,Traditional IRA,SCHWAB,2014-03-05,
AC103127,H01244,Joint Taxable,Schwab,2015-12-03,
AC103128,H01245,Traditional IRA,FIDELITY INVESTMENTS,2022-04-27,
AC103129,H01245,Traditional IRA,Fidelity,2022-05-01,
AC103130,H01245,Rollover IRA,Fidelity Institutional,2022-04-20,
AC103131,H01245,Inherited IRA,Fidelity,2022-05-07,
AC103132,H01246,Joint Taxable,Schwab,2022-04-20,
AC103133,H01246,Joint Taxable,Charles Schwab,2022-04-23,
AC103134,H01247,Traditional IRA,Charles Schwab,2016-05-05,
AC103135,H01247,Individual Taxable,PERSHING LLC,2016-04-26,
AC103136,H01247,Inherited IRA,Schwab,2016-04-30,
AC103137,H01248,Traditional IRA,PERSHING LLC,2022-05-09,
AC103138,H01248,Trust,Pershing,2022-04-21,
AC103139,H01249,Traditional IRA,Charles Schwab,2018-03-20,
AC103140,H01249,Rollover IRA,Schwab,2018-03-23,
AC103141,H01249,Traditional IRA,Charles Schwab,2018-04-04,
AC103142,H01249,Traditional IRA,Schwab,2018-03-31,
AC103143,H01250,Individual Taxable,BNY Pershing,2015-09-09,
AC103144,H01250,Trust,Pershing,2015-09-27,
AC103145,H01250,Individual Taxable,BNY Pershing,2015-09-25,
AC103146,H01251,Traditional IRA,Charles Schwab & Co.,2017-06-23,
AC103147,H01251,Roth IRA,Charles Schwab & Co.,2017-06-29,
AC103148,H01251,Trust,Charles Schwab & Co.,2017-07-03,
AC103149,H01252,Individual Taxable,Charles Schwab & Co.,2015-09-15,2025-11-24
AC103150,H01252,529 Plan,SCHWAB,2015-09-08,2025-11-24
AC103151,H01252,Individual Taxable,Charles Schwab & Co.,2015-09-11,2025-11-22
AC103152,H01252,Traditional IRA,Schwab,2015-09-01,2025-11-24
AC103153,H01253,Joint Taxable,Fidelity,2018-10-18,
AC103154,H01253,Trust,Schwab,2018-10-23,
AC103155,H01253,Roth IRA,Charles Schwab & Co.,2018-10-19,
AC103156,H01253,Joint Taxable,Charles Schwab,2018-10-09,
AC103157,H01254,Joint Taxable,SCHWAB,2022-09-28,
AC103158,H01255,Traditional IRA,Charles Schwab,2017-09-07,
AC103159,H01255,Rollover IRA,Charles Schwab,2017-09-12,
AC103160,H01256,Joint Taxable,Fidelity Institutional,2012-08-13,
AC103161,H01257,Individual Taxable,Schwab,2014-05-06,
AC103162,H01257,Rollover IRA,Charles Schwab,2014-05-04,
AC103163,H01257,Trust,SCHWAB,2014-04-25,
AC103164,H01258,Joint Taxable,Schwab,2015-04-24,
AC103165,H01258,Trust,BNY Pershing,2015-04-26,
AC103166,H01258,Trust,Charles Schwab & Co.,2015-04-29,
AC103167,H01259,Joint Taxable,Charles Schwab,2020-09-18,
AC103168,H01259,Trust,Charles Schwab & Co.,2020-09-06,
AC103169,H01259,Inherited IRA,SCHWAB,2020-09-22,
AC103170,H01259,Traditional IRA,Fidelity,2020-09-09,
AC103171,H01260,Individual Taxable,PERSHING LLC,2014-06-13,
AC103172,H01260,Trust,PERSHING LLC,2014-06-15,
AC103173,H01260,Traditional IRA,PERSHING LLC,2014-07-01,
AC103174,H01260,Individual Taxable,BNY Pershing,2014-06-27,
AC103175,H01261,Joint Taxable,Fidelity Institutional,2020-12-17,
AC103176,H01261,Rollover IRA,Fidelity Institutional,2020-12-22,
AC103177,H01261,Traditional IRA,FIDELITY INVESTMENTS,2020-12-18,
AC103178,H01262,Joint Taxable,FIDELITY INVESTMENTS,2010-11-18,
AC103179,H01262,Joint Taxable,Schwab,2010-10-31,
AC103180,H01262,Joint Taxable,SCHWAB,2010-11-10,
AC103181,H01263,Traditional IRA,PERSHING LLC,2013-01-04,
AC103182,H01263,Joint Taxable,BNY Pershing,2012-12-22,
AC103183,H01263,Trust,BNY Pershing,2013-01-07,
AC103184,H01263,Traditional IRA,Pershing,2013-01-01,
AC103185,H01264,Individual Taxable,FIDELITY INVESTMENTS,2020-04-12,2023-08-22
AC103186,H01264,Individual Taxable,Fidelity Institutional,2020-03-25,2023-08-22
AC103187,H01265,Traditional IRA,Charles Schwab & Co.,2017-01-28,
AC103188,H01265,Rollover IRA,BNY Pershing,2017-01-24,
AC103189,H01265,Inherited IRA,Schwab,2017-01-19,
AC103190,H01266,Traditional IRA,Pershing,2021-11-10,
AC103191,H01267,Traditional IRA,Charles Schwab & Co.,2018-03-05,
AC103192,H01268,Traditional IRA,Charles Schwab,2020-05-31,
AC103193,H01268,Traditional IRA,Charles Schwab,2020-06-04,
AC103194,H01268,Rollover IRA,Charles Schwab,2020-06-02,
AC103195,H01269,Joint Taxable,Schwab,2016-06-18,2024-11-18
AC103196,H01270,Joint Taxable,Fidelity Institutional,2014-01-29,
AC103197,H01270,Roth IRA,Fidelity Institutional,2014-02-03,
AC103198,H01271,Joint Taxable,Fidelity Institutional,2022-05-10,
AC103199,H01271,Inherited IRA,Fidelity,2022-05-03,
AC103200,H01272,Individual Taxable,Schwab,2019-08-18,
AC103201,H01273,Traditional IRA,SCHWAB,2021-10-21,
AC103202,H01274,Traditional IRA,FIDELITY INVESTMENTS,2014-01-10,
AC103203,H01274,Traditional IRA,FIDELITY INVESTMENTS,2014-01-18,
AC103204,H01275,Joint Taxable,Charles Schwab,2018-02-12,
AC103205,H01275,Joint Taxable,Schwab,2018-02-21,
AC103206,H01275,Roth IRA,Charles Schwab,2018-02-16,
AC103207,H01276,Joint Taxable,Fidelity Institutional,2020-11-09,
AC103208,H01276,Roth IRA,Fidelity Institutional,2020-11-26,
AC103209,H01276,Roth IRA,SCHWAB,2020-11-18,
AC103210,H01277,Joint Taxable,BNY Pershing,2017-07-26,
AC103211,H01277,Traditional IRA,SCHWAB,2017-07-20,
AC103212,H01277,Traditional IRA,Charles Schwab,2017-07-17,
AC103213,H01278,Individual Taxable,Charles Schwab & Co.,2022-04-26,
AC103214,H01279,Individual Taxable,Charles Schwab & Co.,2008-03-10,
AC103215,H01280,Traditional IRA,Fidelity,2022-07-06,
AC103216,H01280,Inherited IRA,Fidelity Institutional,2022-07-01,
AC103217,H01280,Traditional IRA,Fidelity Institutional,2022-07-14,
AC103218,H01280,Inherited IRA,Fidelity Institutional,2022-07-16,
AC103219,H01281,Traditional IRA,Schwab,2017-07-14,
AC103220,H01281,Roth IRA,Schwab,2017-07-05,
AC103221,H01282,Joint Taxable,SCHWAB,2007-11-18,
AC103222,H01283,Traditional IRA,SCHWAB,2012-09-21,
AC103223,H01284,Traditional IRA,SCHWAB,2022-05-02,
AC103224,H01284,Trust,SCHWAB,2022-04-28,
AC103225,H01284,Traditional IRA,SCHWAB,2022-04-14,
AC103226,H01285,Traditional IRA,Pershing,2021-03-17,
AC103227,H01286,Individual Taxable,SCHWAB,2019-05-23,2025-11-13
AC103228,H01286,Trust,SCHWAB,2019-05-17,2025-11-11
AC103229,H01286,Roth IRA,SCHWAB,2019-05-15,2025-11-10
AC103230,H01287,Joint Taxable,FIDELITY INVESTMENTS,2008-01-02,2025-03-25
AC103231,H01287,Trust,PERSHING LLC,2008-01-01,2025-03-28
AC103232,H01287,Roth IRA,PERSHING LLC,2007-12-26,2025-03-27
AC103233,H01288,Joint Taxable,Charles Schwab,2020-08-31,
AC103234,H01288,Trust,Charles Schwab,2020-09-08,
AC103235,H01289,Traditional IRA,Charles Schwab,2016-10-01,
AC103236,H01290,Traditional IRA,Schwab,2015-11-28,
AC103237,H01291,Joint Taxable,FIDELITY INVESTMENTS,2022-04-25,
AC103238,H01291,Traditional IRA,Fidelity,2022-05-08,
AC103239,H01292,Joint Taxable,Schwab,2012-10-26,
AC103240,H01292,Inherited IRA,SCHWAB,2012-10-16,
AC103241,H01292,Rollover IRA,Schwab,2012-11-01,
AC103242,H01292,Inherited IRA,Charles Schwab & Co.,2012-10-23,
AC103243,H01293,Traditional IRA,Fidelity Institutional,2008-01-13,
AC103244,H01293,Traditional IRA,Fidelity Institutional,2008-01-26,
AC103245,H01294,Individual Taxable,FIDELITY INVESTMENTS,2022-05-05,2025-10-17
AC103246,H01294,Roth IRA,Fidelity Institutional,2022-04-21,2025-10-14
AC103247,H01294,Roth IRA,FIDELITY INVESTMENTS,2022-04-29,2025-10-16
AC103248,H01294,Trust,Fidelity Institutional,2022-04-25,2025-10-17
AC103249,H01294,Rollover IRA,FIDELITY INVESTMENTS,2022-04-26,2025-10-15
AC103250,H01295,Individual Taxable,SCHWAB,2021-03-16,
AC103251,H01295,Traditional IRA,SCHWAB,2021-03-21,
AC103252,H01296,Traditional IRA,SCHWAB,2022-10-21,2024-08-14
AC103253,H01296,Traditional IRA,SCHWAB,2022-10-12,2024-08-14
AC103254,H01296,Traditional IRA,Charles Schwab,2022-10-17,2024-08-12
AC103255,H01297,Joint Taxable,Charles Schwab & Co.,2009-12-11,
AC103256,H01297,Joint Taxable,Fidelity Institutional,2009-12-10,
AC103257,H01297,Inherited IRA,Fidelity Institutional,2009-12-04,
AC103258,H01297,Traditional IRA,Fidelity,2009-12-06,
AC103259,H01297,Traditional IRA,Fidelity Institutional,2009-12-13,
AC103260,H01298,Joint Taxable,Charles Schwab,2022-04-19,
AC103261,H01298,Inherited IRA,Charles Schwab & Co.,2022-04-11,
AC103262,H01299,Traditional IRA,Charles Schwab & Co.,2011-12-05,
AC103263,H01299,Joint Taxable,Schwab,2011-12-10,
AC103264,H01300,Individual Taxable,Schwab,2012-01-16,
AC103265,H01300,Roth IRA,Fidelity,2011-12-29,
AC103266,H01301,Joint Taxable,Fidelity,2008-04-20,
AC103267,H01301,Inherited IRA,Fidelity,2008-04-14,
AC103268,H01301,Trust,Fidelity Institutional,2008-04-11,
AC103269,H01301,Trust,Fidelity,2008-04-29,
AC103270,H01302,Traditional IRA,Fidelity Institutional,2019-08-31,
AC103271,H01303,Joint Taxable,Charles Schwab,2013-08-24,
AC103272,H01303,Traditional IRA,SCHWAB,2013-08-23,
AC103273,H01304,Individual Taxable,Schwab,2020-04-29,
AC103274,H01305,Traditional IRA,Schwab,2013-04-01,
AC103275,H01305,Trust,Schwab,2013-04-09,
AC103276,H01306,Individual Taxable,PERSHING LLC,2018-10-22,
AC103277,H01306,Trust,PERSHING LLC,2018-10-20,
AC103278,H01307,Individual Taxable,Fidelity,2022-06-29,
AC103279,H01307,Trust,Fidelity Institutional,2022-06-28,
AC103280,H01308,Joint Taxable,Charles Schwab & Co.,2022-04-18,2025-02-14
AC103281,H01308,Traditional IRA,SCHWAB,2022-04-10,2025-02-14
AC103282,H01308,Inherited IRA,Charles Schwab & Co.,2022-04-08,2025-02-16
AC103283,H01308,Trust,Schwab,2022-04-07,2025-02-18
AC103284,H01308,Inherited IRA,Charles Schwab,2022-04-06,2025-02-16
AC103285,H01309,Traditional IRA,BNY Pershing,2012-01-28,
AC103286,H01309,Rollover IRA,PERSHING LLC,2012-01-31,
AC103287,H01310,Traditional IRA,Charles Schwab,2022-04-22,
AC103288,H01310,Joint Taxable,SCHWAB,2022-04-22,
AC103289,H01310,Inherited IRA,Charles Schwab & Co.,2022-05-09,
AC103290,H01311,Joint Taxable,Fidelity,2020-05-07,2023-11-18
AC103291,H01311,Rollover IRA,Fidelity,2020-05-12,2023-11-20
AC103292,H01311,Roth IRA,Fidelity,2020-04-30,2023-11-20
AC103293,H01311,Roth IRA,Fidelity Institutional,2020-05-07,2023-11-20
AC103294,H01312,Joint Taxable,Fidelity,2013-12-21,
AC103295,H01312,Rollover IRA,Charles Schwab,2013-12-21,
AC103296,H01312,Traditional IRA,Charles Schwab,2013-12-23,
AC103297,H01312,Trust,Schwab,2013-12-23,
AC103298,H01312,Joint Taxable,Schwab,2013-12-15,
AC103299,H01313,Traditional IRA,Fidelity Institutional,2016-09-05,
AC103300,H01314,Joint Taxable,BNY Pershing,2016-01-15,
AC103301,H01314,529 Plan,BNY Pershing,2015-12-28,
AC103302,H01315,Joint Taxable,Schwab,2022-03-13,
AC103303,H01316,Joint Taxable,SCHWAB,2022-05-04,
AC103304,H01316,Joint Taxable,Charles Schwab,2022-04-21,
AC103305,H01317,Traditional IRA,Fidelity,2018-12-28,
AC103306,H01317,Joint Taxable,BNY Pershing,2018-12-25,
AC103307,H01318,Joint Taxable,BNY Pershing,2022-08-25,
AC103308,H01318,Traditional IRA,BNY Pershing,2022-08-30,
AC103309,H01319,Joint Taxable,SCHWAB,2017-02-07,2024-03-23
AC103310,H01319,Roth IRA,Charles Schwab,2017-01-31,2024-03-26
AC103311,H01319,Roth IRA,Schwab,2017-01-24,2024-03-26
AC103312,H01319,Roth IRA,Charles Schwab & Co.,2017-01-29,2024-03-24
AC103313,H01320,Individual Taxable,Fidelity,2008-06-04,
AC103314,H01320,Trust,PERSHING LLC,2008-06-03,
AC103315,H01320,Traditional IRA,Charles Schwab & Co.,2008-05-24,
AC103316,H01320,Roth IRA,Schwab,2008-06-12,
AC103317,H01321,Traditional IRA,SCHWAB,2022-05-15,
AC103318,H01321,Joint Taxable,Charles Schwab,2022-05-11,
AC103319,H01322,Individual Taxable,Pershing,2012-08-31,2024-11-14
AC103320,H01322,Trust,Pershing,2012-08-29,2024-11-15
AC103321,H01322,Traditional IRA,BNY Pershing,2012-08-22,2024-11-18
AC103322,H01323,Joint Taxable,BNY Pershing,2022-05-01,
AC103323,H01323,Traditional IRA,Pershing,2022-05-09,
AC103324,H01323,Traditional IRA,BNY Pershing,2022-04-24,
AC103325,H01324,Joint Taxable,Schwab,2007-01-23,
AC103326,H01324,Traditional IRA,Charles Schwab,2007-02-03,
AC103327,H01325,Joint Taxable,Schwab,2016-01-25,2025-09-22
AC103328,H01325,Roth IRA,Charles Schwab & Co.,2016-01-27,2025-09-20
AC103329,H01326,Individual Taxable,Pershing,2013-11-18,
AC103330,H01326,Rollover IRA,Charles Schwab,2013-11-11,
AC103331,H01327,Individual Taxable,FIDELITY INVESTMENTS,2018-11-01,
AC103332,H01327,Roth IRA,Fidelity,2018-10-27,
AC103333,H01328,Traditional IRA,Schwab,2020-06-14,
AC103334,H01328,Trust,Charles Schwab,2020-05-28,
AC103335,H01329,Traditional IRA,Schwab,2010-12-06,
AC103336,H01329,Trust,Charles Schwab & Co.,2010-11-30,
AC103337,H01330,Traditional IRA,FIDELITY INVESTMENTS,2013-01-11,2024-11-29
AC103338,H01330,529 Plan,FIDELITY INVESTMENTS,2013-01-17,2024-11-29
AC103339,H01331,Individual Taxable,Charles Schwab,2019-03-30,
AC103340,H01331,529 Plan,Charles Schwab & Co.,2019-04-01,
AC103341,H01331,Rollover IRA,Charles Schwab & Co.,2019-04-05,
AC103342,H01332,Joint Taxable,Charles Schwab,2016-04-19,
AC103343,H01332,Roth IRA,Charles Schwab & Co.,2016-04-09,
AC103344,H01332,Rollover IRA,Charles Schwab & Co.,2016-04-18,
AC103345,H01332,Rollover IRA,Charles Schwab,2016-04-18,
AC103346,H01333,Joint Taxable,BNY Pershing,2020-05-05,
AC103347,H01333,Joint Taxable,BNY Pershing,2020-05-06,
AC103348,H01334,Traditional IRA,Charles Schwab & Co.,2011-11-17,
AC103349,H01335,Traditional IRA,Fidelity,2013-03-23,
AC103350,H01335,Roth IRA,Charles Schwab & Co.,2013-03-11,
AC103351,H01335,Roth IRA,Charles Schwab,2013-03-26,
AC103352,H01336,Traditional IRA,Fidelity Institutional,2016-10-12,
AC103353,H01336,Roth IRA,Fidelity,2016-10-04,
AC103354,H01337,Traditional IRA,Charles Schwab,2017-12-29,
AC103355,H01337,Traditional IRA,Charles Schwab,2017-12-23,
AC103356,H01337,Trust,Schwab,2018-01-04,
AC103357,H01337,Traditional IRA,Pershing,2018-01-04,
AC103358,H01338,Traditional IRA,Schwab,2020-06-06,
AC103359,H01338,529 Plan,Schwab,2020-05-31,
AC103360,H01339,Traditional IRA,Schwab,2019-03-29,
AC103361,H01339,Trust,Charles Schwab & Co.,2019-03-31,
AC103362,H01339,Traditional IRA,Pershing,2019-03-26,
AC103363,H01340,Individual Taxable,Charles Schwab,2020-04-05,
AC103364,H01340,Traditional IRA,Charles Schwab & Co.,2020-04-07,
AC103365,H01341,Joint Taxable,BNY Pershing,2022-04-17,
AC103366,H01342,Traditional IRA,Schwab,2019-11-22,
AC103367,H01342,Trust,SCHWAB,2019-11-06,
AC103368,H01342,Rollover IRA,Schwab,2019-11-25,
AC103369,H01343,Individual Taxable,PERSHING LLC,2011-02-18,
AC103370,H01343,Rollover IRA,PERSHING LLC,2011-02-20,
AC103371,H01344,Individual Taxable,Charles Schwab & Co.,2019-02-18,
AC103372,H01345,Joint Taxable,Schwab,2018-02-11,
AC103373,H01345,Rollover IRA,Charles Schwab,2018-02-19,
AC103374,H01345,Rollover IRA,Charles Schwab,2018-02-17,
AC103375,H01345,Joint Taxable,Schwab,2018-02-28,
AC103376,H01345,Trust,Charles Schwab,2018-02-11,
AC103377,H01346,Traditional IRA,SCHWAB,2011-10-25,
AC103378,H01347,Traditional IRA,Charles Schwab & Co.,2011-11-11,
AC103379,H01347,Trust,Charles Schwab & Co.,2011-11-06,
AC103380,H01347,Trust,Charles Schwab & Co.,2011-11-01,
AC103381,H01348,Traditional IRA,Charles Schwab,2015-12-19,2023-05-22
AC103382,H01348,Rollover IRA,Charles Schwab,2015-12-11,2023-05-24
AC103383,H01348,Traditional IRA,Charles Schwab,2015-12-18,2023-05-24
AC103384,H01348,Roth IRA,Schwab,2015-12-17,2023-05-23
AC103385,H01349,Joint Taxable,Fidelity,2016-09-01,
AC103386,H01349,Trust,PERSHING LLC,2016-08-27,
AC103387,H01349,Rollover IRA,FIDELITY INVESTMENTS,2016-08-28,
AC103388,H01350,Traditional IRA,Charles Schwab & Co.,2018-01-25,2025-04-13
AC103389,H01351,Traditional IRA,BNY Pershing,2008-04-18,
AC103390,H01351,Trust,Fidelity Institutional,2008-05-01,
AC103391,H01352,Traditional IRA,Charles Schwab,2022-01-17,
AC103392,H01352,Traditional IRA,Schwab,2022-01-20,
AC103393,H01352,Trust,Fidelity Institutional,2022-01-18,
AC103394,H01353,Joint Taxable,PERSHING LLC,2010-02-28,
AC103395,H01353,Joint Taxable,PERSHING LLC,2010-02-25,
AC103396,H01354,Traditional IRA,FIDELITY INVESTMENTS,2007-07-03,
AC103397,H01354,Traditional IRA,Fidelity,2007-06-21,
AC103398,H01354,Individual Taxable,Fidelity,2007-06-27,
AC103399,H01354,529 Plan,Fidelity Institutional,2007-06-27,
AC103400,H01354,Trust,Fidelity,2007-06-16,
AC103401,H01355,Individual Taxable,SCHWAB,2011-09-23,2025-07-11
AC103402,H01355,Traditional IRA,SCHWAB,2011-09-29,2025-07-10
AC103403,H01356,Joint Taxable,SCHWAB,2022-05-11,
AC103404,H01356,Trust,Schwab,2022-04-28,
AC103405,H01357,Joint Taxable,Fidelity Institutional,2007-03-31,
AC103406,H01357,Joint Taxable,Fidelity,2007-04-05,
AC103407,H01357,529 Plan,Fidelity Institutional,2007-03-25,
AC103408,H01358,Joint Taxable,Pershing,2010-11-10,
AC103409,H01358,529 Plan,FIDELITY INVESTMENTS,2010-11-27,
AC103410,H01358,Traditional IRA,Pershing,2010-11-16,
AC103411,H01358,Rollover IRA,Schwab,2010-11-10,
AC103412,H01359,Individual Taxable,SCHWAB,2021-04-22,2024-09-24
AC103413,H01359,Rollover IRA,Schwab,2021-04-30,2024-09-24
AC103414,H01359,Trust,Charles Schwab & Co.,2021-04-27,2024-09-26
AC103415,H01359,Roth IRA,Schwab,2021-04-20,2024-09-24
AC103416,H01359,Traditional IRA,Schwab,2021-04-29,2024-09-26
AC103417,H01360,Traditional IRA,Pershing,2021-09-21,
AC103418,H01361,Individual Taxable,Charles Schwab,2014-12-27,
AC103419,H01361,Individual Taxable,Schwab,2014-12-14,
AC103420,H01362,Individual Taxable,BNY Pershing,2018-02-05,
AC103421,H01362,Traditional IRA,Fidelity Institutional,2018-02-06,
AC103422,H01363,Joint Taxable,Fidelity,2011-03-17,
AC103423,H01363,Inherited IRA,FIDELITY INVESTMENTS,2011-03-14,
AC103424,H01364,Traditional IRA,Pershing,2018-01-03,
AC103425,H01364,Rollover IRA,BNY Pershing,2018-01-09,
AC103426,H01364,Traditional IRA,Pershing,2018-01-12,
AC103427,H01365,Joint Taxable,Charles Schwab & Co.,2015-12-09,
AC103428,H01366,Joint Taxable,SCHWAB,2018-04-07,2024-03-20
AC103429,H01366,Roth IRA,SCHWAB,2018-04-13,2024-03-22
AC103430,H01367,Traditional IRA,BNY Pershing,2022-05-26,
AC103431,H01368,Traditional IRA,Charles Schwab & Co.,2011-12-03,2023-07-29
AC103432,H01368,Trust,SCHWAB,2011-11-23,2023-07-26
AC103433,H01368,Traditional IRA,Schwab,2011-11-27,2023-07-25
AC103434,H01368,Trust,Charles Schwab,2011-11-23,2023-07-28
AC103435,H01369,Individual Taxable,Charles Schwab,2009-12-29,2025-03-23
AC103436,H01369,Individual Taxable,Charles Schwab & Co.,2010-01-06,2025-03-19
AC103437,H01369,Individual Taxable,Charles Schwab & Co.,2010-01-12,2025-03-19
AC103438,H01369,Roth IRA,Charles Schwab & Co.,2010-01-11,2025-03-20
AC103439,H01369,Traditional IRA,Schwab,2010-01-14,2025-03-22
AC103440,H01370,Joint Taxable,Charles Schwab,2014-08-12,
AC103441,H01370,Traditional IRA,Schwab,2014-08-11,
AC103442,H01371,Individual Taxable,PERSHING LLC,2022-04-19,
AC103443,H01371,Individual Taxable,FIDELITY INVESTMENTS,2022-04-18,
AC103444,H01371,Trust,Charles Schwab & Co.,2022-04-25,
AC103445,H01371,Individual Taxable,Charles Schwab & Co.,2022-04-18,
AC103446,H01371,Trust,SCHWAB,2022-04-20,
AC103447,H01372,Traditional IRA,Fidelity,2019-03-27,
AC103448,H01372,Roth IRA,Fidelity Institutional,2019-03-26,
AC103449,H01372,Traditional IRA,Fidelity Institutional,2019-03-13,
AC103450,H01373,Traditional IRA,Fidelity,2022-05-11,
AC103451,H01373,Trust,Fidelity,2022-05-18,
AC103452,H01373,Rollover IRA,Fidelity Institutional,2022-05-20,
AC103453,H01373,Traditional IRA,Fidelity Institutional,2022-05-22,
AC103454,H01374,Individual Taxable,FIDELITY INVESTMENTS,2012-04-26,
AC103455,H01375,Joint Taxable,Charles Schwab,2009-06-26,2025-03-10
AC103456,H01375,Rollover IRA,SCHWAB,2009-07-07,2025-03-09
AC103457,H01375,Traditional IRA,Charles Schwab,2009-07-06,2025-03-12
AC103458,H01376,Traditional IRA,Pershing,2022-05-02,
AC103459,H01376,Roth IRA,PERSHING LLC,2022-05-12,
AC103460,H01376,Traditional IRA,BNY Pershing,2022-05-07,
AC103461,H01376,Joint Taxable,Pershing,2022-04-30,
AC103462,H01376,Trust,Schwab,2022-04-29,
AC103463,H01377,Traditional IRA,Pershing,2010-01-01,
AC103464,H01377,Inherited IRA,BNY Pershing,2010-01-04,
AC103465,H01378,Traditional IRA,Fidelity,2022-04-18,2025-01-21
AC103466,H01378,Inherited IRA,Fidelity Institutional,2022-04-11,2025-01-21
AC103467,H01379,Traditional IRA,Charles Schwab & Co.,2011-02-09,
AC103468,H01379,Traditional IRA,Schwab,2011-02-07,
AC103469,H01379,Traditional IRA,Charles Schwab,2011-01-29,
AC103470,H01380,Joint Taxable,PERSHING LLC,2008-02-17,
AC103471,H01381,Individual Taxable,Charles Schwab & Co.,2017-11-05,
AC103472,H01381,Rollover IRA,SCHWAB,2017-11-15,
AC103473,H01381,Individual Taxable,PERSHING LLC,2017-11-03,
AC103474,H01381,Traditional IRA,Schwab,2017-11-02,
AC103475,H01381,Trust,BNY Pershing,2017-10-30,
AC103476,H01382,Individual Taxable,Fidelity,2018-03-17,
AC103477,H01382,Inherited IRA,FIDELITY INVESTMENTS,2018-03-20,
AC103478,H01382,Trust,Fidelity,2018-03-31,
AC103479,H01383,Individual Taxable,Pershing,2020-12-05,
AC103480,H01383,Individual Taxable,Pershing,2020-12-06,
AC103481,H01384,Individual Taxable,SCHWAB,2020-01-26,
AC103482,H01384,Rollover IRA,SCHWAB,2020-02-05,
AC103483,H01384,Individual Taxable,Charles Schwab,2020-02-12,
AC103484,H01385,Traditional IRA,SCHWAB,2016-02-24,2025-02-17
AC103485,H01386,Joint Taxable,Charles Schwab,2019-03-23,2024-06-20
AC103486,H01386,Joint Taxable,SCHWAB,2019-03-20,2024-06-21
AC103487,H01386,529 Plan,Schwab,2019-03-14,2024-06-18
AC103488,H01387,Joint Taxable,Fidelity,2010-10-05,
AC103489,H01387,Rollover IRA,FIDELITY INVESTMENTS,2010-10-11,
AC103490,H01388,Joint Taxable,PERSHING LLC,2020-01-20,
AC103491,H01388,Traditional IRA,SCHWAB,2020-01-16,
AC103492,H01388,Trust,Schwab,2020-01-26,
AC103493,H01389,Individual Taxable,Charles Schwab,2022-05-02,2024-05-25
AC103494,H01390,Joint Taxable,Charles Schwab,2022-04-26,
AC103495,H01391,Joint Taxable,Fidelity,2016-03-15,
AC103496,H01391,Rollover IRA,FIDELITY INVESTMENTS,2016-03-15,
AC103497,H01391,Joint Taxable,FIDELITY INVESTMENTS,2016-03-02,
AC103498,H01392,Traditional IRA,PERSHING LLC,2019-02-25,
AC103499,H01392,Inherited IRA,PERSHING LLC,2019-03-05,
AC103500,H01393,Joint Taxable,BNY Pershing,2018-07-22,
AC103501,H01393,529 Plan,Pershing,2018-07-16,
AC103502,H01393,Traditional IRA,Pershing,2018-07-12,
AC103503,H01394,Traditional IRA,Charles Schwab & Co.,2018-10-26,2025-06-08
AC103504,H01394,Roth IRA,SCHWAB,2018-11-08,2025-06-07
AC103505,H01394,Roth IRA,Charles Schwab & Co.,2018-11-09,2025-06-10
AC103506,H01394,Joint Taxable,SCHWAB,2018-10-23,2025-06-09
AC103507,H01395,Traditional IRA,Fidelity Institutional,2013-06-28,
AC103508,H01395,Rollover IRA,Fidelity Institutional,2013-06-20,
AC103509,H01395,Traditional IRA,FIDELITY INVESTMENTS,2013-06-19,
AC103510,H01395,Roth IRA,Charles Schwab & Co.,2013-06-22,
AC103511,H01395,Traditional IRA,Fidelity,2013-07-02,
AC103512,H01396,Traditional IRA,SCHWAB,2015-09-21,
AC103513,H01397,Joint Taxable,SCHWAB,2009-10-19,
AC103514,H01397,Traditional IRA,Charles Schwab & Co.,2009-10-20,
AC103515,H01398,Traditional IRA,Fidelity,2022-11-07,
AC103516,H01399,Joint Taxable,Fidelity,2017-08-18,2023-11-14
AC103517,H01400,Joint Taxable,SCHWAB,2013-04-19,
AC103518,H01400,Traditional IRA,Fidelity Institutional,2013-05-02,
AC103519,H01400,Inherited IRA,Fidelity Institutional,2013-04-29,
AC103520,H01400,Traditional IRA,FIDELITY INVESTMENTS,2013-05-02,
AC103521,H01401,Joint Taxable,PERSHING LLC,2015-02-26,
AC103522,H01401,Inherited IRA,Pershing,2015-03-05,
AC103523,H01401,Traditional IRA,Pershing,2015-03-02,
AC103524,H01401,Inherited IRA,PERSHING LLC,2015-02-22,
AC103525,H01402,Traditional IRA,SCHWAB,2021-10-22,
AC103526,H01402,Rollover IRA,Charles Schwab & Co.,2021-10-22,
AC103527,H01403,Joint Taxable,Charles Schwab & Co.,2022-04-23,
AC103528,H01403,Joint Taxable,Pershing,2022-04-23,
AC103529,H01404,Joint Taxable,Charles Schwab & Co.,2012-03-18,2025-06-14
AC103530,H01404,Joint Taxable,SCHWAB,2012-03-10,2025-06-16
AC103531,H01404,Traditional IRA,Schwab,2012-03-14,2025-06-16
AC103532,H01405,Traditional IRA,SCHWAB,2012-07-24,
AC103533,H01405,Roth IRA,Charles Schwab & Co.,2012-07-23,
AC103534,H01406,Traditional IRA,SCHWAB,2020-06-19,
AC103535,H01406,Traditional IRA,Schwab,2020-06-07,
AC103536,H01407,Joint Taxable,Schwab,2016-11-07,
AC103537,H01407,Roth IRA,Charles Schwab & Co.,2016-11-11,
AC103538,H01407,Traditional IRA,Charles Schwab & Co.,2016-11-16,
AC103539,H01408,Traditional IRA,SCHWAB,2019-10-02,
AC103540,H01409,Joint Taxable,SCHWAB,2019-11-29,
AC103541,H01409,Traditional IRA,SCHWAB,2019-11-13,
AC103542,H01410,Joint Taxable,Schwab,2018-12-25,
AC103543,H01410,Trust,Charles Schwab & Co.,2018-12-16,
AC103544,H01411,Individual Taxable,Charles Schwab,2020-03-08,
AC103545,H01411,Traditional IRA,Schwab,2020-02-26,
AC103546,H01411,Rollover IRA,SCHWAB,2020-03-04,
AC103547,H01412,Traditional IRA,FIDELITY INVESTMENTS,2013-10-23,
AC103548,H01412,Traditional IRA,SCHWAB,2013-11-02,
AC103549,H01412,Traditional IRA,Fidelity,2013-11-05,
AC103550,H01412,Rollover IRA,Fidelity,2013-10-28,
AC103551,H01413,Traditional IRA,SCHWAB,2015-03-02,
AC103552,H01413,Traditional IRA,Schwab,2015-03-20,
AC103553,H01413,Trust,Charles Schwab & Co.,2015-03-01,
AC103554,H01414,Joint Taxable,Charles Schwab & Co.,2010-06-17,
AC103555,H01414,Roth IRA,Schwab,2010-06-24,
AC103556,H01414,Trust,Pershing,2010-06-23,
AC103557,H01415,Individual Taxable,Pershing,2022-05-31,
AC103558,H01415,Individual Taxable,Fidelity Institutional,2022-05-31,
AC103559,H01416,Traditional IRA,FIDELITY INVESTMENTS,2017-11-10,
AC103560,H01416,Roth IRA,FIDELITY INVESTMENTS,2017-11-24,
AC103561,H01416,Roth IRA,Fidelity,2017-11-17,
AC103562,H01416,Roth IRA,FIDELITY INVESTMENTS,2017-11-09,
AC103563,H01416,Traditional IRA,Fidelity Institutional,2017-11-09,
AC103564,H01417,Individual Taxable,SCHWAB,2019-10-04,
AC103565,H01417,Trust,Charles Schwab,2019-10-18,
AC103566,H01417,Rollover IRA,Charles Schwab,2019-10-17,
AC103567,H01418,Traditional IRA,Fidelity Institutional,2019-10-27,2023-12-17
AC103568,H01418,Roth IRA,FIDELITY INVESTMENTS,2019-10-26,2023-12-16
AC103569,H01418,Rollover IRA,FIDELITY INVESTMENTS,2019-11-03,2023-12-15
AC103570,H01418,Trust,Fidelity Institutional,2019-10-31,2023-12-14
AC103571,H01419,Individual Taxable,Fidelity,2019-12-09,
AC103572,H01419,Roth IRA,FIDELITY INVESTMENTS,2019-12-08,
AC103573,H01419,Roth IRA,Fidelity,2019-12-10,
AC103574,H01419,Roth IRA,FIDELITY INVESTMENTS,2019-12-10,
AC103575,H01420,Joint Taxable,Pershing,2016-07-30,
AC103576,H01421,Joint Taxable,Charles Schwab,2021-04-22,
AC103577,H01421,Trust,Charles Schwab & Co.,2021-04-16,
AC103578,H01422,Traditional IRA,SCHWAB,2022-04-26,
AC103579,H01422,Rollover IRA,SCHWAB,2022-04-28,
AC103580,H01422,Trust,Charles Schwab & Co.,2022-04-18,
AC103581,H01423,Joint Taxable,BNY Pershing,2016-05-11,
AC103582,H01423,Roth IRA,Pershing,2016-05-04,
AC103583,H01423,Traditional IRA,BNY Pershing,2016-05-16,
AC103584,H01423,Traditional IRA,PERSHING LLC,2016-05-17,
AC103585,H01424,Traditional IRA,Schwab,2017-06-19,
AC103586,H01424,Joint Taxable,Fidelity,2017-07-03,
AC103587,H01424,Traditional IRA,Schwab,2017-06-24,
AC103588,H01424,Joint Taxable,Charles Schwab,2017-06-27,
AC103589,H01425,Joint Taxable,BNY Pershing,2017-02-25,2025-06-27
AC103590,H01425,Inherited IRA,FIDELITY INVESTMENTS,2017-02-08,2025-06-28
AC103591,H01426,Individual Taxable,Charles Schwab,2019-02-28,
AC103592,H01426,Traditional IRA,SCHWAB,2019-02-20,
AC103593,H01426,Rollover IRA,Charles Schwab & Co.,2019-02-19,
AC103594,H01427,Individual Taxable,FIDELITY INVESTMENTS,2017-06-04,2024-10-13
AC103595,H01427,Inherited IRA,Fidelity,2017-05-24,2024-10-11
AC103596,H01427,Trust,FIDELITY INVESTMENTS,2017-05-31,2024-10-12
AC103597,H01428,Traditional IRA,Fidelity Institutional,2022-02-27,
AC103598,H01429,Joint Taxable,Fidelity,2014-10-11,
AC103599,H01429,Rollover IRA,FIDELITY INVESTMENTS,2014-09-30,
AC103600,H01430,Joint Taxable,Charles Schwab & Co.,2019-10-23,
AC103601,H01430,Traditional IRA,Schwab,2019-10-14,
AC103602,H01430,Traditional IRA,SCHWAB,2019-10-07,
AC103603,H01431,Traditional IRA,BNY Pershing,2010-08-27,
AC103604,H01432,Traditional IRA,SCHWAB,2019-06-13,2023-08-09
AC103605,H01432,Joint Taxable,SCHWAB,2019-05-30,2023-08-11
AC103606,H01433,Traditional IRA,Charles Schwab,2017-06-13,
AC103607,H01434,Joint Taxable,PERSHING LLC,2020-11-01,2025-12-18
AC103608,H01435,Individual Taxable,Charles Schwab,2014-12-14,2025-06-07
AC103609,H01435,Rollover IRA,Schwab,2014-11-29,2025-06-10
AC103610,H01435,Traditional IRA,Charles Schwab,2014-12-15,2025-06-07
AC103611,H01435,Traditional IRA,Fidelity Institutional,2014-12-01,2025-06-07
AC103612,H01436,Individual Taxable,Charles Schwab & Co.,2017-02-21,2025-02-16
AC103613,H01436,Individual Taxable,Charles Schwab & Co.,2017-02-19,2025-02-15
AC103614,H01437,Traditional IRA,Fidelity,2022-05-13,
AC103615,H01437,Roth IRA,FIDELITY INVESTMENTS,2022-05-26,
AC103616,H01437,Rollover IRA,Fidelity Institutional,2022-05-29,
AC103617,H01438,Individual Taxable,BNY Pershing,2014-03-07,
AC103618,H01439,Joint Taxable,Fidelity Institutional,2016-01-03,
AC103619,H01440,Traditional IRA,PERSHING LLC,2011-08-01,
AC103620,H01440,Roth IRA,Charles Schwab,2011-07-26,
AC103621,H01440,Individual Taxable,Schwab,2011-07-29,
AC103622,H01441,Joint Taxable,Pershing,2022-04-28,
AC103623,H01441,Joint Taxable,Pershing,2022-04-24,
AC103624,H01441,Rollover IRA,BNY Pershing,2022-04-17,
AC103625,H01441,Trust,PERSHING LLC,2022-04-20,
AC103626,H01441,Roth IRA,BNY Pershing,2022-05-02,
AC103627,H01442,Traditional IRA,Pershing,2009-01-11,
AC103628,H01443,Joint Taxable,Charles Schwab & Co.,2022-03-07,
AC103629,H01443,Roth IRA,Charles Schwab & Co.,2022-03-15,
AC103630,H01444,Joint Taxable,FIDELITY INVESTMENTS,2022-04-19,
AC103631,H01444,Joint Taxable,Charles Schwab,2022-04-18,
AC103632,H01444,Traditional IRA,Charles Schwab & Co.,2022-04-18,
AC103633,H01444,Trust,FIDELITY INVESTMENTS,2022-04-17,
AC103634,H01444,Traditional IRA,Fidelity Institutional,2022-04-25,
AC103635,H01445,Joint Taxable,Schwab,2014-12-18,2025-06-24
AC103636,H01445,Trust,Charles Schwab & Co.,2015-01-03,2025-06-23
AC103637,H01445,Traditional IRA,Charles Schwab,2015-01-01,2025-06-23
AC103638,H01445,Trust,Charles Schwab & Co.,2014-12-30,2025-06-26
AC103639,H01446,Joint Taxable,Charles Schwab,2016-09-07,
AC103640,H01447,Joint Taxable,Pershing,2022-05-21,2023-03-26
AC103641,H01447,Joint Taxable,Fidelity,2022-05-24,2023-03-26
AC103642,H01447,Traditional IRA,FIDELITY INVESTMENTS,2022-05-21,2023-03-22
AC103643,H01448,Traditional IRA,SCHWAB,2020-09-08,
AC103644,H01448,Rollover IRA,BNY Pershing,2020-09-23,
AC103645,H01448,Inherited IRA,SCHWAB,2020-09-08,
AC103646,H01448,Trust,Charles Schwab,2020-09-20,
AC103647,H01449,Individual Taxable,BNY Pershing,2021-03-27,
AC103648,H01449,Trust,Charles Schwab,2021-03-23,
AC103649,H01449,Traditional IRA,Charles Schwab & Co.,2021-03-10,
AC103650,H01449,Trust,Charles Schwab,2021-03-23,
AC103651,H01450,Traditional IRA,FIDELITY INVESTMENTS,2013-06-12,2023-05-18
AC103652,H01451,Traditional IRA,Schwab,2010-03-21,2024-12-17
AC103653,H01451,529 Plan,SCHWAB,2010-03-29,2024-12-16
AC103654,H01452,Joint Taxable,SCHWAB,2022-05-07,
AC103655,H01452,Roth IRA,SCHWAB,2022-05-09,
AC103656,H01453,Joint Taxable,Charles Schwab,2022-05-05,2024-01-14
AC103657,H01453,Joint Taxable,SCHWAB,2022-05-13,2024-01-17
AC103658,H01453,Traditional IRA,Charles Schwab,2022-05-01,2024-01-15
AC103659,H01454,Joint Taxable,FIDELITY INVESTMENTS,2017-01-29,
AC103660,H01455,Traditional IRA,FIDELITY INVESTMENTS,2019-07-01,
AC103661,H01455,Rollover IRA,FIDELITY INVESTMENTS,2019-06-27,
AC103662,H01456,Traditional IRA,Fidelity Institutional,2021-07-23,
AC103663,H01456,Trust,SCHWAB,2021-07-16,
AC103664,H01457,Traditional IRA,SCHWAB,2022-04-11,
AC103665,H01458,Individual Taxable,BNY Pershing,2015-09-22,
AC103666,H01458,Traditional IRA,Pershing,2015-10-02,
AC103667,H01459,Traditional IRA,FIDELITY INVESTMENTS,2022-05-05,
AC103668,H01460,Individual Taxable,Charles Schwab,2016-01-11,
AC103669,H01460,Trust,Charles Schwab & Co.,2016-01-08,
AC103670,H01460,Traditional IRA,PERSHING LLC,2016-01-08,
AC103671,H01461,Traditional IRA,SCHWAB,2015-09-24,2025-01-13
AC103672,H01462,Joint Taxable,Fidelity Institutional,2017-10-03,
AC103673,H01462,Joint Taxable,FIDELITY INVESTMENTS,2017-10-05,
AC103674,H01463,Traditional IRA,BNY Pershing,2020-04-13,
AC103675,H01463,Joint Taxable,PERSHING LLC,2020-04-12,
AC103676,H01464,Joint Taxable,Charles Schwab,2022-04-10,
AC103677,H01464,Roth IRA,SCHWAB,2022-04-16,
AC103678,H01465,Traditional IRA,PERSHING LLC,2018-09-30,
AC103679,H01465,Trust,Pershing,2018-10-03,
AC103680,H01466,Individual Taxable,FIDELITY INVESTMENTS,2019-05-01,
AC103681,H01466,Rollover IRA,FIDELITY INVESTMENTS,2019-04-25,
AC103682,H01467,Traditional IRA,Fidelity,2020-12-20,
AC103683,H01468,Traditional IRA,Fidelity,2016-04-20,
AC103684,H01468,Traditional IRA,Fidelity Institutional,2016-04-22,
AC103685,H01469,Joint Taxable,FIDELITY INVESTMENTS,2019-03-07,
AC103686,H01469,Inherited IRA,Fidelity Institutional,2019-03-04,
AC103687,H01469,Traditional IRA,FIDELITY INVESTMENTS,2019-03-10,
AC103688,H01470,Individual Taxable,FIDELITY INVESTMENTS,2019-08-30,2025-06-07
AC103689,H01471,Joint Taxable,Fidelity Institutional,2013-03-24,
AC103690,H01471,Traditional IRA,FIDELITY INVESTMENTS,2013-03-11,
AC103691,H01471,Joint Taxable,Fidelity,2013-03-20,
AC103692,H01471,Trust,FIDELITY INVESTMENTS,2013-03-08,
AC103693,H01471,Traditional IRA,FIDELITY INVESTMENTS,2013-03-23,
AC103694,H01472,Joint Taxable,PERSHING LLC,2019-11-15,2024-08-22
AC103695,H01472,Traditional IRA,Pershing,2019-11-24,2024-08-23
AC103696,H01472,Joint Taxable,FIDELITY INVESTMENTS,2019-11-26,2024-08-23
AC103697,H01473,Joint Taxable,Fidelity Institutional,2021-02-12,
AC103698,H01473,Roth IRA,Fidelity Institutional,2021-01-29,
AC103699,H01474,Traditional IRA,Fidelity,2015-07-16,
AC103700,H01474,Traditional IRA,Fidelity Institutional,2015-07-12,
AC103701,H01475,Joint Taxable,BNY Pershing,2013-02-20,
AC103702,H01475,Traditional IRA,PERSHING LLC,2013-02-25,
AC103703,H01476,Joint Taxable,Fidelity,2022-02-25,
AC103704,H01476,Traditional IRA,FIDELITY INVESTMENTS,2022-03-05,
AC103705,H01477,Joint Taxable,FIDELITY INVESTMENTS,2015-05-25,
AC103706,H01477,Traditional IRA,FIDELITY INVESTMENTS,2015-05-30,
AC103707,H01478,Joint Taxable,FIDELITY INVESTMENTS,2021-10-12,
AC103708,H01478,Rollover IRA,SCHWAB,2021-10-21,
AC103709,H01478,Joint Taxable,Fidelity Institutional,2021-10-21,
AC103710,H01479,Joint Taxable,Fidelity,2016-01-14,2025-12-24
AC103711,H01479,Traditional IRA,Charles Schwab & Co.,2016-01-12,2025-12-22
AC103712,H01480,Individual Taxable,Schwab,2019-03-19,
AC103713,H01480,Inherited IRA,SCHWAB,2019-03-11,
AC103714,H01481,Individual Taxable,Charles Schwab,2020-03-12,
AC103715,H01481,Traditional IRA,Charles Schwab,2020-03-05,
AC103716,H01481,Traditional IRA,SCHWAB,2020-02-25,
AC103717,H01482,Traditional IRA,Pershing,2019-07-02,
AC103718,H01483,Joint Taxable,Charles Schwab & Co.,2009-05-15,
AC103719,H01483,529 Plan,Pershing,2009-05-10,
AC103720,H01483,529 Plan,Charles Schwab,2009-05-20,
AC103721,H01484,Joint Taxable,Schwab,2018-10-12,
AC103722,H01484,Joint Taxable,Charles Schwab,2018-10-08,
AC103723,H01484,Roth IRA,SCHWAB,2018-10-08,
AC103724,H01485,Joint Taxable,Schwab,2011-08-21,
AC103725,H01485,Traditional IRA,Schwab,2011-08-21,
AC103726,H01485,Traditional IRA,Charles Schwab & Co.,2011-08-25,
AC103727,H01486,Individual Taxable,Fidelity Institutional,2021-11-25,2025-04-20
AC103728,H01487,Joint Taxable,Charles Schwab,2022-04-14,
AC103729,H01487,Joint Taxable,Schwab,2022-04-30,
AC103730,H01487,Trust,SCHWAB,2022-04-24,
AC103731,H01487,529 Plan,PERSHING LLC,2022-04-29,
AC103732,H01488,Joint Taxable,Charles Schwab,2020-03-13,
AC103733,H01488,529 Plan,Charles Schwab,2020-03-02,
AC103734,H01489,Traditional IRA,Fidelity Institutional,2019-10-17,
AC103735,H01489,Traditional IRA,Fidelity Institutional,2019-11-03,
AC103736,H01490,Joint Taxable,Charles Schwab,2019-07-30,
AC103737,H01490,Roth IRA,Charles Schwab & Co.,2019-08-06,
AC103738,H01490,Trust,PERSHING LLC,2019-08-03,
AC103739,H01491,Individual Taxable,Fidelity Institutional,2007-08-08,
AC103740,H01491,Roth IRA,Fidelity Institutional,2007-08-25,
AC103741,H01492,Joint Taxable,SCHWAB,2014-02-01,2025-12-10
AC103742,H01492,Traditional IRA,Fidelity,2014-02-16,2025-12-12
AC103743,H01492,Joint Taxable,FIDELITY INVESTMENTS,2014-02-05,2025-12-10
AC103744,H01493,Individual Taxable,SCHWAB,2014-08-07,
AC103745,H01493,Traditional IRA,PERSHING LLC,2014-07-29,
AC103746,H01493,Roth IRA,Fidelity Institutional,2014-07-31,
AC103747,H01494,Individual Taxable,Fidelity Institutional,2014-11-10,
AC103748,H01495,Traditional IRA,Schwab,2022-04-26,
AC103749,H01495,Roth IRA,Fidelity Institutional,2022-04-20,
AC103750,H01495,Traditional IRA,Fidelity Institutional,2022-04-19,
AC103751,H01496,Joint Taxable,Schwab,2020-11-16,
AC103752,H01497,Joint Taxable,Schwab,2017-06-19,
AC103753,H01497,Trust,Charles Schwab,2017-06-23,
AC103754,H01498,Joint Taxable,Schwab,2010-07-15,
AC103755,H01499,Joint Taxable,PERSHING LLC,2015-08-22,
AC103756,H01499,Trust,Charles Schwab,2015-09-08,
AC103757,H01500,Traditional IRA,Fidelity Institutional,2021-12-03,
AC103758,H01500,Joint Taxable,FIDELITY INVESTMENTS,2021-11-25,
AC103759,H01500,Traditional IRA,Fidelity,2021-12-07,
AC103760,H01500,Inherited IRA,Fidelity,2021-12-07,
AC103761,H01501,Joint Taxable,FIDELITY INVESTMENTS,2020-07-21,
AC103762,H01502,Traditional IRA,Charles Schwab,2013-11-05,
AC103763,H01503,Individual Taxable,FIDELITY INVESTMENTS,2011-04-14,2024-11-17
AC103764,H01504,Joint Taxable,Charles Schwab & Co.,2023-01-11,
AC103765,H01504,529 Plan,Charles Schwab,2023-01-11,
AC103766,H01504,Traditional IRA,SCHWAB,2023-01-06,
AC103767,H01505,Joint Taxable,Schwab,2021-02-25,
AC103768,H01505,Traditional IRA,SCHWAB,2021-02-26,
AC103769,H01506,Joint Taxable,Schwab,2021-04-30,2025-08-25
AC103770,H01506,Traditional IRA,SCHWAB,2021-05-14,2025-08-23
AC103771,H01506,Rollover IRA,Charles Schwab,2021-05-10,2025-08-27
AC103772,H01506,Traditional IRA,Schwab,2021-05-08,2025-08-27
AC103773,H01507,Traditional IRA,Charles Schwab & Co.,2021-02-23,
AC103774,H01507,Traditional IRA,Charles Schwab & Co.,2021-02-26,
AC103775,H01508,Traditional IRA,Schwab,2019-06-22,
AC103776,H01509,Traditional IRA,FIDELITY INVESTMENTS,2022-05-23,2025-03-26
AC103777,H01509,Trust,Charles Schwab,2022-05-18,2025-03-26
AC103778,H01509,Joint Taxable,Fidelity Institutional,2022-05-10,2025-03-26
AC103779,H01510,Individual Taxable,Charles Schwab,2020-05-20,2024-01-30
AC103780,H01510,Rollover IRA,Charles Schwab & Co.,2020-05-27,2024-01-26
AC103781,H01510,Roth IRA,SCHWAB,2020-05-14,2024-01-29
AC103782,H01510,Trust,Charles Schwab & Co.,2020-05-29,2024-01-29
AC103783,H01511,Individual Taxable,Fidelity Institutional,2013-01-19,
AC103784,H01512,Traditional IRA,Charles Schwab,2020-05-08,
AC103785,H01512,Joint Taxable,SCHWAB,2020-05-17,
AC103786,H01512,Roth IRA,Charles Schwab,2020-05-21,
AC103787,H01513,Joint Taxable,FIDELITY INVESTMENTS,2011-03-01,
AC103788,H01514,Traditional IRA,FIDELITY INVESTMENTS,2012-11-19,
AC103789,H01514,Trust,FIDELITY INVESTMENTS,2012-11-22,
AC103790,H01514,Traditional IRA,Fidelity Institutional,2012-11-20,
AC103791,H01515,Joint Taxable,Charles Schwab,2018-12-15,2024-07-23
AC103792,H01515,Traditional IRA,Charles Schwab & Co.,2018-12-25,2024-07-21
AC103793,H01516,Joint Taxable,Charles Schwab & Co.,2014-04-21,
AC103794,H01517,Joint Taxable,Charles Schwab,2019-05-08,2025-01-08
AC103795,H01517,Rollover IRA,SCHWAB,2019-05-18,2025-01-07
AC103796,H01518,Individual Taxable,Fidelity,2017-03-08,2025-11-20
AC103797,H01518,Traditional IRA,FIDELITY INVESTMENTS,2017-03-03,2025-11-24
AC103798,H01519,Traditional IRA,Charles Schwab,2016-09-12,
AC103799,H01519,Trust,Charles Schwab & Co.,2016-08-29,
AC103800,H01519,Roth IRA,Charles Schwab & Co.,2016-09-03,
AC103801,H01520,Traditional IRA,Charles Schwab & Co.,2012-05-02,
AC103802,H01520,Traditional IRA,Schwab,2012-04-27,
AC103803,H01521,Joint Taxable,SCHWAB,2014-02-15,
AC103804,H01522,Traditional IRA,Charles Schwab,2022-04-11,
AC103805,H01522,Trust,SCHWAB,2022-04-14,
AC103806,H01522,Traditional IRA,SCHWAB,2022-04-18,
AC103807,H01522,Inherited IRA,Charles Schwab,2022-04-16,
AC103808,H01523,Individual Taxable,Charles Schwab & Co.,2016-01-26,
AC103809,H01524,Traditional IRA,Schwab,2017-09-28,
AC103810,H01524,Traditional IRA,Schwab,2017-09-20,
AC103811,H01525,Traditional IRA,Pershing,2019-10-20,
AC103812,H01525,Trust,BNY Pershing,2019-10-17,
AC103813,H01525,Inherited IRA,PERSHING LLC,2019-10-11,
AC103814,H01526,Traditional IRA,Fidelity Institutional,2022-06-03,
AC103815,H01526,Trust,SCHWAB,2022-05-18,
AC103816,H01526,Trust,Charles Schwab & Co.,2022-06-02,
AC103817,H01527,Joint Taxable,Fidelity,2021-07-27,
AC103818,H01527,Inherited IRA,FIDELITY INVESTMENTS,2021-07-22,
AC103819,H01528,Joint Taxable,Charles Schwab,2020-12-25,2024-08-21
AC103820,H01528,Rollover IRA,SCHWAB,2020-12-13,2024-08-21
AC103821,H01529,Traditional IRA,Schwab,2015-10-04,
AC103822,H01530,Individual Taxable,Schwab,2008-07-03,
AC103823,H01530,Trust,Schwab,2008-06-27,
AC103824,H01531,Traditional IRA,Charles Schwab,2020-10-17,
AC103825,H01531,Trust,Charles Schwab & Co.,2020-10-16,
AC103826,H01531,Individual Taxable,SCHWAB,2020-10-06,
AC103827,H01532,Individual Taxable,SCHWAB,2011-04-28,
AC103828,H01532,Roth IRA,Charles Schwab,2011-04-21,
AC103829,H01533,Traditional IRA,Fidelity,2022-04-13,
AC103830,H01534,Traditional IRA,Pershing,2013-12-31,
AC103831,H01534,Trust,PERSHING LLC,2013-12-28,
AC103832,H01534,Traditional IRA,Pershing,2014-01-09,
AC103833,H01534,Inherited IRA,Schwab,2014-01-03,
AC103834,H01535,Individual Taxable,FIDELITY INVESTMENTS,2015-03-11,
AC103835,H01536,Traditional IRA,SCHWAB,2009-08-06,
AC103836,H01536,Traditional IRA,Charles Schwab & Co.,2009-08-10,
AC103837,H01537,Joint Taxable,Charles Schwab & Co.,2019-08-01,
AC103838,H01537,Traditional IRA,Schwab,2019-08-17,
AC103839,H01538,Traditional IRA,Fidelity,2016-02-23,
AC103840,H01538,Rollover IRA,Fidelity,2016-03-11,
AC103841,H01538,Roth IRA,Fidelity Institutional,2016-03-08,
AC103842,H01539,Individual Taxable,SCHWAB,2018-09-15,
AC103843,H01539,Traditional IRA,Schwab,2018-09-26,
AC103844,H01539,Individual Taxable,SCHWAB,2018-09-22,
AC103845,H01540,Joint Taxable,Schwab,2011-07-31,
AC103846,H01540,Traditional IRA,Schwab,2011-07-27,
AC103847,H01540,Trust,Charles Schwab,2011-08-05,
AC103848,H01540,Rollover IRA,Charles Schwab,2011-07-29,
AC103849,H01540,Roth IRA,Charles Schwab & Co.,2011-08-07,
AC103850,H01541,Joint Taxable,Charles Schwab & Co.,2021-12-28,2024-12-17
AC103851,H01541,Roth IRA,Charles Schwab,2021-12-26,2024-12-18
AC103852,H01542,Joint Taxable,PERSHING LLC,2012-03-08,
AC103853,H01542,Traditional IRA,Fidelity,2012-03-22,
AC103854,H01542,Joint Taxable,FIDELITY INVESTMENTS,2012-03-19,
AC103855,H01542,Inherited IRA,Schwab,2012-03-16,
AC103856,H01543,Joint Taxable,FIDELITY INVESTMENTS,2022-02-28,
AC103857,H01543,Roth IRA,Fidelity Institutional,2022-02-17,
AC103858,H01543,529 Plan,Fidelity,2022-03-03,
AC103859,H01544,Traditional IRA,BNY Pershing,2016-02-11,
AC103860,H01544,Traditional IRA,PERSHING LLC,2016-01-28,
AC103861,H01544,529 Plan,PERSHING LLC,2016-02-04,
AC103862,H01545,Individual Taxable,Fidelity,2018-05-10,
AC103863,H01545,Traditional IRA,Fidelity,2018-05-02,
AC103864,H01546,Joint Taxable,BNY Pershing,2019-03-24,
AC103865,H01547,Traditional IRA,SCHWAB,2010-05-19,
AC103866,H01547,Rollover IRA,Charles Schwab,2010-05-30,
AC103867,H01548,Joint Taxable,Charles Schwab & Co.,2016-11-18,
AC103868,H01548,Roth IRA,Charles Schwab & Co.,2016-11-20,
AC103869,H01549,Joint Taxable,Charles Schwab & Co.,2015-03-28,
AC103870,H01550,Individual Taxable,Schwab,2013-07-15,
AC103871,H01550,Traditional IRA,SCHWAB,2013-07-05,
AC103872,H01551,Traditional IRA,SCHWAB,2018-11-13,
AC103873,H01551,Traditional IRA,SCHWAB,2018-11-16,
AC103874,H01552,Joint Taxable,Fidelity,2017-08-29,2024-03-23
AC103875,H01552,Trust,Charles Schwab & Co.,2017-08-23,2024-03-23
AC103876,H01553,Traditional IRA,Charles Schwab & Co.,2015-11-26,
AC103877,H01553,Rollover IRA,SCHWAB,2015-11-13,
AC103878,H01553,Rollover IRA,Charles Schwab,2015-11-29,
AC103879,H01553,Roth IRA,Schwab,2015-11-16,
AC103880,H01554,Individual Taxable,PERSHING LLC,2016-11-04,
AC103881,H01554,Individual Taxable,BNY Pershing,2016-11-05,
AC103882,H01554,Traditional IRA,Fidelity,2016-11-14,
AC103883,H01555,Traditional IRA,Schwab,2019-09-27,
AC103884,H01555,Trust,BNY Pershing,2019-09-24,
AC103885,H01555,Traditional IRA,SCHWAB,2019-09-30,
AC103886,H01555,Trust,Schwab,2019-09-20,
AC103887,H01556,Joint Taxable,BNY Pershing,2018-04-25,
AC103888,H01556,Traditional IRA,PERSHING LLC,2018-04-26,
AC103889,H01556,Roth IRA,PERSHING LLC,2018-04-30,
AC103890,H01557,Individual Taxable,FIDELITY INVESTMENTS,2022-04-28,
AC103891,H01557,Roth IRA,Schwab,2022-05-07,
AC103892,H01557,Individual Taxable,Schwab,2022-05-01,
AC103893,H01557,529 Plan,Charles Schwab & Co.,2022-05-12,
AC103894,H01558,Traditional IRA,Charles Schwab,2016-11-16,
AC103895,H01558,Rollover IRA,Charles Schwab,2016-11-10,
AC103896,H01559,Traditional IRA,Fidelity,2018-06-20,
AC103897,H01560,Individual Taxable,Fidelity Institutional,2019-02-21,
AC103898,H01560,Individual Taxable,Fidelity,2019-02-09,
AC103899,H01560,Traditional IRA,Fidelity,2019-02-16,
AC103900,H01561,Traditional IRA,Fidelity,2019-11-25,
AC103901,H01562,Traditional IRA,Charles Schwab & Co.,2014-06-03,
AC103902,H01562,Rollover IRA,Charles Schwab & Co.,2014-06-18,
AC103903,H01563,Joint Taxable,Charles Schwab,2015-06-27,
AC103904,H01563,Rollover IRA,Schwab,2015-06-14,
AC103905,H01564,Traditional IRA,Charles Schwab,2018-09-17,2025-04-11
AC103906,H01565,Joint Taxable,Fidelity Institutional,2014-02-15,
AC103907,H01566,Traditional IRA,Charles Schwab,2013-04-04,
AC103908,H01567,Joint Taxable,Charles Schwab & Co.,2022-04-18,2024-11-10
AC103909,H01568,Individual Taxable,SCHWAB,2017-12-29,
AC103910,H01569,Joint Taxable,Fidelity Institutional,2010-08-28,
AC103911,H01569,Rollover IRA,Charles Schwab,2010-08-31,
AC103912,H01569,Traditional IRA,Fidelity,2010-09-02,
AC103913,H01569,Trust,Fidelity,2010-08-31,
AC103914,H01570,Individual Taxable,Schwab,2013-07-16,2024-08-16
AC103915,H01570,Trust,SCHWAB,2013-07-06,2024-08-14
AC103916,H01571,Traditional IRA,Charles Schwab,2022-04-21,
AC103917,H01571,Roth IRA,SCHWAB,2022-04-16,
AC103918,H01572,Joint Taxable,Fidelity,2014-01-01,2025-04-19
AC103919,H01572,Joint Taxable,Fidelity Institutional,2013-12-29,2025-04-21
AC103920,H01572,Joint Taxable,FIDELITY INVESTMENTS,2014-01-11,2025-04-19
AC103921,H01572,Roth IRA,Charles Schwab & Co.,2013-12-30,2025-04-17
AC103922,H01572,Trust,Fidelity Institutional,2014-01-14,2025-04-20
AC103923,H01573,Individual Taxable,Charles Schwab & Co.,2015-01-10,
AC103924,H01573,Roth IRA,PERSHING LLC,2015-01-15,
AC103925,H01573,Individual Taxable,Charles Schwab,2015-01-22,
AC103926,H01574,Individual Taxable,Fidelity Institutional,2020-03-07,
AC103927,H01574,Traditional IRA,Charles Schwab,2020-03-20,
AC103928,H01574,Traditional IRA,SCHWAB,2020-03-13,
AC103929,H01575,Individual Taxable,BNY Pershing,2015-12-14,
AC103930,H01575,Rollover IRA,BNY Pershing,2015-12-03,
AC103931,H01576,Joint Taxable,Schwab,2022-05-03,
AC103932,H01576,Trust,Schwab,2022-04-23,
AC103933,H01577,Joint Taxable,Pershing,2020-10-20,
AC103934,H01577,Joint Taxable,Fidelity Institutional,2020-10-24,
AC103935,H01577,Joint Taxable,Fidelity,2020-10-25,
AC103936,H01578,Traditional IRA,Pershing,2022-05-12,
AC103937,H01578,Roth IRA,BNY Pershing,2022-05-17,
AC103938,H01579,Individual Taxable,Fidelity Institutional,2016-07-02,
AC103939,H01579,Inherited IRA,Fidelity,2016-07-02,
AC103940,H01580,Traditional IRA,SCHWAB,2013-07-16,
AC103941,H01581,Traditional IRA,BNY Pershing,2021-08-31,
AC103942,H01581,Roth IRA,Pershing,2021-08-17,
AC103943,H01581,Traditional IRA,PERSHING LLC,2021-08-19,
AC103944,H01582,Individual Taxable,FIDELITY INVESTMENTS,2009-02-03,
AC103945,H01582,Traditional IRA,FIDELITY INVESTMENTS,2009-02-01,
AC103946,H01582,Rollover IRA,FIDELITY INVESTMENTS,2009-01-21,
AC103947,H01582,Traditional IRA,Fidelity Institutional,2009-01-22,
AC103948,H01583,Traditional IRA,Charles Schwab & Co.,2019-10-03,
AC103949,H01583,Traditional IRA,Charles Schwab,2019-10-09,
AC103950,H01584,Individual Taxable,Charles Schwab,2016-06-27,
AC103951,H01584,Trust,Charles Schwab,2016-07-03,
AC103952,H01585,Traditional IRA,Charles Schwab,2010-03-03,2025-03-20
AC103953,H01585,Roth IRA,Charles Schwab,2010-03-09,2025-03-17
AC103954,H01586,Joint Taxable,Charles Schwab,2019-07-06,
AC103955,H01586,Trust,Schwab,2019-07-05,
AC103956,H01586,Traditional IRA,Charles Schwab & Co.,2019-07-07,
AC103957,H01587,Individual Taxable,SCHWAB,2012-10-01,
AC103958,H01587,Roth IRA,SCHWAB,2012-09-23,
AC103959,H01587,Rollover IRA,Charles Schwab,2012-10-01,
AC103960,H01587,Traditional IRA,Charles Schwab,2012-09-22,
AC103961,H01587,Trust,SCHWAB,2012-09-26,
AC103962,H01588,Traditional IRA,PERSHING LLC,2021-04-04,
AC103963,H01588,Rollover IRA,BNY Pershing,2021-04-12,
AC103964,H01589,Joint Taxable,Charles Schwab & Co.,2022-04-24,
AC103965,H01589,Joint Taxable,Schwab,2022-04-22,
AC103966,H01589,Inherited IRA,SCHWAB,2022-04-24,
AC103967,H01589,Traditional IRA,Charles Schwab,2022-04-27,
AC103968,H01590,Individual Taxable,Schwab,2014-10-10,2024-09-19
AC103969,H01591,Traditional IRA,Fidelity Institutional,2011-12-05,2024-11-29
AC103970,H01592,Traditional IRA,SCHWAB,2022-04-25,
AC103971,H01592,Rollover IRA,FIDELITY INVESTMENTS,2022-04-18,
AC103972,H01592,Roth IRA,Fidelity Institutional,2022-05-01,
AC103973,H01592,Trust,Fidelity Institutional,2022-05-04,
AC103974,H01593,Individual Taxable,Fidelity Institutional,2018-04-14,
AC103975,H01594,Traditional IRA,PERSHING LLC,2018-04-04,2025-05-22
AC103976,H01595,Joint Taxable,Schwab,2021-04-03,
AC103977,H01595,Rollover IRA,Charles Schwab,2021-03-31,
AC103978,H01596,Joint Taxable,Schwab,2013-12-23,2025-01-23
AC103979,H01596,Rollover IRA,Charles Schwab & Co.,2013-12-17,2025-01-25
AC103980,H01596,Traditional IRA,Fidelity Institutional,2013-12-26,2025-01-26
AC103981,H01596,Trust,Schwab,2013-12-21,2025-01-26
AC103982,H01597,Joint Taxable,Fidelity,2016-07-02,
AC103983,H01597,Joint Taxable,FIDELITY INVESTMENTS,2016-06-16,
AC103984,H01598,Traditional IRA,SCHWAB,2022-05-14,
AC103985,H01598,Roth IRA,Schwab,2022-05-02,
AC103986,H01598,Inherited IRA,Charles Schwab & Co.,2022-05-03,
AC103987,H01599,Joint Taxable,Charles Schwab & Co.,2016-05-15,
AC103988,H01600,Individual Taxable,SCHWAB,2016-07-23,
AC103989,H01601,Joint Taxable,SCHWAB,2019-03-05,
AC103990,H01602,Traditional IRA,SCHWAB,2009-05-11,
AC103991,H01603,Traditional IRA,Schwab,2013-09-23,2025-01-19
AC103992,H01603,Inherited IRA,SCHWAB,2013-09-26,2025-01-18
AC103993,H01604,Joint Taxable,BNY Pershing,2018-10-02,2024-12-19
AC103994,H01604,Roth IRA,BNY Pershing,2018-10-10,2024-12-18
AC103995,H01604,Rollover IRA,FIDELITY INVESTMENTS,2018-10-07,2024-12-19
AC103996,H01605,Traditional IRA,SCHWAB,2010-11-26,
AC103997,H01605,Trust,Charles Schwab,2010-11-09,
AC103998,H01605,Trust,Fidelity Institutional,2010-11-27,
AC103999,H01606,Joint Taxable,Schwab,2013-03-08,
AC104000,H01606,Rollover IRA,SCHWAB,2013-03-06,
AC104001,H01607,Traditional IRA,PERSHING LLC,2022-04-17,
AC104002,H01607,Trust,PERSHING LLC,2022-04-04,
AC104003,H01607,Rollover IRA,PERSHING LLC,2022-04-16,
AC104004,H01608,Joint Taxable,Schwab,2021-05-15,
AC104005,H01608,Trust,SCHWAB,2021-05-22,
AC104006,H01608,Traditional IRA,Charles Schwab & Co.,2021-05-16,
AC104007,H01609,Traditional IRA,Schwab,2016-10-13,
AC104008,H01609,Roth IRA,Charles Schwab & Co.,2016-10-09,
AC104009,H01609,Trust,SCHWAB,2016-10-08,
AC104010,H01609,Roth IRA,SCHWAB,2016-10-06,
AC104011,H01609,Roth IRA,Charles Schwab,2016-10-20,
AC104012,H01610,Traditional IRA,SCHWAB,2010-01-24,
AC104013,H01611,Traditional IRA,Fidelity Institutional,2019-11-30,
AC104014,H01611,Individual Taxable,Fidelity Institutional,2019-12-05,
AC104015,H01611,Rollover IRA,FIDELITY INVESTMENTS,2019-11-19,
AC104016,H01611,Trust,Fidelity Institutional,2019-12-06,
AC104017,H01611,Inherited IRA,Fidelity Institutional,2019-11-20,
AC104018,H01612,Traditional IRA,PERSHING LLC,2022-05-05,
AC104019,H01612,Individual Taxable,BNY Pershing,2022-05-06,
AC104020,H01612,Trust,Pershing,2022-05-20,
AC104021,H01612,Roth IRA,PERSHING LLC,2022-05-05,
AC104022,H01613,Individual Taxable,Fidelity Institutional,2020-05-25,2025-03-18
AC104023,H01613,Trust,Charles Schwab & Co.,2020-05-27,2025-03-19
AC104024,H01613,Rollover IRA,FIDELITY INVESTMENTS,2020-05-17,2025-03-18
AC104025,H01614,Joint Taxable,Fidelity Institutional,2022-11-07,
AC104026,H01614,Rollover IRA,Charles Schwab,2022-11-21,
AC104027,H01615,Individual Taxable,Charles Schwab,2019-01-09,
AC104028,H01615,Individual Taxable,SCHWAB,2019-01-14,
AC104029,H01616,Individual Taxable,Schwab,2018-12-13,
AC104030,H01616,Trust,SCHWAB,2018-12-26,
AC104031,H01616,Rollover IRA,Charles Schwab,2018-12-09,
AC104032,H01616,Traditional IRA,Charles Schwab & Co.,2018-12-24,
AC104033,H01617,Traditional IRA,Charles Schwab,2019-01-07,
AC104034,H01617,Traditional IRA,Schwab,2019-01-10,
AC104035,H01618,Joint Taxable,Charles Schwab,2022-05-09,
AC104036,H01618,Rollover IRA,SCHWAB,2022-05-12,
AC104037,H01619,Traditional IRA,PERSHING LLC,2022-04-16,2024-11-07
AC104038,H01619,Rollover IRA,BNY Pershing,2022-04-16,2024-11-09
AC104039,H01619,Joint Taxable,PERSHING LLC,2022-05-02,2024-11-09
AC104040,H01620,Individual Taxable,Schwab,2018-01-26,
AC104041,H01621,Joint Taxable,Fidelity,2022-05-25,
AC104042,H01621,Roth IRA,Charles Schwab & Co.,2022-05-15,
AC104043,H01621,Traditional IRA,Fidelity Institutional,2022-05-20,
AC104044,H01622,Traditional IRA,Charles Schwab,2017-07-23,
AC104045,H01623,Individual Taxable,Pershing,2012-05-14,
AC104046,H01623,Individual Taxable,BNY Pershing,2012-05-03,
AC104047,H01623,Inherited IRA,BNY Pershing,2012-05-13,
AC104048,H01623,Roth IRA,BNY Pershing,2012-05-03,
AC104049,H01624,Traditional IRA,Pershing,2015-04-10,
AC104050,H01624,Rollover IRA,Pershing,2015-04-11,
AC104051,H01624,Inherited IRA,BNY Pershing,2015-04-14,
AC104052,H01624,Traditional IRA,Pershing,2015-04-25,
AC104053,H01625,Individual Taxable,Pershing,2014-07-13,2025-02-16
AC104054,H01625,Individual Taxable,BNY Pershing,2014-07-09,2025-02-19
AC104055,H01625,Traditional IRA,PERSHING LLC,2014-07-11,2025-02-17
AC104056,H01625,Roth IRA,BNY Pershing,2014-07-13,2025-02-17
AC104057,H01625,Trust,Pershing,2014-07-02,2025-02-16
AC104058,H01626,Joint Taxable,FIDELITY INVESTMENTS,2013-09-18,
AC104059,H01626,Trust,FIDELITY INVESTMENTS,2013-09-26,
AC104060,H01626,Trust,Fidelity,2013-09-23,
AC104061,H01627,Traditional IRA,SCHWAB,2014-05-21,
AC104062,H01628,Traditional IRA,Schwab,2022-02-15,
AC104063,H01628,Traditional IRA,Schwab,2022-02-13,
AC104064,H01628,Joint Taxable,Schwab,2022-02-22,
AC104065,H01629,Traditional IRA,Fidelity Institutional,2021-09-03,
AC104066,H01629,Traditional IRA,Charles Schwab,2021-09-09,
AC104067,H01629,Inherited IRA,SCHWAB,2021-09-06,
AC104068,H01629,Traditional IRA,Schwab,2021-08-31,
AC104069,H01630,Joint Taxable,SCHWAB,2019-05-07,
AC104070,H01630,Roth IRA,Pershing,2019-05-03,
AC104071,H01630,Roth IRA,Schwab,2019-05-01,
AC104072,H01631,Individual Taxable,Charles Schwab & Co.,2020-10-18,
AC104073,H01631,Trust,Schwab,2020-10-25,
AC104074,H01632,Joint Taxable,Fidelity,2015-11-25,
AC104075,H01633,Joint Taxable,Schwab,2019-03-17,
AC104076,H01633,Trust,SCHWAB,2019-03-02,
AC104077,H01634,Traditional IRA,BNY Pershing,2016-05-12,
AC104078,H01634,Traditional IRA,Fidelity Institutional,2016-05-02,
AC104079,H01634,Roth IRA,PERSHING LLC,2016-05-03,
AC104080,H01634,Trust,Pershing,2016-05-01,
AC104081,H01635,Joint Taxable,SCHWAB,2018-08-26,
AC104082,H01636,Traditional IRA,Schwab,2012-02-01,
AC104083,H01637,Joint Taxable,Schwab,2021-03-05,
AC104084,H01637,Joint Taxable,SCHWAB,2021-03-16,
AC104085,H01637,Traditional IRA,SCHWAB,2021-03-13,
AC104086,H01638,Individual Taxable,Fidelity,2018-08-20,2024-11-24
AC104087,H01638,Trust,Fidelity Institutional,2018-08-17,2024-11-22
AC104088,H01638,Traditional IRA,Fidelity,2018-08-07,2024-11-25
AC104089,H01639,Traditional IRA,Schwab,2022-05-16,
AC104090,H01639,Rollover IRA,SCHWAB,2022-05-10,
AC104091,H01640,Joint Taxable,Charles Schwab & Co.,2020-07-14,
AC104092,H01640,Joint Taxable,Charles Schwab & Co.,2020-07-18,
AC104093,H01640,Traditional IRA,SCHWAB,2020-07-31,
AC104094,H01641,Traditional IRA,Pershing,2009-12-17,2025-02-18
AC104095,H01642,Traditional IRA,Pershing,2018-02-15,
AC104096,H01642,Traditional IRA,Charles Schwab,2018-02-16,
AC104097,H01642,Trust,Charles Schwab & Co.,2018-02-23,
AC104098,H01642,Traditional IRA,Charles Schwab,2018-02-21,
AC104099,H01643,Joint Taxable,Pershing,2021-09-08,
AC104100,H01643,529 Plan,PERSHING LLC,2021-08-28,
AC104101,H01644,Joint Taxable,Fidelity Institutional,2019-09-24,
AC104102,H01644,Joint Taxable,Fidelity Institutional,2019-09-14,
AC104103,H01645,Joint Taxable,Charles Schwab & Co.,2022-05-20,
AC104104,H01645,Rollover IRA,SCHWAB,2022-05-12,
AC104105,H01645,Roth IRA,Charles Schwab,2022-05-27,
AC104106,H01645,Trust,Charles Schwab & Co.,2022-05-15,
AC104107,H01646,Traditional IRA,FIDELITY INVESTMENTS,2017-06-09,
AC104108,H01646,Rollover IRA,Pershing,2017-05-25,
AC104109,H01646,Trust,Schwab,2017-05-25,
AC104110,H01647,Individual Taxable,PERSHING LLC,2016-09-26,
AC104111,H01647,Trust,Pershing,2016-09-27,
AC104112,H01647,Traditional IRA,Schwab,2016-09-25,
AC104113,H01648,Traditional IRA,FIDELITY INVESTMENTS,2010-10-23,
AC104114,H01648,Traditional IRA,FIDELITY INVESTMENTS,2010-10-10,
AC104115,H01649,Individual Taxable,Charles Schwab & Co.,2007-08-12,
AC104116,H01649,Roth IRA,Charles Schwab & Co.,2007-08-02,
AC104117,H01649,Individual Taxable,SCHWAB,2007-08-01,
AC104118,H01650,Traditional IRA,Charles Schwab,2022-05-08,
AC104119,H01651,Individual Taxable,Charles Schwab,2016-08-18,
AC104120,H01651,Roth IRA,Schwab,2016-08-19,
AC104121,H01651,Individual Taxable,Charles Schwab,2016-08-10,
AC104122,H01652,Traditional IRA,FIDELITY INVESTMENTS,2017-10-12,
AC104123,H01652,Traditional IRA,Fidelity Institutional,2017-10-05,
AC104124,H01652,Rollover IRA,Fidelity Institutional,2017-10-05,
AC104125,H01653,Traditional IRA,BNY Pershing,2015-02-16,
AC104126,H01654,Individual Taxable,Charles Schwab,2015-09-22,2025-04-22
AC104127,H01654,Inherited IRA,Charles Schwab,2015-09-23,2025-04-19
AC104128,H01654,Inherited IRA,Schwab,2015-09-21,2025-04-21
AC104129,H01655,Individual Taxable,Fidelity,2020-05-01,
AC104130,H01655,Traditional IRA,FIDELITY INVESTMENTS,2020-05-10,
AC104131,H01655,Trust,FIDELITY INVESTMENTS,2020-04-27,
AC104132,H01655,Traditional IRA,FIDELITY INVESTMENTS,2020-05-11,
AC104133,H01656,Individual Taxable,FIDELITY INVESTMENTS,2008-07-23,2024-02-15
AC104134,H01656,Traditional IRA,FIDELITY INVESTMENTS,2008-07-14,2024-02-15
AC104135,H01656,Roth IRA,Fidelity,2008-07-19,2024-02-18
AC104136,H01656,Traditional IRA,Fidelity,2008-07-13,2024-02-14
AC104137,H01656,Trust,Fidelity,2008-07-21,2024-02-15
AC104138,H01657,Traditional IRA,Charles Schwab,2019-10-02,
AC104139,H01657,Trust,SCHWAB,2019-10-01,
AC104140,H01657,Traditional IRA,Schwab,2019-09-28,
AC104141,H01658,Traditional IRA,Charles Schwab & Co.,2013-02-25,
AC104142,H01658,Trust,SCHWAB,2013-02-27,
AC104143,H01658,Traditional IRA,Charles Schwab,2013-03-01,
AC104144,H01659,Joint Taxable,Charles Schwab,2021-10-18,2024-11-17
AC104145,H01659,Trust,Charles Schwab,2021-10-14,2024-11-21
AC104146,H01659,Trust,SCHWAB,2021-10-16,2024-11-17
AC104147,H01660,Traditional IRA,Fidelity,2010-05-13,2024-11-19
AC104148,H01660,Roth IRA,FIDELITY INVESTMENTS,2010-05-11,2024-11-16
AC104149,H01660,Traditional IRA,Fidelity,2010-05-15,2024-11-18
AC104150,H01661,Traditional IRA,Charles Schwab,2020-01-02,
AC104151,H01661,Inherited IRA,Schwab,2020-01-04,
AC104152,H01662,Traditional IRA,BNY Pershing,2015-03-24,2023-12-09
AC104153,H01662,Roth IRA,PERSHING LLC,2015-04-02,2023-12-10
AC104154,H01662,Joint Taxable,BNY Pershing,2015-03-20,2023-12-09
AC104155,H01663,Joint Taxable,FIDELITY INVESTMENTS,2010-02-19,
AC104156,H01663,Roth IRA,Fidelity Institutional,2010-02-21,
AC104157,H01664,Joint Taxable,Fidelity Institutional,2022-04-26,
AC104158,H01664,Roth IRA,Fidelity Institutional,2022-04-19,
AC104159,H01664,Joint Taxable,FIDELITY INVESTMENTS,2022-05-02,
AC104160,H01665,Individual Taxable,Fidelity,2017-08-30,2025-07-14
AC104161,H01665,Trust,Fidelity Institutional,2017-09-05,2025-07-15
AC104162,H01665,Traditional IRA,Fidelity Institutional,2017-09-13,2025-07-14
AC104163,H01666,Traditional IRA,Charles Schwab,2012-08-26,2025-02-27
AC104164,H01666,Rollover IRA,SCHWAB,2012-08-26,2025-02-28
AC104165,H01667,Joint Taxable,Charles Schwab,2017-04-30,2023-12-10
AC104166,H01667,Traditional IRA,Charles Schwab & Co.,2017-05-06,2023-12-09
AC104167,H01667,Inherited IRA,Charles Schwab & Co.,2017-04-29,2023-12-09
AC104168,H01667,Traditional IRA,SCHWAB,2017-05-07,2023-12-08
AC104169,H01667,Roth IRA,SCHWAB,2017-04-26,2023-12-08
AC104170,H01668,Individual Taxable,Pershing,2012-11-27,
AC104171,H01668,Traditional IRA,BNY Pershing,2012-11-18,
AC104172,H01669,Joint Taxable,SCHWAB,2022-04-20,
AC104173,H01669,Traditional IRA,SCHWAB,2022-04-22,
AC104174,H01670,Traditional IRA,Fidelity,2016-05-01,
AC104175,H01670,Joint Taxable,Pershing,2016-05-08,
AC104176,H01670,Inherited IRA,FIDELITY INVESTMENTS,2016-05-16,
AC104177,H01671,Traditional IRA,SCHWAB,2015-10-04,
AC104178,H01671,Roth IRA,Charles Schwab,2015-10-08,
AC104179,H01671,Trust,SCHWAB,2015-10-09,
AC104180,H01672,Joint Taxable,SCHWAB,2015-07-05,
AC104181,H01673,Joint Taxable,Pershing,2015-05-15,
AC104182,H01673,Joint Taxable,BNY Pershing,2015-05-06,
AC104183,H01673,Traditional IRA,BNY Pershing,2015-05-03,
AC104184,H01674,Individual Taxable,Fidelity Institutional,2018-09-06,
AC104185,H01674,Roth IRA,FIDELITY INVESTMENTS,2018-09-05,
AC104186,H01675,Traditional IRA,FIDELITY INVESTMENTS,2015-10-11,
AC104187,H01675,Trust,Fidelity Institutional,2015-10-16,
AC104188,H01676,Joint Taxable,Fidelity,2016-05-12,2025-03-26
AC104189,H01676,Roth IRA,Fidelity,2016-05-07,2025-03-28
AC104190,H01677,Traditional IRA,Pershing,2022-04-13,
AC104191,H01677,Traditional IRA,BNY Pershing,2022-04-25,
AC104192,H01678,Traditional IRA,FIDELITY INVESTMENTS,2010-10-05,
AC104193,H01678,Trust,FIDELITY INVESTMENTS,2010-10-05,
AC104194,H01678,Trust,FIDELITY INVESTMENTS,2010-10-14,
AC104195,H01678,Roth IRA,FIDELITY INVESTMENTS,2010-10-15,
AC104196,H01679,Joint Taxable,Fidelity,2014-11-01,
AC104197,H01679,Roth IRA,FIDELITY INVESTMENTS,2014-10-21,
AC104198,H01679,Joint Taxable,FIDELITY INVESTMENTS,2014-10-27,
AC104199,H01679,Roth IRA,Charles Schwab & Co.,2014-11-06,
AC104200,H01680,Traditional IRA,Fidelity,2019-10-17,
AC104201,H01680,Joint Taxable,FIDELITY INVESTMENTS,2019-10-17,
AC104202,H01680,Joint Taxable,FIDELITY INVESTMENTS,2019-10-09,
AC104203,H01681,Individual Taxable,Charles Schwab & Co.,2020-10-07,
AC104204,H01682,Joint Taxable,Schwab,2010-12-02,
AC104205,H01682,Inherited IRA,Charles Schwab,2010-12-06,
AC104206,H01682,Joint Taxable,Charles Schwab,2010-12-01,
AC104207,H01683,Joint Taxable,Charles Schwab,2013-04-17,
AC104208,H01683,Traditional IRA,Charles Schwab,2013-04-22,
AC104209,H01683,Traditional IRA,SCHWAB,2013-04-26,
AC104210,H01683,Traditional IRA,Charles Schwab & Co.,2013-04-29,
AC104211,H01683,Trust,SCHWAB,2013-04-12,
AC104212,H01684,Traditional IRA,Fidelity Institutional,2008-04-17,
AC104213,H01684,Rollover IRA,Fidelity Institutional,2008-04-02,
AC104214,H01684,Trust,FIDELITY INVESTMENTS,2008-04-15,
AC104215,H01685,Joint Taxable,FIDELITY INVESTMENTS,2015-11-29,
AC104216,H01685,Traditional IRA,Fidelity,2015-11-15,
AC104217,H01685,Joint Taxable,Fidelity,2015-11-23,
AC104218,H01685,Joint Taxable,Fidelity,2015-11-25,
AC104219,H01685,Rollover IRA,FIDELITY INVESTMENTS,2015-11-18,
AC104220,H01686,Traditional IRA,Fidelity Institutional,2015-01-24,2024-10-20
AC104221,H01686,Trust,Fidelity Institutional,2015-01-15,2024-10-18
AC104222,H01687,Joint Taxable,Charles Schwab,2018-11-04,
AC104223,H01687,Joint Taxable,Charles Schwab & Co.,2018-11-07,
AC104224,H01687,Traditional IRA,Charles Schwab & Co.,2018-11-16,
AC104225,H01688,Joint Taxable,Fidelity Institutional,2014-05-17,
AC104226,H01688,Joint Taxable,Charles Schwab & Co.,2014-05-05,
AC104227,H01689,Traditional IRA,PERSHING LLC,2015-01-09,
AC104228,H01689,Trust,BNY Pershing,2015-01-05,
AC104229,H01690,Joint Taxable,PERSHING LLC,2011-04-25,
AC104230,H01690,Inherited IRA,BNY Pershing,2011-04-19,
AC104231,H01691,Joint Taxable,BNY Pershing,2021-01-29,
AC104232,H01692,Individual Taxable,Fidelity,2017-07-20,
AC104233,H01692,Rollover IRA,Fidelity Institutional,2017-07-26,
AC104234,H01692,Trust,Fidelity,2017-07-17,
AC104235,H01692,Rollover IRA,Fidelity,2017-07-25,
AC104236,H01692,Inherited IRA,Fidelity Institutional,2017-07-29,
AC104237,H01693,Traditional IRA,SCHWAB,2017-02-24,
AC104238,H01694,Joint Taxable,SCHWAB,2010-06-17,
AC104239,H01694,Traditional IRA,SCHWAB,2010-06-20,
AC104240,H01694,Joint Taxable,Pershing,2010-06-30,
AC104241,H01694,Joint Taxable,Charles Schwab & Co.,2010-06-21,
AC104242,H01695,Joint Taxable,Pershing,2009-07-18,
AC104243,H01695,Traditional IRA,Fidelity Institutional,2009-07-24,
AC104244,H01696,Joint Taxable,Schwab,2011-05-08,
AC104245,H01696,Rollover IRA,Schwab,2011-05-08,
AC104246,H01696,Roth IRA,Charles Schwab,2011-05-11,
AC104247,H01696,Traditional IRA,PERSHING LLC,2011-05-03,
AC104248,H01697,Traditional IRA,Schwab,2015-10-13,
AC104249,H01697,Rollover IRA,SCHWAB,2015-10-04,
AC104250,H01698,Joint Taxable,Pershing,2022-05-13,
AC104251,H01698,Joint Taxable,BNY Pershing,2022-04-25,
AC104252,H01699,Joint Taxable,Schwab,2022-05-08,
AC104253,H01699,Rollover IRA,Charles Schwab,2022-05-04,
AC104254,H01700,Traditional IRA,Fidelity Institutional,2016-12-17,
AC104255,H01700,529 Plan,Fidelity Institutional,2016-12-21,
AC104256,H01700,Individual Taxable,Fidelity Institutional,2016-12-23,
AC104257,H01701,Individual Taxable,SCHWAB,2022-04-23,2025-07-17
AC104258,H01701,Traditional IRA,Charles Schwab,2022-04-11,2025-07-21
AC104259,H01701,Individual Taxable,Charles Schwab,2022-04-13,2025-07-20
AC104260,H01702,Individual Taxable,Fidelity Institutional,2010-03-25,2025-01-27
AC104261,H01702,Traditional IRA,Fidelity,2010-03-20,2025-01-28
AC104262,H01702,Roth IRA,Fidelity Institutional,2010-03-28,2025-01-26
AC104263,H01702,Individual Taxable,FIDELITY INVESTMENTS,2010-03-23,2025-01-29
AC104264,H01703,Individual Taxable,FIDELITY INVESTMENTS,2018-12-21,
AC104265,H01703,Roth IRA,Fidelity,2018-12-14,
AC104266,H01703,Trust,Fidelity,2018-12-02,
AC104267,H01704,Traditional IRA,FIDELITY INVESTMENTS,2019-01-08,
AC104268,H01704,Traditional IRA,Fidelity,2019-01-02,
AC104269,H01704,Roth IRA,Fidelity,2019-01-02,
AC104270,H01705,Traditional IRA,Charles Schwab & Co.,2017-04-25,
AC104271,H01705,Rollover IRA,BNY Pershing,2017-04-28,
AC104272,H01705,Joint Taxable,Pershing,2017-04-28,
AC104273,H01705,Traditional IRA,Charles Schwab & Co.,2017-04-25,
AC104274,H01706,Individual Taxable,Charles Schwab & Co.,2017-03-13,
AC104275,H01706,Trust,Schwab,2017-03-18,
AC104276,H01707,Individual Taxable,PERSHING LLC,2016-01-01,2025-01-12
AC104277,H01707,Trust,Pershing,2015-12-24,2025-01-08
AC104278,H01707,Individual Taxable,Pershing,2015-12-25,2025-01-12
AC104279,H01707,Individual Taxable,PERSHING LLC,2015-12-16,2025-01-10
AC104280,H01708,Traditional IRA,Fidelity,2008-08-17,
AC104281,H01709,Joint Taxable,PERSHING LLC,2017-08-18,
AC104282,H01709,Joint Taxable,BNY Pershing,2017-08-15,
AC104283,H01709,Roth IRA,PERSHING LLC,2017-08-21,
AC104284,H01710,Joint Taxable,Fidelity,2018-01-10,
AC104285,H01711,Individual Taxable,Schwab,2022-04-30,
AC104286,H01711,Individual Taxable,Charles Schwab,2022-04-15,
AC104287,H01711,Inherited IRA,Charles Schwab,2022-04-30,
AC104288,H01712,Individual Taxable,PERSHING LLC,2022-05-02,2025-03-12
AC104289,H01712,Individual Taxable,PERSHING LLC,2022-04-22,2025-03-14
AC104290,H01713,Individual Taxable,Fidelity,2022-05-17,
AC104291,H01713,Traditional IRA,Fidelity,2022-05-24,
AC104292,H01714,Individual Taxable,Charles Schwab & Co.,2015-08-20,
AC104293,H01714,Trust,Charles Schwab,2015-08-11,
AC104294,H01715,Joint Taxable,Charles Schwab,2022-05-28,
AC104295,H01715,Roth IRA,SCHWAB,2022-05-10,
AC104296,H01715,Traditional IRA,Schwab,2022-05-26,
AC104297,H01716,Joint Taxable,Charles Schwab & Co.,2011-09-19,2024-11-14
AC104298,H01716,Trust,Schwab,2011-09-11,2024-11-14
AC104299,H01716,Rollover IRA,SCHWAB,2011-09-12,2024-11-14
AC104300,H01717,Traditional IRA,FIDELITY INVESTMENTS,2007-10-10,
AC104301,H01717,Inherited IRA,FIDELITY INVESTMENTS,2007-10-25,
AC104302,H01718,Joint Taxable,Charles Schwab & Co.,2022-05-10,
AC104303,H01719,Traditional IRA,Pershing,2020-11-11,
AC104304,H01719,Traditional IRA,Pershing,2020-11-22,
AC104305,H01720,Individual Taxable,SCHWAB,2022-04-30,
AC104306,H01720,Trust,BNY Pershing,2022-04-23,
AC104307,H01720,Rollover IRA,SCHWAB,2022-04-23,
AC104308,H01721,Joint Taxable,FIDELITY INVESTMENTS,2016-10-19,
AC104309,H01721,Traditional IRA,FIDELITY INVESTMENTS,2016-10-19,
AC104310,H01722,Individual Taxable,Fidelity,2013-04-22,
AC104311,H01722,Traditional IRA,FIDELITY INVESTMENTS,2013-04-28,
AC104312,H01722,Trust,Fidelity Institutional,2013-04-28,
AC104313,H01722,Trust,Fidelity,2013-04-20,
AC104314,H01723,Traditional IRA,Pershing,2020-12-14,2024-02-29
AC104315,H01723,Roth IRA,Schwab,2020-12-11,2024-02-26
AC104316,H01723,Traditional IRA,SCHWAB,2020-12-26,2024-02-26
AC104317,H01723,Trust,Schwab,2020-12-19,2024-02-27
AC104318,H01723,Trust,SCHWAB,2020-12-18,2024-02-27
AC104319,H01724,Traditional IRA,FIDELITY INVESTMENTS,2017-01-14,
AC104320,H01725,Traditional IRA,Schwab,2020-04-14,
AC104321,H01725,Traditional IRA,Schwab,2020-04-18,
AC104322,H01726,Traditional IRA,SCHWAB,2022-06-11,2024-11-25
AC104323,H01726,Traditional IRA,Charles Schwab,2022-06-25,2024-11-21
AC104324,H01727,Joint Taxable,SCHWAB,2013-02-16,2024-08-21
AC104325,H01727,Inherited IRA,Pershing,2013-03-03,2024-08-19
AC104326,H01728,Individual Taxable,Charles Schwab & Co.,2015-04-17,
AC104327,H01728,Trust,Charles Schwab & Co.,2015-04-08,
AC104328,H01729,Traditional IRA,FIDELITY INVESTMENTS,2022-04-16,2024-02-11
AC104329,H01729,Individual Taxable,Fidelity Institutional,2022-04-30,2024-02-07
AC104330,H01730,Joint Taxable,Charles Schwab & Co.,2022-04-28,2024-02-08
AC104331,H01730,Inherited IRA,SCHWAB,2022-04-20,2024-02-10
AC104332,H01731,Traditional IRA,Schwab,2022-04-21,2023-06-21
AC104333,H01731,Roth IRA,SCHWAB,2022-05-03,2023-06-19
AC104334,H01732,Joint Taxable,Schwab,2020-10-22,
AC104335,H01732,Rollover IRA,Charles Schwab,2020-11-02,
AC104336,H01733,Traditional IRA,SCHWAB,2018-07-20,
AC104337,H01733,Joint Taxable,SCHWAB,2018-07-15,
AC104338,H01734,Joint Taxable,PERSHING LLC,2016-03-04,
AC104339,H01735,Joint Taxable,Charles Schwab,2022-12-15,
AC104340,H01736,Traditional IRA,Charles Schwab & Co.,2019-03-07,
AC104341,H01736,Traditional IRA,SCHWAB,2019-02-22,
AC104342,H01737,Joint Taxable,PERSHING LLC,2016-08-25,
AC104343,H01737,Joint Taxable,PERSHING LLC,2016-08-22,
AC104344,H01737,Traditional IRA,Pershing,2016-08-17,
AC104345,H01737,Rollover IRA,BNY Pershing,2016-08-12,
AC104346,H01738,Individual Taxable,FIDELITY INVESTMENTS,2017-05-05,
AC104347,H01738,Traditional IRA,Fidelity Institutional,2017-05-02,
AC104348,H01738,Inherited IRA,Charles Schwab & Co.,2017-05-04,
AC104349,H01739,Individual Taxable,FIDELITY INVESTMENTS,2011-10-20,
AC104350,H01739,Rollover IRA,Fidelity,2011-10-19,
AC104351,H01739,Roth IRA,Fidelity,2011-11-02,
AC104352,H01739,Rollover IRA,Fidelity,2011-10-18,
AC104353,H01740,Joint Taxable,SCHWAB,2015-12-10,
AC104354,H01741,Traditional IRA,SCHWAB,2007-02-28,
AC104355,H01741,Rollover IRA,Charles Schwab,2007-02-15,
AC104356,H01742,Joint Taxable,BNY Pershing,2020-02-18,
AC104357,H01742,Joint Taxable,Charles Schwab,2020-02-12,
AC104358,H01742,Trust,Pershing,2020-02-16,
AC104359,H01743,Individual Taxable,Charles Schwab,2021-02-07,
AC104360,H01743,Roth IRA,BNY Pershing,2021-02-20,
AC104361,H01743,Roth IRA,Charles Schwab,2021-02-12,
AC104362,H01744,Traditional IRA,PERSHING LLC,2022-08-01,
AC104363,H01744,Joint Taxable,PERSHING LLC,2022-08-12,
AC104364,H01745,Individual Taxable,Schwab,2021-04-26,2024-12-29
AC104365,H01745,Individual Taxable,SCHWAB,2021-05-02,2024-12-28
AC104366,H01746,Individual Taxable,SCHWAB,2020-01-29,2025-07-07
AC104367,H01747,Traditional IRA,PERSHING LLC,2009-06-13,
AC104368,H01748,Traditional IRA,Fidelity Institutional,2019-01-18,
AC104369,H01748,Traditional IRA,FIDELITY INVESTMENTS,2019-01-28,
AC104370,H01748,Traditional IRA,Fidelity,2019-01-25,
AC104371,H01748,Roth IRA,Fidelity Institutional,2019-02-05,
AC104372,H01749,Joint Taxable,Fidelity Institutional,2016-06-23,
AC104373,H01749,Roth IRA,BNY Pershing,2016-07-01,
AC104374,H01750,Traditional IRA,Fidelity,2021-04-19,
AC104375,H01750,Traditional IRA,Fidelity Institutional,2021-04-23,
AC104376,H01750,Joint Taxable,PERSHING LLC,2021-04-26,
AC104377,H01751,Traditional IRA,Fidelity Institutional,2014-05-26,2024-06-17
AC104378,H01751,Joint Taxable,Fidelity Institutional,2014-06-11,2024-06-18
AC104379,H01751,Trust,Fidelity Institutional,2014-06-10,2024-06-18
AC104380,H01752,Joint Taxable,FIDELITY INVESTMENTS,2010-11-19,
AC104381,H01752,Trust,Fidelity Institutional,2010-11-16,
AC104382,H01752,Rollover IRA,Fidelity Institutional,2010-11-13,
AC104383,H01753,Traditional IRA,Charles Schwab,2022-05-10,2023-09-26
AC104384,H01753,Traditional IRA,SCHWAB,2022-05-07,2023-09-22
AC104385,H01753,Traditional IRA,BNY Pershing,2022-05-01,2023-09-22
AC104386,H01753,Individual Taxable,Charles Schwab & Co.,2022-05-16,2023-09-24
AC104387,H01754,Joint Taxable,Charles Schwab & Co.,2012-12-23,
AC104388,H01754,Traditional IRA,Charles Schwab & Co.,2012-12-18,
AC104389,H01755,Individual Taxable,SCHWAB,2019-05-25,2025-07-16
AC104390,H01755,Traditional IRA,Charles Schwab,2019-06-03,2025-07-13
AC104391,H01755,Inherited IRA,Charles Schwab & Co.,2019-06-04,2025-07-12
AC104392,H01756,Traditional IRA,Fidelity Institutional,2022-05-08,
AC104393,H01756,Inherited IRA,Fidelity,2022-05-12,
AC104394,H01757,Traditional IRA,Pershing,2016-03-08,
AC104395,H01758,Joint Taxable,Fidelity Institutional,2016-09-30,
AC104396,H01759,Joint Taxable,Pershing,2013-04-30,
AC104397,H01760,Individual Taxable,Charles Schwab,2015-10-28,
AC104398,H01760,Roth IRA,Charles Schwab,2015-10-12,
AC104399,H01761,Traditional IRA,Charles Schwab,2010-09-07,
AC104400,H01761,Traditional IRA,Schwab,2010-09-20,
AC104401,H01761,Traditional IRA,Charles Schwab & Co.,2010-09-06,
AC104402,H01762,Traditional IRA,Charles Schwab,2020-01-27,
AC104403,H01762,Joint Taxable,Schwab,2020-02-15,
AC104404,H01763,Traditional IRA,Pershing,2016-05-30,
AC104405,H01763,Individual Taxable,Pershing,2016-06-04,
AC104406,H01764,Traditional IRA,Charles Schwab & Co.,2014-02-09,
AC104407,H01764,Traditional IRA,Schwab,2014-02-10,
AC104408,H01765,Traditional IRA,FIDELITY INVESTMENTS,2022-09-06,
AC104409,H01766,Joint Taxable,Charles Schwab,2020-06-07,
AC104410,H01766,Rollover IRA,Schwab,2020-05-29,
AC104411,H01767,Traditional IRA,Fidelity Institutional,2022-04-25,
AC104412,H01767,Rollover IRA,Fidelity,2022-04-27,
AC104413,H01768,Joint Taxable,Fidelity,2022-05-20,
AC104414,H01768,Rollover IRA,Fidelity Institutional,2022-05-03,
AC104415,H01768,Joint Taxable,Fidelity,2022-05-15,
AC104416,H01769,Joint Taxable,FIDELITY INVESTMENTS,2019-01-26,
AC104417,H01769,Traditional IRA,Fidelity Institutional,2019-01-23,
AC104418,H01770,Traditional IRA,Charles Schwab,2013-04-09,2024-10-27
AC104419,H01770,Joint Taxable,SCHWAB,2013-04-04,2024-10-23
AC104420,H01770,Rollover IRA,SCHWAB,2013-04-10,2024-10-26
AC104421,H01770,Traditional IRA,Charles Schwab & Co.,2013-04-06,2024-10-24
AC104422,H01771,Joint Taxable,Fidelity Institutional,2016-04-08,2024-10-28
AC104423,H01771,Inherited IRA,Fidelity,2016-04-02,2024-10-28
AC104424,H01771,Trust,FIDELITY INVESTMENTS,2016-03-27,2024-10-28
AC104425,H01771,Trust,FIDELITY INVESTMENTS,2016-03-30,2024-10-29
AC104426,H01772,Traditional IRA,Charles Schwab & Co.,2022-05-09,
AC104427,H01772,Traditional IRA,Charles Schwab,2022-05-04,
AC104428,H01773,Joint Taxable,Charles Schwab & Co.,2011-05-22,2025-06-26
AC104429,H01773,529 Plan,FIDELITY INVESTMENTS,2011-05-22,2025-06-25
AC104430,H01774,Traditional IRA,Charles Schwab & Co.,2014-10-11,2025-05-25
AC104431,H01774,Trust,SCHWAB,2014-10-24,2025-05-25
AC104432,H01775,Individual Taxable,BNY Pershing,2011-08-14,
AC104433,H01775,Traditional IRA,BNY Pershing,2011-08-23,
AC104434,H01776,Traditional IRA,SCHWAB,2015-12-21,
AC104435,H01776,Individual Taxable,Charles Schwab,2015-12-27,
AC104436,H01776,Roth IRA,SCHWAB,2015-12-14,
AC104437,H01776,Traditional IRA,Charles Schwab & Co.,2015-12-20,
AC104438,H01777,Joint Taxable,Charles Schwab,2014-12-23,2025-07-21
AC104439,H01777,Traditional IRA,Charles Schwab & Co.,2015-01-07,2025-07-22
AC104440,H01778,Traditional IRA,PERSHING LLC,2022-04-26,
AC104441,H01778,Inherited IRA,BNY Pershing,2022-04-22,
AC104442,H01779,Joint Taxable,Fidelity Institutional,2017-10-08,
AC104443,H01779,Joint Taxable,Fidelity,2017-10-14,
AC104444,H01780,Traditional IRA,BNY Pershing,2012-02-24,
AC104445,H01781,Individual Taxable,SCHWAB,2017-11-14,
AC104446,H01781,Inherited IRA,SCHWAB,2017-11-13,
AC104447,H01782,Individual Taxable,Charles Schwab & Co.,2015-12-10,
AC104448,H01782,Individual Taxable,Charles Schwab,2015-12-16,
AC104449,H01783,Individual Taxable,Fidelity,2014-09-10,
AC104450,H01783,529 Plan,Fidelity Institutional,2014-09-09,
AC104451,H01784,Traditional IRA,Fidelity,2020-04-28,
AC104452,H01784,Trust,Fidelity,2020-04-15,
AC104453,H01785,Joint Taxable,SCHWAB,2006-05-01,
AC104454,H01785,Roth IRA,Schwab,2006-05-01,
AC104455,H01785,Trust,Schwab,2006-04-25,
AC104456,H01785,Trust,Charles Schwab & Co.,2006-05-07,
AC104457,H01785,Traditional IRA,SCHWAB,2006-04-28,
AC104458,H01786,Traditional IRA,Schwab,2015-02-01,
AC104459,H01786,Trust,Schwab,2015-01-28,
AC104460,H01786,Joint Taxable,Schwab,2015-01-27,
AC104461,H01787,Joint Taxable,Charles Schwab,2009-10-09,
AC104462,H01788,Individual Taxable,FIDELITY INVESTMENTS,2010-05-31,
AC104463,H01788,Individual Taxable,Fidelity Institutional,2010-06-02,
AC104464,H01789,Individual Taxable,Fidelity Institutional,2012-11-24,
AC104465,H01789,Traditional IRA,Fidelity,2012-12-04,
AC104466,H01790,Joint Taxable,SCHWAB,2022-04-21,
AC104467,H01790,Roth IRA,SCHWAB,2022-04-11,
AC104468,H01790,Rollover IRA,Schwab,2022-04-11,
AC104469,H01791,Traditional IRA,Charles Schwab & Co.,2009-10-20,
AC104470,H01791,Rollover IRA,SCHWAB,2009-10-09,
AC104471,H01791,Traditional IRA,SCHWAB,2009-10-17,
AC104472,H01792,Traditional IRA,PERSHING LLC,2017-07-09,2024-10-10
AC104473,H01793,Joint Taxable,Fidelity Institutional,2015-09-21,2025-07-20
AC104474,H01793,Roth IRA,Fidelity,2015-09-18,2025-07-19
AC104475,H01793,Trust,Fidelity Institutional,2015-09-12,2025-07-19
AC104476,H01794,Joint Taxable,Charles Schwab & Co.,2022-05-26,
AC104477,H01794,Trust,Charles Schwab & Co.,2022-05-16,
AC104478,H01794,Traditional IRA,SCHWAB,2022-05-25,
AC104479,H01794,Inherited IRA,Charles Schwab & Co.,2022-05-28,
AC104480,H01795,Individual Taxable,Schwab,2017-10-16,
AC104481,H01795,Roth IRA,Charles Schwab & Co.,2017-10-27,
AC104482,H01796,Joint Taxable,FIDELITY INVESTMENTS,2022-04-13,
AC104483,H01796,Joint Taxable,Charles Schwab & Co.,2022-04-11,
AC104484,H01796,Trust,Fidelity Institutional,2022-04-17,
AC104485,H01797,Traditional IRA,Charles Schwab & Co.,2019-03-13,
AC104486,H01797,Joint Taxable,Charles Schwab & Co.,2019-03-14,
AC104487,H01797,Traditional IRA,SCHWAB,2019-03-01,
AC104488,H01798,Traditional IRA,Schwab,2010-01-24,
AC104489,H01798,Traditional IRA,Fidelity Institutional,2010-01-26,
AC104490,H01799,Joint Taxable,Charles Schwab & Co.,2011-01-15,2024-10-18
AC104491,H01799,Trust,SCHWAB,2011-01-15,2024-10-19
AC104492,H01800,Traditional IRA,Charles Schwab & Co.,2010-07-26,2025-08-16
AC104493,H01800,Trust,Charles Schwab,2010-07-29,2025-08-16
AC104494,H01800,Trust,Charles Schwab & Co.,2010-08-03,2025-08-18
AC104495,H01801,Joint Taxable,SCHWAB,2020-03-09,
AC104496,H01801,Traditional IRA,Charles Schwab,2020-03-12,
AC104497,H01802,Joint Taxable,Charles Schwab & Co.,2008-12-24,
AC104498,H01802,Traditional IRA,SCHWAB,2008-12-26,
AC104499,H01803,Traditional IRA,Fidelity,2022-02-07,
AC104500,H01803,Traditional IRA,Fidelity Institutional,2022-02-16,
AC104501,H01803,Individual Taxable,PERSHING LLC,2022-02-04,
AC104502,H01803,Traditional IRA,Fidelity Institutional,2022-02-02,
AC104503,H01804,Traditional IRA,SCHWAB,2015-06-11,
AC104504,H01804,Traditional IRA,Schwab,2015-05-29,
AC104505,H01805,Joint Taxable,Fidelity,2015-08-11,
AC104506,H01806,Joint Taxable,Charles Schwab,2022-05-19,
AC104507,H01806,Joint Taxable,BNY Pershing,2022-05-16,
AC104508,H01806,Traditional IRA,BNY Pershing,2022-05-18,
AC104509,H01806,529 Plan,PERSHING LLC,2022-05-23,
AC104510,H01806,Traditional IRA,Charles Schwab,2022-05-15,
AC104511,H01807,Traditional IRA,Schwab,2019-07-25,
AC104512,H01807,Traditional IRA,Charles Schwab,2019-08-09,
AC104513,H01808,Joint Taxable,Charles Schwab & Co.,2014-09-22,2024-11-16
AC104514,H01808,Trust,Charles Schwab,2014-09-20,2024-11-14
AC104515,H01809,Traditional IRA,Fidelity Institutional,2019-12-27,
AC104516,H01809,Inherited IRA,FIDELITY INVESTMENTS,2019-12-28,
AC104517,H01809,Traditional IRA,Fidelity,2020-01-13,
AC104518,H01809,Trust,BNY Pershing,2019-12-31,
AC104519,H01810,Joint Taxable,SCHWAB,2016-09-12,
AC104520,H01810,Rollover IRA,SCHWAB,2016-09-14,
AC104521,H01811,Individual Taxable,Fidelity Institutional,2014-12-07,
AC104522,H01811,Trust,Fidelity,2014-12-25,
AC104523,H01812,Individual Taxable,Schwab,2017-07-21,
AC104524,H01813,Joint Taxable,Charles Schwab & Co.,2013-08-28,2025-02-18
AC104525,H01813,Traditional IRA,Charles Schwab,2013-08-20,2025-02-20
AC104526,H01814,Joint Taxable,BNY Pershing,2022-05-04,
AC104527,H01814,Joint Taxable,PERSHING LLC,2022-05-04,
AC104528,H01814,Joint Taxable,Pershing,2022-05-07,
AC104529,H01815,Traditional IRA,Pershing,2018-03-24,2025-10-24
AC104530,H01815,Individual Taxable,Pershing,2018-03-27,2025-10-23
AC104531,H01816,Traditional IRA,Pershing,2009-08-10,
AC104532,H01816,Individual Taxable,Pershing,2009-08-21,
AC104533,H01816,Trust,BNY Pershing,2009-08-17,
AC104534,H01817,Traditional IRA,Charles Schwab & Co.,2018-11-01,
AC104535,H01817,Roth IRA,Charles Schwab & Co.,2018-11-12,
AC104536,H01818,Traditional IRA,Schwab,2007-03-08,
AC104537,H01818,Trust,Charles Schwab & Co.,2007-02-24,
AC104538,H01818,Traditional IRA,Schwab,2007-03-06,
AC104539,H01818,Joint Taxable,SCHWAB,2007-03-03,
AC104540,H01819,Traditional IRA,Pershing,2011-06-29,
AC104541,H01819,Rollover IRA,BNY Pershing,2011-07-06,
AC104542,H01819,Trust,BNY Pershing,2011-06-27,
AC104543,H01820,Traditional IRA,Fidelity Institutional,2022-11-26,
AC104544,H01820,Rollover IRA,FIDELITY INVESTMENTS,2022-11-22,
AC104545,H01820,Traditional IRA,Fidelity Institutional,2022-12-01,
AC104546,H01821,Joint Taxable,PERSHING LLC,2016-05-22,
AC104547,H01822,Traditional IRA,Fidelity,2023-01-11,
AC104548,H01823,Traditional IRA,SCHWAB,2011-10-20,
AC104549,H01823,Trust,Charles Schwab & Co.,2011-11-04,
AC104550,H01824,Traditional IRA,Fidelity Institutional,2019-07-25,
AC104551,H01825,Individual Taxable,Charles Schwab,2022-05-10,
AC104552,H01825,Traditional IRA,Charles Schwab & Co.,2022-05-18,
AC104553,H01826,Joint Taxable,Fidelity,2021-02-09,
AC104554,H01826,Trust,Fidelity,2021-02-19,
AC104555,H01826,Joint Taxable,BNY Pershing,2021-02-11,
AC104556,H01827,Joint Taxable,FIDELITY INVESTMENTS,2017-01-10,2023-09-16
AC104557,H01827,Roth IRA,Fidelity,2017-01-19,2023-09-18
AC104558,H01828,Individual Taxable,SCHWAB,2012-11-10,
AC104559,H01829,Traditional IRA,Charles Schwab & Co.,2017-12-16,
AC104560,H01829,Rollover IRA,Fidelity,2017-12-31,
AC104561,H01829,Rollover IRA,Schwab,2017-12-29,
AC104562,H01830,Traditional IRA,PERSHING LLC,2022-05-21,
AC104563,H01830,Trust,Pershing,2022-05-20,
AC104564,H01831,Individual Taxable,Fidelity,2022-06-03,
AC104565,H01831,Trust,Charles Schwab,2022-05-26,
AC104566,H01832,Joint Taxable,Charles Schwab,2013-08-19,
AC104567,H01833,Individual Taxable,Fidelity,2012-05-20,
AC104568,H01834,Traditional IRA,Schwab,2012-02-27,
AC104569,H01834,Rollover IRA,SCHWAB,2012-02-23,
AC104570,H01835,Joint Taxable,BNY Pershing,2013-04-15,2025-06-28
AC104571,H01835,Traditional IRA,Charles Schwab & Co.,2013-04-15,2025-06-26
AC104572,H01836,Joint Taxable,Charles Schwab,2010-01-04,
AC104573,H01837,Joint Taxable,Fidelity Institutional,2015-01-08,
AC104574,H01837,Traditional IRA,SCHWAB,2015-01-07,
AC104575,H01837,Joint Taxable,Charles Schwab & Co.,2015-01-06,
AC104576,H01838,Individual Taxable,Fidelity,2011-09-25,
AC104577,H01838,Trust,FIDELITY INVESTMENTS,2011-10-04,
AC104578,H01839,Joint Taxable,SCHWAB,2016-06-03,
AC104579,H01839,Rollover IRA,Charles Schwab,2016-05-20,
AC104580,H01840,Traditional IRA,BNY Pershing,2013-01-19,
AC104581,H01840,Rollover IRA,PERSHING LLC,2013-01-22,
AC104582,H01840,Rollover IRA,Pershing,2013-01-27,
AC104583,H01841,Joint Taxable,Schwab,2022-05-15,
AC104584,H01842,Traditional IRA,BNY Pershing,2018-02-06,2025-10-13
AC104585,H01843,Joint Taxable,Fidelity Institutional,2020-10-11,
AC104586,H01843,Traditional IRA,FIDELITY INVESTMENTS,2020-10-07,
AC104587,H01843,Inherited IRA,Fidelity Institutional,2020-10-19,
AC104588,H01844,Joint Taxable,Fidelity Institutional,2021-03-28,
AC104589,H01844,Trust,Pershing,2021-04-11,
AC104590,H01844,Joint Taxable,Fidelity,2021-04-01,
AC104591,H01845,Traditional IRA,Charles Schwab,2018-04-07,
AC104592,H01845,Traditional IRA,Charles Schwab & Co.,2018-03-24,
AC104593,H01846,Traditional IRA,Fidelity Institutional,2020-03-26,
AC104594,H01846,Rollover IRA,Fidelity,2020-03-09,
AC104595,H01847,Traditional IRA,Schwab,2015-06-27,2025-09-10
AC104596,H01847,Trust,SCHWAB,2015-06-23,2025-09-12
AC104597,H01847,Traditional IRA,Charles Schwab,2015-06-27,2025-09-10
AC104598,H01847,Individual Taxable,Charles Schwab,2015-06-25,2025-09-11
AC104599,H01847,Roth IRA,PERSHING LLC,2015-06-26,2025-09-12
AC104600,H01848,Traditional IRA,Charles Schwab & Co.,2010-03-20,
AC104601,H01848,Rollover IRA,Fidelity,2010-03-16,
AC104602,H01848,Trust,Fidelity Institutional,2010-03-09,
AC104603,H01849,Individual Taxable,Charles Schwab & Co.,2009-11-25,
AC104604,H01849,Traditional IRA,Charles Schwab & Co.,2009-11-29,
AC104605,H01850,Joint Taxable,Charles Schwab & Co.,2022-04-15,
AC104606,H01850,Roth IRA,SCHWAB,2022-04-30,
AC104607,H01851,Traditional IRA,FIDELITY INVESTMENTS,2011-07-07,
AC104608,H01851,Roth IRA,Fidelity,2011-07-09,
AC104609,H01852,Individual Taxable,Schwab,2010-12-03,2024-12-20
AC104610,H01852,Roth IRA,Charles Schwab & Co.,2010-12-08,2024-12-19
AC104611,H01852,Individual Taxable,Charles Schwab,2010-11-29,2024-12-19
AC104612,H01852,Traditional IRA,SCHWAB,2010-12-06,2024-12-18
AC104613,H01853,Individual Taxable,SCHWAB,2021-03-28,2025-07-19
AC104614,H01853,Trust,SCHWAB,2021-03-30,2025-07-19
AC104615,H01854,Joint Taxable,Schwab,2010-06-26,
AC104616,H01855,Traditional IRA,Charles Schwab & Co.,2016-06-16,
AC104617,H01856,Traditional IRA,PERSHING LLC,2013-06-17,2024-05-16
AC104618,H01856,Rollover IRA,Charles Schwab,2013-06-27,2024-05-18
AC104619,H01857,Traditional IRA,SCHWAB,2020-01-22,
AC104620,H01858,Individual Taxable,Charles Schwab & Co.,2018-05-20,
AC104621,H01858,Traditional IRA,SCHWAB,2018-05-19,
AC104622,H01859,Individual Taxable,Schwab,2016-12-30,
AC104623,H01859,Individual Taxable,Schwab,2016-12-28,
AC104624,H01859,Trust,Charles Schwab & Co.,2017-01-14,
AC104625,H01860,Traditional IRA,Charles Schwab & Co.,2016-01-17,
AC104626,H01860,Traditional IRA,SCHWAB,2016-01-05,
AC104627,H01861,Individual Taxable,Fidelity,2019-11-30,
AC104628,H01862,Joint Taxable,Fidelity,2021-03-26,
AC104629,H01862,Rollover IRA,Pershing,2021-03-19,
AC104630,H01862,Roth IRA,FIDELITY INVESTMENTS,2021-03-19,
AC104631,H01862,Trust,Fidelity Institutional,2021-03-26,
AC104632,H01862,Traditional IRA,FIDELITY INVESTMENTS,2021-03-27,
AC104633,H01863,Individual Taxable,Charles Schwab & Co.,2014-07-08,
AC104634,H01864,Joint Taxable,Pershing,2022-04-28,2023-06-09
AC104635,H01864,Trust,Pershing,2022-04-30,2023-06-06
AC104636,H01865,Individual Taxable,BNY Pershing,2019-07-06,
AC104637,H01866,Joint Taxable,Fidelity,2017-06-17,
AC104638,H01866,Traditional IRA,Fidelity Institutional,2017-06-07,
AC104639,H01867,Traditional IRA,FIDELITY INVESTMENTS,2022-05-19,
AC104640,H01867,Trust,Fidelity,2022-05-16,
AC104641,H01867,Joint Taxable,FIDELITY INVESTMENTS,2022-05-18,
AC104642,H01867,Rollover IRA,FIDELITY INVESTMENTS,2022-05-15,
AC104643,H01868,Traditional IRA,Charles Schwab,2019-05-31,
AC104644,H01869,Traditional IRA,SCHWAB,2012-01-06,
AC104645,H01870,Individual Taxable,Charles Schwab & Co.,2022-05-11,
AC104646,H01870,Roth IRA,Charles Schwab & Co.,2022-05-20,
AC104647,H01871,Traditional IRA,Charles Schwab & Co.,2022-05-24,
AC104648,H01872,Joint Taxable,PERSHING LLC,2021-02-03,2023-12-15
AC104649,H01872,Trust,Pershing,2021-01-18,2023-12-14
AC104650,H01872,Traditional IRA,Pershing,2021-02-01,2023-12-16
AC104651,H01873,Joint Taxable,Fidelity Institutional,2018-01-16,
AC104652,H01874,Joint Taxable,SCHWAB,2021-05-05,
AC104653,H01874,Traditional IRA,PERSHING LLC,2021-05-08,
AC104654,H01874,Traditional IRA,BNY Pershing,2021-04-29,
AC104655,H01875,Traditional IRA,Charles Schwab & Co.,2014-06-15,
AC104656,H01875,Trust,SCHWAB,2014-06-15,
AC104657,H01876,Traditional IRA,Schwab,2022-09-24,
AC104658,H01876,Roth IRA,Charles Schwab,2022-09-22,
AC104659,H01876,Joint Taxable,Charles Schwab,2022-09-25,
AC104660,H01877,Joint Taxable,Charles Schwab & Co.,2020-11-30,
AC104661,H01877,Roth IRA,Charles Schwab & Co.,2020-11-27,
AC104662,H01877,Joint Taxable,Charles Schwab,2020-11-23,
AC104663,H01878,Individual Taxable,Fidelity,2022-04-11,2024-07-13
AC104664,H01878,Traditional IRA,Charles Schwab,2022-04-09,2024-07-09
AC104665,H01879,Joint Taxable,Charles Schwab,2022-04-24,2023-06-25
AC104666,H01879,Joint Taxable,Schwab,2022-05-07,2023-06-29
AC104667,H01879,Rollover IRA,SCHWAB,2022-04-24,2023-06-28
AC104668,H01880,Traditional IRA,Charles Schwab,2018-11-19,
AC104669,H01880,Roth IRA,Charles Schwab & Co.,2018-11-14,
AC104670,H01881,Joint Taxable,SCHWAB,2015-02-08,
AC104671,H01881,Roth IRA,Charles Schwab,2015-02-12,
AC104672,H01882,Traditional IRA,PERSHING LLC,2017-04-06,
AC104673,H01882,Rollover IRA,Pershing,2017-04-10,
AC104674,H01883,Joint Taxable,Charles Schwab,2017-04-02,2025-02-12
AC104675,H01883,Inherited IRA,SCHWAB,2017-04-02,2025-02-12
AC104676,H01883,Traditional IRA,SCHWAB,2017-03-25,2025-02-14
AC104677,H01883,Rollover IRA,Charles Schwab & Co.,2017-03-31,2025-02-13
AC104678,H01884,Traditional IRA,Fidelity Institutional,2022-03-26,
AC104679,H01885,Individual Taxable,Fidelity,2009-04-25,
AC104680,H01885,Individual Taxable,Fidelity,2009-04-14,
AC104681,H01885,Traditional IRA,Fidelity,2009-04-16,
AC104682,H01886,Joint Taxable,Charles Schwab,2019-01-21,
AC104683,H01886,Trust,Charles Schwab & Co.,2019-01-20,
AC104684,H01887,Individual Taxable,Schwab,2018-11-06,
AC104685,H01887,Trust,BNY Pershing,2018-11-01,
AC104686,H01888,Joint Taxable,Charles Schwab & Co.,2006-11-19,2025-10-26
AC104687,H01888,529 Plan,Schwab,2006-11-14,2025-10-23
AC104688,H01889,Joint Taxable,Schwab,2017-02-13,
AC104689,H01889,Inherited IRA,Charles Schwab,2017-03-03,
AC104690,H01890,Individual Taxable,Charles Schwab & Co.,2020-06-08,
AC104691,H01891,Individual Taxable,BNY Pershing,2016-05-28,
AC104692,H01892,Traditional IRA,Pershing,2018-06-02,
AC104693,H01892,Trust,Pershing,2018-05-18,
AC104694,H01893,Joint Taxable,BNY Pershing,2013-07-03,
AC104695,H01893,Inherited IRA,Charles Schwab & Co.,2013-07-18,
AC104696,H01894,Traditional IRA,SCHWAB,2015-05-07,
AC104697,H01894,Traditional IRA,Schwab,2015-04-20,
AC104698,H01894,Rollover IRA,SCHWAB,2015-05-06,
AC104699,H01895,Individual Taxable,Schwab,2022-05-16,2025-03-22
AC104700,H01895,Rollover IRA,SCHWAB,2022-05-21,2025-03-20
AC104701,H01896,Individual Taxable,PERSHING LLC,2014-04-29,
AC104702,H01896,Roth IRA,Pershing,2014-04-17,
AC104703,H01896,Rollover IRA,PERSHING LLC,2014-04-28,
AC104704,H01897,Traditional IRA,FIDELITY INVESTMENTS,2011-11-23,
AC104705,H01897,Rollover IRA,Fidelity,2011-11-24,
AC104706,H01897,Inherited IRA,Fidelity,2011-11-16,
AC104707,H01897,Roth IRA,Pershing,2011-11-20,
AC104708,H01897,Inherited IRA,SCHWAB,2011-11-16,
AC104709,H01898,Traditional IRA,Fidelity,2022-03-09,2024-10-22
AC104710,H01898,Individual Taxable,FIDELITY INVESTMENTS,2022-03-21,2024-10-18
AC104711,H01899,Joint Taxable,Schwab,2013-05-12,
AC104712,H01899,Traditional IRA,Schwab,2013-05-14,
AC104713,H01900,Joint Taxable,SCHWAB,2017-03-28,2024-06-23
AC104714,H01900,Traditional IRA,Charles Schwab,2017-04-14,2024-06-25
AC104715,H01901,Traditional IRA,Fidelity Institutional,2015-05-28,
AC104716,H01901,Traditional IRA,FIDELITY INVESTMENTS,2015-06-10,
AC104717,H01902,Individual Taxable,Charles Schwab,2022-11-07,
AC104718,H01903,Traditional IRA,SCHWAB,2011-12-18,
AC104719,H01903,529 Plan,Charles Schwab & Co.,2011-12-07,
AC104720,H01903,Individual Taxable,Charles Schwab,2011-12-12,
AC104721,H01903,Individual Taxable,FIDELITY INVESTMENTS,2011-12-15,
AC104722,H01904,Traditional IRA,BNY Pershing,2022-05-29,
AC104723,H01905,Individual Taxable,Schwab,2011-01-31,
AC104724,H01905,Rollover IRA,Schwab,2011-01-25,
AC104725,H01906,Traditional IRA,Charles Schwab & Co.,2016-11-17,2024-12-30
AC104726,H01906,Traditional IRA,PERSHING LLC,2016-11-07,2024-12-29
AC104727,H01906,Traditional IRA,BNY Pershing,2016-11-08,2024-12-26
AC104728,H01906,Trust,Pershing,2016-11-19,2024-12-28
AC104729,H01906,Roth IRA,PERSHING LLC,2016-11-08,2024-12-30
AC104730,H01907,Traditional IRA,SCHWAB,2015-05-20,
AC104731,H01907,Roth IRA,BNY Pershing,2015-05-19,
AC104732,H01908,Joint Taxable,Charles Schwab & Co.,2009-12-08,
AC104733,H01908,Trust,Schwab,2009-11-20,
AC104734,H01908,Joint Taxable,SCHWAB,2009-11-29,
AC104735,H01908,Trust,Fidelity,2009-12-06,
AC104736,H01908,Inherited IRA,SCHWAB,2009-12-09,
AC104737,H01909,Traditional IRA,FIDELITY INVESTMENTS,2022-02-01,
AC104738,H01909,Traditional IRA,Fidelity Institutional,2022-01-24,
AC104739,H01909,Traditional IRA,FIDELITY INVESTMENTS,2022-01-31,
AC104740,H01910,Joint Taxable,SCHWAB,2019-08-18,
AC104741,H01910,Traditional IRA,Charles Schwab,2019-08-29,
AC104742,H01910,Roth IRA,Schwab,2019-08-27,
AC104743,H01910,Traditional IRA,Charles Schwab,2019-08-17,
AC104744,H01911,Individual Taxable,Fidelity,2020-03-20,
AC104745,H01911,Individual Taxable,PERSHING LLC,2020-03-12,
AC104746,H01911,Roth IRA,Fidelity Institutional,2020-03-19,
AC104747,H01911,Individual Taxable,FIDELITY INVESTMENTS,2020-03-15,
AC104748,H01911,Traditional IRA,Fidelity,2020-03-29,
AC104749,H01912,Traditional IRA,Charles Schwab & Co.,2016-11-08,2025-06-13
AC104750,H01912,Individual Taxable,Charles Schwab,2016-11-17,2025-06-13
AC104751,H01912,Inherited IRA,Charles Schwab,2016-11-09,2025-06-12
AC104752,H01913,Traditional IRA,Fidelity Institutional,2013-06-13,
AC104753,H01914,Joint Taxable,SCHWAB,2018-08-06,
AC104754,H01914,Rollover IRA,Charles Schwab,2018-07-26,
AC104755,H01914,Trust,Schwab,2018-07-29,
AC104756,H01915,Individual Taxable,Fidelity Institutional,2015-05-04,
AC104757,H01916,Joint Taxable,Charles Schwab,2017-02-11,
AC104758,H01916,Roth IRA,Charles Schwab & Co.,2017-02-16,
AC104759,H01916,Joint Taxable,SCHWAB,2017-02-15,
AC104760,H01917,Traditional IRA,SCHWAB,2013-11-16,
AC104761,H01918,Joint Taxable,BNY Pershing,2016-08-05,2025-09-22
AC104762,H01918,Traditional IRA,Charles Schwab & Co.,2016-08-06,2025-09-26
AC104763,H01919,Joint Taxable,Fidelity Institutional,2015-07-25,
AC104764,H01919,Traditional IRA,Fidelity Institutional,2015-08-05,
AC104765,H01919,Joint Taxable,FIDELITY INVESTMENTS,2015-07-29,
AC104766,H01919,Trust,Fidelity Institutional,2015-08-07,
AC104767,H01920,Individual Taxable,Fidelity,2008-04-03,
AC104768,H01920,Rollover IRA,BNY Pershing,2008-03-26,
AC104769,H01920,Individual Taxable,Fidelity,2008-03-28,
AC104770,H01920,Individual Taxable,Fidelity,2008-04-02,
AC104771,H01921,Individual Taxable,BNY Pershing,2020-03-31,
AC104772,H01921,Trust,Schwab,2020-04-03,
AC104773,H01921,Individual Taxable,Charles Schwab & Co.,2020-04-12,
AC104774,H01922,Traditional IRA,Charles Schwab & Co.,2021-11-19,2025-09-14
AC104775,H01922,Trust,Charles Schwab & Co.,2021-11-23,2025-09-12
AC104776,H01922,Trust,Schwab,2021-11-21,2025-09-12
AC104777,H01922,Rollover IRA,Charles Schwab & Co.,2021-11-11,2025-09-12
AC104778,H01923,Joint Taxable,FIDELITY INVESTMENTS,2022-11-08,
AC104779,H01923,Traditional IRA,Fidelity Institutional,2022-11-07,
AC104780,H01923,Trust,Fidelity Institutional,2022-10-27,
AC104781,H01924,Joint Taxable,Pershing,2019-01-08,
AC104782,H01924,Inherited IRA,BNY Pershing,2018-12-26,
AC104783,H01924,Roth IRA,PERSHING LLC,2018-12-28,
AC104784,H01925,Individual Taxable,Pershing,2020-01-29,
AC104785,H01926,Traditional IRA,Charles Schwab,2016-03-01,
AC104786,H01926,Rollover IRA,Charles Schwab,2016-02-23,
AC104787,H01926,Rollover IRA,Charles Schwab & Co.,2016-03-10,
AC104788,H01927,Traditional IRA,FIDELITY INVESTMENTS,2012-11-17,
AC104789,H01928,Joint Taxable,Charles Schwab & Co.,2019-11-19,
AC104790,H01929,Joint Taxable,FIDELITY INVESTMENTS,2022-05-02,
AC104791,H01930,Joint Taxable,BNY Pershing,2021-09-22,
AC104792,H01930,Traditional IRA,FIDELITY INVESTMENTS,2021-10-09,
AC104793,H01931,Traditional IRA,Charles Schwab,2021-06-03,2025-01-26
AC104794,H01931,Roth IRA,Pershing,2021-06-06,2025-01-28
AC104795,H01932,Joint Taxable,Charles Schwab,2022-05-05,
AC104796,H01933,Individual Taxable,PERSHING LLC,2013-11-12,2025-06-23
AC104797,H01933,Traditional IRA,BNY Pershing,2013-11-12,2025-06-22
AC104798,H01934,Joint Taxable,Pershing,2017-11-05,
AC104799,H01934,Traditional IRA,FIDELITY INVESTMENTS,2017-11-12,
AC104800,H01934,Rollover IRA,BNY Pershing,2017-11-01,
AC104801,H01935,Traditional IRA,Charles Schwab & Co.,2021-03-09,
AC104802,H01935,Traditional IRA,Charles Schwab & Co.,2021-03-12,
AC104803,H01936,Joint Taxable,Fidelity Institutional,2013-03-05,
AC104804,H01936,Traditional IRA,Fidelity Institutional,2013-03-02,
AC104805,H01936,Rollover IRA,Fidelity,2013-03-02,
AC104806,H01937,Traditional IRA,Schwab,2014-03-03,
AC104807,H01937,Traditional IRA,PERSHING LLC,2014-02-25,
AC104808,H01937,Roth IRA,Charles Schwab & Co.,2014-02-23,
AC104809,H01938,Individual Taxable,FIDELITY INVESTMENTS,2022-05-01,
AC104810,H01938,Trust,Fidelity Institutional,2022-05-09,
AC104811,H01938,Trust,Fidelity,2022-04-25,
AC104812,H01939,Traditional IRA,Fidelity,2022-05-12,
AC104813,H01940,Traditional IRA,Schwab,2018-12-20,2024-11-12
AC104814,H01940,Traditional IRA,Charles Schwab,2018-12-21,2024-11-11
AC104815,H01941,Traditional IRA,Fidelity Institutional,2015-02-12,
AC104816,H01941,Joint Taxable,Fidelity,2015-02-10,
AC104817,H01942,Individual Taxable,FIDELITY INVESTMENTS,2019-05-10,2024-05-27
AC104818,H01942,Rollover IRA,Schwab,2019-04-23,2024-05-23
AC104819,H01942,Individual Taxable,SCHWAB,2019-05-08,2024-05-25
AC104820,H01942,Rollover IRA,Schwab,2019-04-28,2024-05-25
AC104821,H01942,Traditional IRA,Charles Schwab,2019-05-08,2024-05-25
AC104822,H01943,Joint Taxable,Schwab,2022-05-22,
AC104823,H01943,Trust,Charles Schwab & Co.,2022-05-22,
AC104824,H01943,Joint Taxable,Schwab,2022-05-27,
AC104825,H01944,Joint Taxable,Schwab,2022-11-14,
AC104826,H01944,Joint Taxable,Charles Schwab,2022-11-13,
AC104827,H01944,Trust,Charles Schwab,2022-11-07,
AC104828,H01944,Joint Taxable,Schwab,2022-10-28,
AC104829,H01945,Traditional IRA,Schwab,2018-09-01,
AC104830,H01945,Traditional IRA,Schwab,2018-09-09,
AC104831,H01946,Individual Taxable,BNY Pershing,2022-05-21,
AC104832,H01947,Individual Taxable,Fidelity,2011-05-23,2025-02-09
AC104833,H01948,Traditional IRA,SCHWAB,2017-12-05,
AC104834,H01948,Traditional IRA,Charles Schwab,2017-12-22,
AC104835,H01949,Individual Taxable,FIDELITY INVESTMENTS,2021-11-18,
AC104836,H01950,Individual Taxable,Charles Schwab,2011-02-28,
AC104837,H01950,Roth IRA,SCHWAB,2011-02-15,
AC104838,H01950,Traditional IRA,Schwab,2011-02-26,
AC104839,H01950,Inherited IRA,BNY Pershing,2011-02-12,
AC104840,H01951,Traditional IRA,Fidelity Institutional,2022-04-19,
AC104841,H01952,Joint Taxable,Schwab,2022-04-08,
AC104842,H01952,Trust,Fidelity Institutional,2022-04-10,
AC104843,H01952,Roth IRA,SCHWAB,2022-04-25,
AC104844,H01953,Joint Taxable,SCHWAB,2017-07-18,
AC104845,H01953,Trust,Charles Schwab,2017-07-17,
AC104846,H01953,Traditional IRA,Charles Schwab,2017-07-27,
AC104847,H01954,Traditional IRA,SCHWAB,2021-09-24,2024-05-11
AC104848,H01954,Roth IRA,SCHWAB,2021-10-09,2024-05-10
AC104849,H01954,Trust,SCHWAB,2021-10-07,2024-05-12
AC104850,H01955,Joint Taxable,Charles Schwab & Co.,2014-08-30,2025-10-14
AC104851,H01956,Traditional IRA,Fidelity,2021-02-01,
AC104852,H01956,Traditional IRA,Fidelity,2021-02-14,
AC104853,H01957,Joint Taxable,FIDELITY INVESTMENTS,2022-01-20,
AC104854,H01957,Inherited IRA,Fidelity,2022-02-01,
AC104855,H01957,Roth IRA,Fidelity Institutional,2022-01-21,
AC104856,H01957,Roth IRA,FIDELITY INVESTMENTS,2022-01-22,
AC104857,H01957,Roth IRA,Fidelity Institutional,2022-02-02,
AC104858,H01958,Traditional IRA,Charles Schwab & Co.,2013-06-09,2023-09-08
AC104859,H01958,Rollover IRA,Charles Schwab & Co.,2013-06-06,2023-09-07
AC104860,H01958,Roth IRA,Charles Schwab,2013-06-12,2023-09-10
AC104861,H01958,Roth IRA,Schwab,2013-06-08,2023-09-09
AC104862,H01958,Inherited IRA,Charles Schwab,2013-05-31,2023-09-10
AC104863,H01959,Individual Taxable,SCHWAB,2017-06-02,2025-08-26
AC104864,H01960,Joint Taxable,Charles Schwab,2012-03-12,2024-01-22
AC104865,H01960,Joint Taxable,SCHWAB,2012-03-18,2024-01-22
AC104866,H01961,Joint Taxable,Charles Schwab & Co.,2011-07-19,
AC104867,H01961,Traditional IRA,Charles Schwab,2011-07-03,
AC104868,H01961,Traditional IRA,Charles Schwab & Co.,2011-07-08,
AC104869,H01962,Individual Taxable,Charles Schwab & Co.,2021-03-19,
AC104870,H01962,Rollover IRA,SCHWAB,2021-03-25,
AC104871,H01962,Inherited IRA,SCHWAB,2021-03-23,
AC104872,H01963,Joint Taxable,Charles Schwab,2015-10-01,
AC104873,H01963,Trust,Charles Schwab & Co.,2015-10-04,
AC104874,H01964,Joint Taxable,PERSHING LLC,2020-12-16,
AC104875,H01965,Joint Taxable,SCHWAB,2007-03-07,
AC104876,H01965,Joint Taxable,Schwab,2007-02-19,
AC104877,H01966,Traditional IRA,Pershing,2020-10-07,
AC104878,H01966,Traditional IRA,PERSHING LLC,2020-10-16,
AC104879,H01967,Joint Taxable,Charles Schwab,2022-04-22,2024-02-29
AC104880,H01967,Traditional IRA,Charles Schwab & Co.,2022-04-22,2024-02-28
AC104881,H01967,Trust,SCHWAB,2022-04-24,2024-02-28
AC104882,H01968,Individual Taxable,SCHWAB,2020-08-26,
AC104883,H01968,Traditional IRA,Schwab,2020-08-26,
AC104884,H01969,Traditional IRA,FIDELITY INVESTMENTS,2021-07-26,2025-09-24
AC104885,H01970,Individual Taxable,FIDELITY INVESTMENTS,2019-09-28,
AC104886,H01970,Traditional IRA,Fidelity Institutional,2019-10-10,
AC104887,H01970,Trust,Fidelity,2019-09-27,
AC104888,H01971,Joint Taxable,Schwab,2014-07-30,
AC104889,H01972,Individual Taxable,Schwab,2018-10-08,
AC104890,H01972,Trust,Charles Schwab & Co.,2018-10-08,
AC104891,H01972,Trust,Schwab,2018-10-18,
AC104892,H01973,Traditional IRA,Schwab,2020-11-10,
AC104893,H01973,Trust,SCHWAB,2020-11-03,
AC104894,H01974,Traditional IRA,PERSHING LLC,2019-01-30,
AC104895,H01974,Roth IRA,SCHWAB,2019-02-06,
AC104896,H01975,Traditional IRA,Charles Schwab,2015-11-14,
AC104897,H01975,Rollover IRA,PERSHING LLC,2015-11-24,
AC104898,H01975,Rollover IRA,SCHWAB,2015-11-09,
AC104899,H01976,Joint Taxable,Schwab,2022-05-26,
AC104900,H01976,Rollover IRA,Schwab,2022-05-24,
AC104901,H01976,Roth IRA,Charles Schwab,2022-05-28,
AC104902,H01977,Joint Taxable,Charles Schwab,2016-08-03,
AC104903,H01977,Roth IRA,Fidelity Institutional,2016-07-26,
AC104904,H01978,Individual Taxable,Schwab,2022-04-29,
AC104905,H01978,Trust,Schwab,2022-05-01,
AC104906,H01978,Trust,Charles Schwab,2022-04-30,
AC104907,H01978,Traditional IRA,Schwab,2022-05-05,
AC104908,H01978,Traditional IRA,SCHWAB,2022-04-27,
AC104909,H01979,Traditional IRA,SCHWAB,2019-02-21,
AC104910,H01979,529 Plan,Schwab,2019-02-24,
AC104911,H01979,529 Plan,PERSHING LLC,2019-02-18,
AC104912,H01980,Traditional IRA,SCHWAB,2021-09-29,
AC104913,H01981,Joint Taxable,Fidelity,2010-10-20,
AC104914,H01981,Roth IRA,Fidelity Institutional,2010-10-27,
AC104915,H01981,Trust,FIDELITY INVESTMENTS,2010-10-18,
AC104916,H01981,Rollover IRA,SCHWAB,2010-10-18,
AC104917,H01982,Individual Taxable,Charles Schwab,2011-01-13,
AC104918,H01982,Trust,SCHWAB,2011-01-11,
AC104919,H01982,Traditional IRA,SCHWAB,2011-01-04,
AC104920,H01982,Inherited IRA,Charles Schwab,2011-01-15,
AC104921,H01983,Individual Taxable,Charles Schwab,2013-02-24,2024-12-07
AC104922,H01984,Joint Taxable,FIDELITY INVESTMENTS,2014-02-28,2025-06-22
AC104923,H01984,Inherited IRA,Fidelity,2014-03-14,2025-06-21
AC104924,H01985,Joint Taxable,Charles Schwab & Co.,2015-09-13,
AC104925,H01986,Individual Taxable,Fidelity Institutional,2021-07-20,
AC104926,H01986,Individual Taxable,Fidelity Institutional,2021-08-03,
AC104927,H01987,Joint Taxable,Schwab,2011-12-28,
AC104928,H01987,Traditional IRA,Charles Schwab & Co.,2011-12-27,
AC104929,H01987,Rollover IRA,Charles Schwab & Co.,2011-12-31,
AC104930,H01988,Joint Taxable,Schwab,2010-07-08,2025-02-18
AC104931,H01989,Joint Taxable,Charles Schwab,2016-03-10,
AC104932,H01989,Roth IRA,Schwab,2016-02-28,
AC104933,H01989,Traditional IRA,Charles Schwab & Co.,2016-02-27,
AC104934,H01990,Traditional IRA,PERSHING LLC,2022-06-22,2025-02-08
AC104935,H01991,Joint Taxable,Fidelity,2011-12-21,2024-03-25
AC104936,H01991,Rollover IRA,Fidelity,2012-01-01,2024-03-26
AC104937,H01992,Traditional IRA,FIDELITY INVESTMENTS,2022-07-05,
AC104938,H01992,Traditional IRA,Fidelity Institutional,2022-07-15,
AC104939,H01992,529 Plan,Fidelity,2022-07-22,
AC104940,H01993,Joint Taxable,BNY Pershing,2020-10-21,
AC104941,H01993,Rollover IRA,Charles Schwab & Co.,2020-10-30,
AC104942,H01993,Joint Taxable,PERSHING LLC,2020-10-27,
AC104943,H01993,Trust,BNY Pershing,2020-10-26,
AC104944,H01994,Individual Taxable,PERSHING LLC,2011-12-03,
AC104945,H01994,Traditional IRA,PERSHING LLC,2011-12-09,
AC104946,H01994,529 Plan,Pershing,2011-12-15,
AC104947,H01995,Joint Taxable,FIDELITY INVESTMENTS,2014-10-14,
AC104948,H01995,Trust,Fidelity,2014-10-14,
AC104949,H01996,Traditional IRA,Fidelity Institutional,2020-02-05,
AC104950,H01996,Trust,Fidelity,2020-02-12,
AC104951,H01996,Trust,FIDELITY INVESTMENTS,2020-02-02,
AC104952,H01997,Individual Taxable,Charles Schwab,2007-08-08,2024-05-14
AC104953,H01997,Traditional IRA,Fidelity,2007-08-12,2024-05-16
AC104954,H01997,Individual Taxable,Fidelity,2007-08-04,2024-05-14
AC104955,H01998,Traditional IRA,Charles Schwab,2020-02-12,
AC104956,H01998,Inherited IRA,Schwab,2020-02-18,
AC104957,H01999,Joint Taxable,Pershing,2022-05-06,
AC104958,H01999,Roth IRA,BNY Pershing,2022-05-25,
AC104959,H01999,Trust,PERSHING LLC,2022-05-08,
AC104960,H02000,Traditional IRA,Charles Schwab,2021-12-13,
AC104961,H02000,Rollover IRA,Schwab,2021-12-03,
AC104962,H02001,Joint Taxable,Charles Schwab,2013-06-24,
AC104963,H02001,Inherited IRA,Charles Schwab,2013-06-14,
AC104964,H02001,Trust,Charles Schwab,2013-06-12,
AC104965,H02001,Roth IRA,SCHWAB,2013-06-14,
AC104966,H02001,Traditional IRA,Charles Schwab & Co.,2013-06-22,
AC104967,H02002,Individual Taxable,Charles Schwab & Co.,2007-04-06,
AC104968,H02003,Traditional IRA,Schwab,2020-03-26,
AC104969,H02003,Rollover IRA,BNY Pershing,2020-04-06,
AC104970,H02003,Traditional IRA,SCHWAB,2020-04-09,
AC104971,H02003,Traditional IRA,Schwab,2020-03-29,
AC104972,H02003,Roth IRA,Charles Schwab,2020-04-03,
AC104973,H02004,Joint Taxable,SCHWAB,2017-03-28,
AC104974,H02004,Traditional IRA,SCHWAB,2017-03-21,
AC104975,H02004,Rollover IRA,Schwab,2017-03-12,
AC104976,H02004,Trust,Charles Schwab,2017-03-12,
AC104977,H02005,Individual Taxable,Pershing,2013-11-20,
AC104978,H02005,Traditional IRA,Charles Schwab,2013-11-01,
AC104979,H02005,Trust,PERSHING LLC,2013-11-06,
AC104980,H02005,Traditional IRA,Pershing,2013-11-16,
AC104981,H02006,Joint Taxable,SCHWAB,2012-01-04,2025-09-27
AC104982,H02006,Rollover IRA,Charles Schwab,2012-01-06,2025-09-28
AC104983,H02007,Traditional IRA,PERSHING LLC,2011-04-21,
AC104984,H02007,529 Plan,PERSHING LLC,2011-04-21,
AC104985,H02008,Joint Taxable,Schwab,2015-04-20,
AC104986,H02008,Joint Taxable,Fidelity Institutional,2015-04-12,
AC104987,H02008,Roth IRA,Charles Schwab,2015-04-07,
AC104988,H02009,Individual Taxable,PERSHING LLC,2022-05-17,
AC104989,H02010,Traditional IRA,Charles Schwab,2012-07-14,
AC104990,H02010,Traditional IRA,SCHWAB,2012-07-03,
AC104991,H02010,Inherited IRA,Charles Schwab & Co.,2012-07-04,
AC104992,H02010,Trust,SCHWAB,2012-07-05,
AC104993,H02010,Inherited IRA,Charles Schwab,2012-07-09,
AC104994,H02011,Joint Taxable,Fidelity Institutional,2008-03-09,2024-04-20
AC104995,H02011,Roth IRA,Fidelity,2008-03-14,2024-04-22
AC104996,H02012,Joint Taxable,PERSHING LLC,2011-03-20,2025-01-14
AC104997,H02012,Roth IRA,PERSHING LLC,2011-03-17,2025-01-17
AC104998,H02013,Traditional IRA,Pershing,2018-02-13,
AC104999,H02014,Individual Taxable,SCHWAB,2010-09-14,
AC105000,H02014,Individual Taxable,Charles Schwab & Co.,2010-09-17,
AC105001,H02015,Individual Taxable,Charles Schwab & Co.,2021-07-12,
AC105002,H02015,Traditional IRA,SCHWAB,2021-07-16,
AC105003,H02016,Traditional IRA,Schwab,2017-07-11,
AC105004,H02016,Traditional IRA,SCHWAB,2017-07-19,
AC105005,H02017,Traditional IRA,Charles Schwab,2014-11-17,
AC105006,H02017,Roth IRA,Charles Schwab,2014-11-27,
AC105007,H02017,Roth IRA,SCHWAB,2014-11-16,
AC105008,H02018,Individual Taxable,Schwab,2021-12-20,
AC105009,H02018,Rollover IRA,Schwab,2021-12-11,
AC105010,H02019,Joint Taxable,Pershing,2020-04-06,
AC105011,H02019,Traditional IRA,PERSHING LLC,2020-03-26,
AC105012,H02019,Roth IRA,Pershing,2020-03-28,
AC105013,H02019,Traditional IRA,BNY Pershing,2020-03-24,
AC105014,H02020,Individual Taxable,SCHWAB,2021-04-16,
AC105015,H02020,Traditional IRA,Schwab,2021-05-03,
AC105016,H02020,Roth IRA,Charles Schwab,2021-04-20,
AC105017,H02020,Rollover IRA,Charles Schwab & Co.,2021-04-21,
AC105018,H02020,Individual Taxable,Charles Schwab & Co.,2021-04-18,
AC105019,H02021,Joint Taxable,SCHWAB,2022-08-21,
AC105020,H02021,Rollover IRA,Charles Schwab & Co.,2022-08-17,
AC105021,H02021,Joint Taxable,Schwab,2022-08-19,
AC105022,H02021,Traditional IRA,Schwab,2022-08-25,
AC105023,H02022,Joint Taxable,Fidelity,2011-08-27,
AC105024,H02023,Joint Taxable,Fidelity Institutional,2007-04-10,
AC105025,H02023,Rollover IRA,FIDELITY INVESTMENTS,2007-04-02,
AC105026,H02023,Inherited IRA,Fidelity Institutional,2007-03-31,
AC105027,H02024,Traditional IRA,Pershing,2022-02-14,
AC105028,H02024,Joint Taxable,Pershing,2022-02-21,
AC105029,H02024,Joint Taxable,BNY Pershing,2022-02-16,
AC105030,H02025,Traditional IRA,Charles Schwab,2022-04-12,2025-02-28
AC105031,H02025,Rollover IRA,Charles Schwab,2022-04-13,2025-02-24
AC105032,H02026,Joint Taxable,Fidelity Institutional,2022-07-17,
AC105033,H02026,529 Plan,Fidelity,2022-07-07,
AC105034,H02026,Joint Taxable,SCHWAB,2022-07-15,
AC105035,H02027,Joint Taxable,SCHWAB,2018-12-24,
AC105036,H02028,Joint Taxable,Charles Schwab & Co.,2020-11-18,
AC105037,H02028,Joint Taxable,Schwab,2020-11-26,
AC105038,H02028,Inherited IRA,Charles Schwab & Co.,2020-11-19,
AC105039,H02029,Joint Taxable,Schwab,2012-02-21,
AC105040,H02029,Roth IRA,Schwab,2012-02-07,
AC105041,H02030,Traditional IRA,SCHWAB,2020-07-29,
AC105042,H02030,Joint Taxable,SCHWAB,2020-07-18,
AC105043,H02030,Roth IRA,Charles Schwab,2020-07-30,
AC105044,H02031,Individual Taxable,PERSHING LLC,2016-05-09,
AC105045,H02031,Trust,Charles Schwab & Co.,2016-05-01,
AC105046,H02031,Inherited IRA,Charles Schwab & Co.,2016-05-04,
AC105047,H02032,Joint Taxable,Charles Schwab & Co.,2018-05-03,
AC105048,H02032,Roth IRA,SCHWAB,2018-05-06,
AC105049,H02032,Trust,SCHWAB,2018-04-30,
AC105050,H02032,Traditional IRA,Fidelity,2018-04-21,
AC105051,H02033,Individual Taxable,Pershing,2015-08-02,
AC105052,H02034,Traditional IRA,Charles Schwab & Co.,2020-11-15,
AC105053,H02034,Rollover IRA,Charles Schwab,2020-12-02,
AC105054,H02035,Joint Taxable,Charles Schwab & Co.,2022-04-22,
AC105055,H02035,Roth IRA,Schwab,2022-05-06,
AC105056,H02036,Traditional IRA,FIDELITY INVESTMENTS,2022-09-17,
AC105057,H02037,Individual Taxable,Fidelity Institutional,2020-10-29,
AC105058,H02038,Individual Taxable,SCHWAB,2022-04-21,2024-05-16
AC105059,H02038,Roth IRA,SCHWAB,2022-04-19,2024-05-17
AC105060,H02039,Individual Taxable,PERSHING LLC,2014-02-23,
AC105061,H02039,Trust,Pershing,2014-03-08,
AC105062,H02040,Traditional IRA,Fidelity,2022-04-24,
AC105063,H02041,Joint Taxable,Charles Schwab & Co.,2022-09-22,
AC105064,H02041,Rollover IRA,BNY Pershing,2022-09-19,
AC105065,H02041,Joint Taxable,Fidelity Institutional,2022-09-29,
AC105066,H02041,Traditional IRA,SCHWAB,2022-09-28,
AC105067,H02041,Traditional IRA,Charles Schwab,2022-10-08,
AC105068,H02042,Joint Taxable,Charles Schwab & Co.,2022-05-27,
AC105069,H02042,Traditional IRA,SCHWAB,2022-05-28,
AC105070,H02043,Joint Taxable,PERSHING LLC,2013-03-01,2025-09-30
AC105071,H02043,Traditional IRA,BNY Pershing,2013-03-05,2025-09-29
AC105072,H02044,Joint Taxable,Charles Schwab & Co.,2019-04-09,
AC105073,H02045,Individual Taxable,Fidelity,2022-04-05,2025-01-28
AC105074,H02045,Rollover IRA,Fidelity Institutional,2022-04-08,2025-01-26
AC105075,H02045,Trust,Fidelity Institutional,2022-04-17,2025-01-26
AC105076,H02046,Joint Taxable,SCHWAB,2021-02-01,
AC105077,H02046,Traditional IRA,Schwab,2021-02-08,
AC105078,H02046,Trust,Charles Schwab & Co.,2021-02-01,
AC105079,H02047,Joint Taxable,Fidelity Institutional,2022-04-16,
AC105080,H02047,Traditional IRA,Fidelity,2022-04-07,
AC105081,H02047,Rollover IRA,FIDELITY INVESTMENTS,2022-04-16,
AC105082,H02048,Traditional IRA,SCHWAB,2019-08-03,
AC105083,H02048,Traditional IRA,Charles Schwab,2019-08-03,
AC105084,H02049,Joint Taxable,Fidelity,2022-04-10,2025-02-26
AC105085,H02049,Joint Taxable,FIDELITY INVESTMENTS,2022-04-23,2025-02-26
AC105086,H02050,Individual Taxable,Schwab,2019-10-28,
AC105087,H02050,Traditional IRA,Schwab,2019-10-27,
AC105088,H02050,Rollover IRA,Charles Schwab & Co.,2019-11-14,
AC105089,H02050,Traditional IRA,Charles Schwab & Co.,2019-11-08,
AC105090,H02050,Individual Taxable,Charles Schwab & Co.,2019-11-05,
AC105091,H02051,Joint Taxable,Schwab,2009-09-22,
AC105092,H02051,Roth IRA,Charles Schwab,2009-10-03,
AC105093,H02052,Individual Taxable,SCHWAB,2020-06-13,2025-10-07
AC105094,H02052,Rollover IRA,Pershing,2020-06-21,2025-10-10
AC105095,H02052,Traditional IRA,Schwab,2020-06-04,2025-10-07
AC105096,H02053,Individual Taxable,Charles Schwab,2021-05-09,
AC105097,H02053,Roth IRA,FIDELITY INVESTMENTS,2021-05-02,
AC105098,H02054,Joint Taxable,Fidelity,2020-02-12,
AC105099,H02055,Joint Taxable,Fidelity,2022-05-16,
AC105100,H02055,Joint Taxable,Fidelity,2022-05-07,
AC105101,H02055,Traditional IRA,Fidelity,2022-05-02,
AC105102,H02056,Joint Taxable,BNY Pershing,2010-09-29,
AC105103,H02056,Joint Taxable,Pershing,2010-10-02,
AC105104,H02057,Joint Taxable,SCHWAB,2017-11-17,
AC105105,H02057,Joint Taxable,Schwab,2017-11-14,
AC105106,H02058,Traditional IRA,SCHWAB,2022-04-21,
AC105107,H02058,Trust,BNY Pershing,2022-04-21,
AC105108,H02058,Trust,Pershing,2022-04-13,
AC105109,H02058,Traditional IRA,PERSHING LLC,2022-04-28,
AC105110,H02059,Joint Taxable,Charles Schwab,2019-05-16,
AC105111,H02059,Joint Taxable,Schwab,2019-05-06,
AC105112,H02059,Trust,Schwab,2019-05-14,
AC105113,H02059,Joint Taxable,FIDELITY INVESTMENTS,2019-05-11,
AC105114,H02060,Traditional IRA,Charles Schwab & Co.,2012-04-13,2024-12-10
AC105115,H02060,Rollover IRA,Schwab,2012-04-06,2024-12-09
AC105116,H02061,Traditional IRA,FIDELITY INVESTMENTS,2013-04-16,
AC105117,H02062,Traditional IRA,Pershing,2019-10-24,
AC105118,H02062,Rollover IRA,PERSHING LLC,2019-10-18,
AC105119,H02063,Traditional IRA,Charles Schwab,2022-04-20,
AC105120,H02063,Inherited IRA,SCHWAB,2022-04-12,
AC105121,H02063,Rollover IRA,Schwab,2022-04-25,
AC105122,H02064,Individual Taxable,Charles Schwab,2015-05-26,
AC105123,H02065,Joint Taxable,Charles Schwab & Co.,2019-11-23,
AC105124,H02065,Rollover IRA,Charles Schwab & Co.,2019-12-02,
AC105125,H02065,Traditional IRA,SCHWAB,2019-11-27,
AC105126,H02065,Trust,Charles Schwab & Co.,2019-11-25,
AC105127,H02066,Joint Taxable,SCHWAB,2022-07-16,
AC105128,H02066,Joint Taxable,Charles Schwab & Co.,2022-07-23,
AC105129,H02066,Trust,Schwab,2022-07-17,
AC105130,H02066,Rollover IRA,Schwab,2022-07-15,
AC105131,H02066,Rollover IRA,Charles Schwab & Co.,2022-07-23,
AC105132,H02067,Joint Taxable,Fidelity,2019-07-11,
AC105133,H02067,Inherited IRA,Fidelity,2019-07-07,
AC105134,H02067,Traditional IRA,Fidelity,2019-07-06,
AC105135,H02068,Individual Taxable,Fidelity Institutional,2017-06-24,2025-11-17
AC105136,H02068,Roth IRA,FIDELITY INVESTMENTS,2017-07-05,2025-11-14
AC105137,H02068,Traditional IRA,Fidelity,2017-07-06,2025-11-16
AC105138,H02069,Joint Taxable,PERSHING LLC,2014-03-27,
AC105139,H02069,Roth IRA,PERSHING LLC,2014-03-11,
AC105140,H02069,Roth IRA,Pershing,2014-03-26,
AC105141,H02070,Joint Taxable,FIDELITY INVESTMENTS,2011-11-26,
AC105142,H02070,Trust,Fidelity Institutional,2011-11-16,
AC105143,H02070,Roth IRA,Fidelity Institutional,2011-11-19,
AC105144,H02071,Traditional IRA,Charles Schwab,2022-04-14,
AC105145,H02071,Trust,BNY Pershing,2022-04-09,
AC105146,H02071,Inherited IRA,PERSHING LLC,2022-04-09,
AC105147,H02071,Inherited IRA,PERSHING LLC,2022-04-20,
AC105148,H02072,Individual Taxable,Schwab,2020-07-16,
AC105149,H02072,Individual Taxable,Pershing,2020-07-29,
AC105150,H02073,Joint Taxable,SCHWAB,2015-09-22,
AC105151,H02073,Trust,SCHWAB,2015-09-11,
AC105152,H02073,Traditional IRA,Schwab,2015-09-18,
AC105153,H02074,Traditional IRA,Charles Schwab,2016-11-16,
AC105154,H02074,Rollover IRA,Fidelity,2016-11-24,
AC105155,H02075,Individual Taxable,Fidelity,2016-05-02,
AC105156,H02075,Traditional IRA,Fidelity,2016-04-23,
AC105157,H02076,Joint Taxable,Charles Schwab & Co.,2020-07-23,
AC105158,H02076,Inherited IRA,Charles Schwab & Co.,2020-08-01,
AC105159,H02076,Trust,SCHWAB,2020-08-01,
AC105160,H02076,Trust,Charles Schwab & Co.,2020-08-03,
AC105161,H02077,Traditional IRA,Schwab,2014-12-09,
AC105162,H02078,Traditional IRA,Pershing,2010-04-29,
AC105163,H02078,Trust,BNY Pershing,2010-04-24,
AC105164,H02079,Individual Taxable,Fidelity,2011-09-26,2023-12-22
AC105165,H02079,Rollover IRA,Fidelity Institutional,2011-09-17,2023-12-18
AC105166,H02079,Roth IRA,Fidelity,2011-09-18,2023-12-19
AC105167,H02080,Joint Taxable,Fidelity Institutional,2017-08-17,
AC105168,H02080,Roth IRA,Fidelity Institutional,2017-08-17,
AC105169,H02081,Traditional IRA,Charles Schwab & Co.,2014-06-02,
AC105170,H02082,Traditional IRA,Charles Schwab,2017-12-21,
AC105171,H02082,Traditional IRA,Schwab,2017-12-19,
AC105172,H02082,Trust,SCHWAB,2018-01-02,
AC105173,H02082,Traditional IRA,Charles Schwab & Co.,2017-12-21,
AC105174,H02083,Traditional IRA,Schwab,2008-05-04,
AC105175,H02083,Inherited IRA,SCHWAB,2008-05-06,
AC105176,H02084,Traditional IRA,SCHWAB,2018-10-18,2024-02-14
AC105177,H02084,Traditional IRA,Charles Schwab & Co.,2018-10-29,2024-02-15
AC105178,H02085,Traditional IRA,SCHWAB,2019-02-13,
AC105179,H02086,Traditional IRA,FIDELITY INVESTMENTS,2017-08-01,
AC105180,H02086,Roth IRA,Fidelity,2017-08-14,
AC105181,H02086,Joint Taxable,Fidelity,2017-08-06,
AC105182,H02086,Trust,Fidelity Institutional,2017-08-05,
AC105183,H02086,Roth IRA,Fidelity Institutional,2017-07-29,
AC105184,H02087,Traditional IRA,PERSHING LLC,2018-05-19,2025-06-08
AC105185,H02088,Joint Taxable,Schwab,2022-11-26,
AC105186,H02088,Rollover IRA,Fidelity Institutional,2022-11-22,
AC105187,H02088,Traditional IRA,Schwab,2022-11-21,
AC105188,H02089,Traditional IRA,SCHWAB,2017-12-14,
AC105189,H02089,Trust,SCHWAB,2017-12-19,
AC105190,H02089,Rollover IRA,Schwab,2017-12-15,
AC105191,H02089,Trust,Charles Schwab,2017-12-20,
AC105192,H02090,Joint Taxable,SCHWAB,2021-10-28,
AC105193,H02090,Trust,FIDELITY INVESTMENTS,2021-10-23,
AC105194,H02091,Traditional IRA,SCHWAB,2022-03-17,
AC105195,H02092,Joint Taxable,Fidelity,2016-07-10,
AC105196,H02092,Rollover IRA,Fidelity,2016-07-02,
AC105197,H02093,Traditional IRA,Fidelity,2021-04-04,
AC105198,H02093,Roth IRA,Fidelity Institutional,2021-04-09,
AC105199,H02094,Traditional IRA,Schwab,2022-04-07,
AC105200,H02095,Joint Taxable,PERSHING LLC,2022-03-05,
AC105201,H02095,Inherited IRA,BNY Pershing,2022-03-06,
AC105202,H02095,Rollover IRA,BNY Pershing,2022-03-13,
AC105203,H02095,Joint Taxable,Pershing,2022-03-11,
AC105204,H02096,Joint Taxable,FIDELITY INVESTMENTS,2017-09-21,
AC105205,H02097,Joint Taxable,Charles Schwab & Co.,2012-01-06,2025-04-13
AC105206,H02097,Traditional IRA,Charles Schwab & Co.,2012-01-09,2025-04-14
AC105207,H02097,Trust,SCHWAB,2012-01-03,2025-04-12
AC105208,H02098,Individual Taxable,Schwab,2019-03-17,
AC105209,H02098,Roth IRA,Charles Schwab,2019-03-15,
AC105210,H02099,Joint Taxable,Schwab,2022-05-08,
AC105211,H02099,Rollover IRA,Schwab,2022-05-16,
AC105212,H02100,Traditional IRA,Schwab,2017-04-26,
AC105213,H02101,Traditional IRA,Charles Schwab & Co.,2013-06-27,
AC105214,H02101,Inherited IRA,Schwab,2013-06-12,
AC105215,H02102,Individual Taxable,Fidelity Institutional,2020-05-01,
AC105216,H02102,Roth IRA,Fidelity Institutional,2020-04-22,
AC105217,H02102,Individual Taxable,PERSHING LLC,2020-04-17,
AC105218,H02102,Trust,Fidelity,2020-05-04,
AC105219,H02102,Rollover IRA,FIDELITY INVESTMENTS,2020-04-17,
AC105220,H02103,Individual Taxable,FIDELITY INVESTMENTS,2014-10-23,
AC105221,H02103,Trust,Fidelity Institutional,2014-10-10,
AC105222,H02104,Individual Taxable,FIDELITY INVESTMENTS,2022-05-09,2023-04-08
AC105223,H02105,Joint Taxable,Pershing,2017-04-15,
AC105224,H02105,Trust,Schwab,2017-04-27,
AC105225,H02105,Trust,Charles Schwab,2017-04-26,
AC105226,H02106,Traditional IRA,Pershing,2019-07-08,
AC105227,H02106,Traditional IRA,Pershing,2019-07-14,
AC105228,H02107,Individual Taxable,SCHWAB,2019-01-27,
AC105229,H02108,Joint Taxable,Fidelity Institutional,2017-12-31,
AC105230,H02108,Roth IRA,Fidelity Institutional,2018-01-04,
AC105231,H02109,Joint Taxable,PERSHING LLC,2018-11-11,
AC105232,H02109,Traditional IRA,Charles Schwab & Co.,2018-11-26,
AC105233,H02109,Joint Taxable,Charles Schwab,2018-11-12,
AC105234,H02109,Roth IRA,Charles Schwab & Co.,2018-11-15,
AC105235,H02110,Traditional IRA,FIDELITY INVESTMENTS,2022-05-21,
AC105236,H02110,Traditional IRA,Fidelity Institutional,2022-05-23,
AC105237,H02110,Roth IRA,Fidelity Institutional,2022-05-23,
AC105238,H02111,Traditional IRA,Pershing,2017-07-28,
AC105239,H02111,Trust,PERSHING LLC,2017-08-01,
AC105240,H02111,Trust,PERSHING LLC,2017-08-05,
AC105241,H02112,Joint Taxable,Charles Schwab & Co.,2021-11-04,
AC105242,H02112,Traditional IRA,Schwab,2021-11-09,
AC105243,H02113,Traditional IRA,Charles Schwab,2018-07-02,2025-09-19
AC105244,H02114,Joint Taxable,FIDELITY INVESTMENTS,2022-04-16,2024-07-24
AC105245,H02115,Individual Taxable,SCHWAB,2018-03-12,
AC105246,H02116,Joint Taxable,FIDELITY INVESTMENTS,2019-10-13,
AC105247,H02116,Traditional IRA,Fidelity Institutional,2019-10-10,
AC105248,H02116,Traditional IRA,Fidelity,2019-10-06,
AC105249,H02116,Trust,Fidelity,2019-10-05,
AC105250,H02116,Rollover IRA,FIDELITY INVESTMENTS,2019-10-15,
AC105251,H02117,Joint Taxable,SCHWAB,2016-03-27,
AC105252,H02117,Joint Taxable,Charles Schwab,2016-03-21,
AC105253,H02117,Roth IRA,Charles Schwab & Co.,2016-03-22,
AC105254,H02117,Roth IRA,Charles Schwab & Co.,2016-03-29,
AC105255,H02118,Joint Taxable,Charles Schwab,2021-05-15,
AC105256,H02119,Joint Taxable,BNY Pershing,2016-11-22,
AC105257,H02119,Traditional IRA,Pershing,2016-11-08,
AC105258,H02119,Roth IRA,BNY Pershing,2016-11-21,
AC105259,H02119,Roth IRA,Pershing,2016-11-06,
AC105260,H02119,Trust,Pershing,2016-11-09,
AC105261,H02120,Individual Taxable,Charles Schwab & Co.,2022-04-28,
AC105262,H02120,Traditional IRA,Charles Schwab,2022-04-27,
AC105263,H02121,Joint Taxable,Schwab,2018-03-13,2024-11-17
AC105264,H02121,Trust,SCHWAB,2018-03-20,2024-11-17
AC105265,H02121,Traditional IRA,Schwab,2018-03-14,2024-11-15
AC105266,H02122,Traditional IRA,PERSHING LLC,2022-05-18,2023-08-19
AC105267,H02122,Rollover IRA,PERSHING LLC,2022-05-12,2023-08-17
AC105268,H02122,Traditional IRA,PERSHING LLC,2022-05-20,2023-08-16
AC105269,H02123,Joint Taxable,FIDELITY INVESTMENTS,2017-07-09,2024-11-16
AC105270,H02123,Traditional IRA,Fidelity Institutional,2017-06-28,2024-11-14
AC105271,H02124,Joint Taxable,Fidelity Institutional,2016-02-01,
AC105272,H02124,Joint Taxable,Fidelity,2016-01-18,
AC105273,H02125,Joint Taxable,BNY Pershing,2018-06-19,2025-01-17
AC105274,H02126,Individual Taxable,Charles Schwab & Co.,2022-04-22,
AC105275,H02126,Individual Taxable,Charles Schwab & Co.,2022-04-27,
AC105276,H02126,Trust,Pershing,2022-04-17,
AC105277,H02127,Traditional IRA,Fidelity,2019-09-09,
AC105278,H02127,Traditional IRA,Fidelity Institutional,2019-09-15,
AC105279,H02127,Traditional IRA,Fidelity Institutional,2019-09-10,
AC105280,H02127,Trust,Fidelity,2019-09-17,
AC105281,H02127,Inherited IRA,FIDELITY INVESTMENTS,2019-09-20,
AC105282,H02128,Joint Taxable,Schwab,2022-07-27,
AC105283,H02129,Traditional IRA,FIDELITY INVESTMENTS,2012-01-11,2024-11-17
AC105284,H02129,Traditional IRA,FIDELITY INVESTMENTS,2012-01-19,2024-11-15
AC105285,H02129,Traditional IRA,FIDELITY INVESTMENTS,2012-01-11,2024-11-17
AC105286,H02130,Individual Taxable,Charles Schwab & Co.,2016-01-01,
AC105287,H02130,Traditional IRA,SCHWAB,2016-01-12,
AC105288,H02130,Inherited IRA,Schwab,2016-01-16,
AC105289,H02130,Trust,Schwab,2016-01-06,
AC105290,H02130,Inherited IRA,FIDELITY INVESTMENTS,2016-01-10,
AC105291,H02131,Traditional IRA,PERSHING LLC,2016-10-07,
AC105292,H02131,Traditional IRA,Fidelity Institutional,2016-09-24,
AC105293,H02132,Traditional IRA,FIDELITY INVESTMENTS,2015-07-08,2025-01-22
AC105294,H02132,Traditional IRA,FIDELITY INVESTMENTS,2015-07-18,2025-01-22
AC105295,H02132,Traditional IRA,Fidelity,2015-07-14,2025-01-18
AC105296,H02133,Joint Taxable,Charles Schwab,2018-02-22,2024-10-23
AC105297,H02133,Traditional IRA,Schwab,2018-02-10,2024-10-23
AC105298,H02133,Joint Taxable,Charles Schwab & Co.,2018-02-14,2024-10-26
AC105299,H02134,Traditional IRA,BNY Pershing,2022-05-08,2024-01-08
AC105300,H02135,Joint Taxable,Fidelity Institutional,2021-02-08,
AC105301,H02135,Joint Taxable,Charles Schwab,2021-02-05,
AC105302,H02136,Individual Taxable,Fidelity,2014-08-06,
AC105303,H02136,Trust,Schwab,2014-08-02,
AC105304,H02136,Rollover IRA,FIDELITY INVESTMENTS,2014-07-25,
AC105305,H02137,Traditional IRA,SCHWAB,2022-10-09,
AC105306,H02137,Individual Taxable,Charles Schwab,2022-10-05,
AC105307,H02138,Joint Taxable,BNY Pershing,2014-03-06,
AC105308,H02138,Rollover IRA,Pershing,2014-03-22,
AC105309,H02139,Joint Taxable,Charles Schwab & Co.,2017-03-26,
AC105310,H02139,Roth IRA,Charles Schwab & Co.,2017-04-03,
AC105311,H02140,Individual Taxable,Fidelity,2013-12-05,
AC105312,H02140,Trust,Charles Schwab,2013-12-16,
AC105313,H02141,Joint Taxable,Charles Schwab & Co.,2022-04-04,
AC105314,H02141,Roth IRA,Charles Schwab & Co.,2022-04-07,
AC105315,H02141,Roth IRA,Charles Schwab,2022-03-30,
AC105316,H02142,Traditional IRA,Fidelity,2022-05-29,2025-03-24
AC105317,H02142,Roth IRA,BNY Pershing,2022-05-30,2025-03-25
AC105318,H02142,Traditional IRA,Fidelity,2022-06-06,2025-03-23
AC105319,H02143,Traditional IRA,PERSHING LLC,2020-12-19,
AC105320,H02144,Joint Taxable,PERSHING LLC,2017-09-05,
AC105321,H02145,Traditional IRA,Charles Schwab,2022-05-05,
AC105322,H02145,Inherited IRA,Charles Schwab & Co.,2022-04-21,
AC105323,H02145,Rollover IRA,SCHWAB,2022-05-01,
AC105324,H02145,Inherited IRA,Pershing,2022-04-30,
AC105325,H02145,Trust,Schwab,2022-05-02,
AC105326,H02146,Joint Taxable,FIDELITY INVESTMENTS,2012-10-09,
AC105327,H02147,Individual Taxable,Schwab,2020-08-29,
AC105328,H02147,Individual Taxable,BNY Pershing,2020-08-21,
AC105329,H02148,Joint Taxable,FIDELITY INVESTMENTS,2012-10-20,2024-03-29
AC105330,H02148,Roth IRA,Fidelity Institutional,2012-10-03,2024-03-30
AC105331,H02148,Traditional IRA,SCHWAB,2012-10-02,2024-03-26
AC105332,H02149,Individual Taxable,Charles Schwab & Co.,2011-06-17,
AC105333,H02149,Individual Taxable,Schwab,2011-06-17,
AC105334,H02149,Roth IRA,Schwab,2011-06-20,
AC105335,H02149,Traditional IRA,SCHWAB,2011-06-30,
AC105336,H02150,Traditional IRA,Pershing,2022-04-19,
AC105337,H02150,Roth IRA,Schwab,2022-04-18,
AC105338,H02150,Roth IRA,FIDELITY INVESTMENTS,2022-04-06,
AC105339,H02151,Individual Taxable,SCHWAB,2023-01-16,
AC105340,H02151,Individual Taxable,Pershing,2023-01-20,
AC105341,H02151,Rollover IRA,Charles Schwab,2023-01-13,
AC105342,H02152,Traditional IRA,FIDELITY INVESTMENTS,2023-01-19,2025-06-28
AC105343,H02152,Trust,Fidelity,2023-02-05,2025-06-27
AC105344,H02153,Traditional IRA,PERSHING LLC,2023-01-06,
AC105345,H02154,Traditional IRA,SCHWAB,2023-01-26,2025-04-26
AC105346,H02155,Traditional IRA,Fidelity Institutional,2023-01-31,
AC105347,H02155,Traditional IRA,Fidelity,2023-02-05,
AC105348,H02156,Traditional IRA,SCHWAB,2023-01-20,
AC105349,H02156,Rollover IRA,Schwab,2023-01-15,
AC105350,H02156,Inherited IRA,Charles Schwab & Co.,2023-01-19,
AC105351,H02157,Individual Taxable,Schwab,2023-01-11,2025-03-24
AC105352,H02157,Traditional IRA,Schwab,2023-01-15,2025-03-22
AC105353,H02157,Traditional IRA,Charles Schwab,2023-01-18,2025-03-25
AC105354,H02158,Traditional IRA,PERSHING LLC,2023-01-24,
AC105355,H02159,Individual Taxable,SCHWAB,2023-01-25,
AC105356,H02159,Individual Taxable,SCHWAB,2023-01-31,
AC105357,H02159,Trust,Charles Schwab & Co.,2023-01-29,
AC105358,H02159,Roth IRA,Schwab,2023-01-15,
AC105359,H02160,Individual Taxable,Schwab,2023-01-20,
AC105360,H02161,Individual Taxable,FIDELITY INVESTMENTS,2023-02-08,
AC105361,H02161,Trust,PERSHING LLC,2023-02-19,
AC105362,H02161,Traditional IRA,Fidelity Institutional,2023-02-13,
AC105363,H02161,Trust,Schwab,2023-02-12,
AC105364,H02161,Trust,Fidelity Institutional,2023-02-08,
AC105365,H02162,Joint Taxable,PERSHING LLC,2023-02-27,
AC105366,H02162,Roth IRA,Fidelity,2023-02-23,
AC105367,H02162,Rollover IRA,FIDELITY INVESTMENTS,2023-03-01,
AC105368,H02162,Trust,Fidelity Institutional,2023-02-28,
AC105369,H02162,Trust,Fidelity,2023-02-22,
AC105370,H02163,Traditional IRA,Fidelity,2023-02-23,
AC105371,H02163,Traditional IRA,FIDELITY INVESTMENTS,2023-02-13,
AC105372,H02164,Joint Taxable,Charles Schwab,2023-02-24,
AC105373,H02164,Trust,Charles Schwab & Co.,2023-02-20,
AC105374,H02164,Traditional IRA,Charles Schwab,2023-02-15,
AC105375,H02165,Traditional IRA,Fidelity,2023-02-08,
AC105376,H02166,Traditional IRA,Charles Schwab,2023-02-22,
AC105377,H02167,Individual Taxable,FIDELITY INVESTMENTS,2023-02-28,2024-12-08
AC105378,H02167,Trust,Fidelity,2023-02-17,2024-12-09
AC105379,H02167,Rollover IRA,FIDELITY INVESTMENTS,2023-02-17,2024-12-10
AC105380,H02168,Individual Taxable,BNY Pershing,2023-02-17,
AC105381,H02169,Joint Taxable,Schwab,2023-02-16,
AC105382,H02169,Roth IRA,Charles Schwab,2023-02-04,
AC105383,H02169,Rollover IRA,SCHWAB,2023-02-09,
AC105384,H02170,Traditional IRA,FIDELITY INVESTMENTS,2023-02-24,
AC105385,H02170,Trust,Fidelity,2023-02-19,
AC105386,H02171,Traditional IRA,PERSHING LLC,2023-03-04,
AC105387,H02171,Traditional IRA,BNY Pershing,2023-02-27,
AC105388,H02171,Trust,Pershing,2023-03-07,
AC105389,H02171,Traditional IRA,Pershing,2023-03-02,
AC105390,H02172,Joint Taxable,Charles Schwab & Co.,2023-02-25,
AC105391,H02172,Rollover IRA,Schwab,2023-02-19,
AC105392,H02173,Joint Taxable,Charles Schwab,2023-02-10,2025-09-17
AC105393,H02173,Roth IRA,Charles Schwab,2023-02-19,2025-09-19
AC105394,H02174,Traditional IRA,FIDELITY INVESTMENTS,2023-02-17,
AC105395,H02174,Traditional IRA,FIDELITY INVESTMENTS,2023-03-08,
AC105396,H02175,Joint Taxable,Schwab,2023-02-24,
AC105397,H02175,Traditional IRA,SCHWAB,2023-03-04,
AC105398,H02175,Roth IRA,Charles Schwab,2023-02-18,
AC105399,H02175,Trust,Charles Schwab & Co.,2023-03-07,
AC105400,H02176,Traditional IRA,Schwab,2023-02-17,
AC105401,H02176,Joint Taxable,Charles Schwab,2023-02-20,
AC105402,H02176,Traditional IRA,Charles Schwab,2023-03-02,
AC105403,H02176,Trust,Charles Schwab & Co.,2023-02-15,
AC105404,H02177,Individual Taxable,Fidelity,2023-03-03,
AC105405,H02177,Trust,FIDELITY INVESTMENTS,2023-03-04,
AC105406,H02177,Trust,FIDELITY INVESTMENTS,2023-02-16,
AC105407,H02177,Individual Taxable,FIDELITY INVESTMENTS,2023-02-21,
AC105408,H02177,Traditional IRA,FIDELITY INVESTMENTS,2023-03-02,
AC105409,H02178,Joint Taxable,FIDELITY INVESTMENTS,2023-03-04,
AC105410,H00011,Individual Taxable,SCHWAB,2023-02-12,
AC105411,H00214,Trust,Charles Schwab & Co.,2023-02-15,
AC105412,H01352,Rollover IRA,Charles Schwab & Co.,2023-02-08,
AC105413,H02179,Joint Taxable,SCHWAB,2023-03-10,
AC105414,H02180,Traditional IRA,Fidelity,2023-04-01,2023-10-08
AC105415,H02180,Traditional IRA,Fidelity Institutional,2023-03-28,2023-10-11
AC105416,H02180,Traditional IRA,Fidelity,2023-03-14,2023-10-12
AC105417,H02180,Inherited IRA,FIDELITY INVESTMENTS,2023-03-23,2023-10-11
AC105418,H02181,Joint Taxable,FIDELITY INVESTMENTS,2023-03-17,
AC105419,H02182,Joint Taxable,Charles Schwab & Co.,2023-03-22,
AC105420,H02182,Joint Taxable,Charles Schwab & Co.,2023-04-04,
AC105421,H02182,Traditional IRA,Charles Schwab,2023-03-19,
AC105422,H02183,Traditional IRA,FIDELITY INVESTMENTS,2023-03-16,
AC105423,H02184,Individual Taxable,Charles Schwab & Co.,2023-03-10,
AC105424,H02184,Roth IRA,SCHWAB,2023-03-24,
AC105425,H02184,Trust,Charles Schwab & Co.,2023-03-12,
AC105426,H02185,Joint Taxable,Charles Schwab & Co.,2023-03-17,
AC105427,H02185,Roth IRA,Fidelity Institutional,2023-03-11,
AC105428,H02185,Traditional IRA,Charles Schwab,2023-03-23,
AC105429,H02186,Individual Taxable,Pershing,2023-03-19,2024-01-22
AC105430,H02187,Joint Taxable,SCHWAB,2023-03-24,
AC105431,H02188,Traditional IRA,Fidelity Institutional,2023-03-19,
AC105432,H02188,Individual Taxable,FIDELITY INVESTMENTS,2023-03-24,
AC105433,H02189,Joint Taxable,Charles Schwab & Co.,2023-04-06,2023-11-24
AC105434,H02189,Trust,Schwab,2023-03-26,2023-11-20
AC105435,H02190,Joint Taxable,FIDELITY INVESTMENTS,2023-03-04,
AC105436,H02190,Inherited IRA,Fidelity,2023-03-07,
AC105437,H02191,Traditional IRA,FIDELITY INVESTMENTS,2023-03-10,2025-01-18
AC105438,H02192,Traditional IRA,Charles Schwab & Co.,2023-03-16,
AC105439,H02192,Traditional IRA,Charles Schwab & Co.,2023-03-11,
AC105440,H02193,Traditional IRA,FIDELITY INVESTMENTS,2023-03-27,2024-10-28
AC105441,H02193,Trust,Charles Schwab,2023-03-22,2024-10-28
AC105442,H02194,Traditional IRA,BNY Pershing,2023-03-28,
AC105443,H02194,Individual Taxable,Pershing,2023-03-31,
AC105444,H02195,Traditional IRA,BNY Pershing,2023-03-15,
AC105445,H02195,Roth IRA,BNY Pershing,2023-03-08,
AC105446,H02195,Traditional IRA,SCHWAB,2023-03-17,
AC105447,H02196,Joint Taxable,Charles Schwab & Co.,2023-03-31,
AC105448,H00714,Rollover IRA,Charles Schwab & Co.,2023-03-03,
AC105449,H01171,Individual Taxable,FIDELITY INVESTMENTS,2023-03-25,
AC105450,H01517,Trust,Schwab,2023-03-14,2025-01-09
AC105451,H01716,Rollover IRA,Charles Schwab,2023-03-09,2024-11-15
AC105452,H02134,Trust,Pershing,2023-03-25,2024-01-10
AC105453,H02197,Joint Taxable,SCHWAB,2023-04-26,
AC105454,H02197,Joint Taxable,SCHWAB,2023-04-27,
AC105455,H02198,Traditional IRA,BNY Pershing,2023-04-22,
AC105456,H02198,Roth IRA,BNY Pershing,2023-04-11,
AC105457,H02199,Traditional IRA,Charles Schwab & Co.,2023-04-08,2025-01-15
AC105458,H02199,Joint Taxable,Charles Schwab & Co.,2023-04-21,2025-01-13
AC105459,H02199,Joint Taxable,Charles Schwab & Co.,2023-04-12,2025-01-13
AC105460,H02199,Roth IRA,Charles Schwab & Co.,2023-04-12,2025-01-14
AC105461,H02200,Individual Taxable,Charles Schwab & Co.,2023-04-24,
AC105462,H02200,Roth IRA,Charles Schwab & Co.,2023-04-15,
AC105463,H02201,Traditional IRA,Charles Schwab & Co.,2023-04-24,
AC105464,H02201,Traditional IRA,Charles Schwab,2023-05-02,
AC105465,H02201,Roth IRA,Schwab,2023-04-26,
AC105466,H02202,Joint Taxable,SCHWAB,2023-04-23,
AC105467,H02202,Traditional IRA,FIDELITY INVESTMENTS,2023-04-23,
AC105468,H02202,Roth IRA,Schwab,2023-04-13,
AC105469,H02202,Joint Taxable,FIDELITY INVESTMENTS,2023-04-18,
AC105470,H02202,Rollover IRA,SCHWAB,2023-04-10,
AC105471,H02203,Joint Taxable,SCHWAB,2023-04-16,2024-07-18
AC105472,H02203,Joint Taxable,Charles Schwab & Co.,2023-04-10,2024-07-14
AC105473,H02203,Joint Taxable,SCHWAB,2023-04-17,2024-07-18
AC105474,H02204,Traditional IRA,FIDELITY INVESTMENTS,2023-04-18,
AC105475,H02205,Traditional IRA,Fidelity,2023-04-29,
AC105476,H02205,Trust,FIDELITY INVESTMENTS,2023-05-02,
AC105477,H02205,Trust,FIDELITY INVESTMENTS,2023-04-29,
AC105478,H02205,Traditional IRA,FIDELITY INVESTMENTS,2023-04-22,
AC105479,H02206,Joint Taxable,FIDELITY INVESTMENTS,2023-04-28,
AC105480,H02206,Roth IRA,Fidelity,2023-04-26,
AC105481,H02207,Traditional IRA,Charles Schwab,2023-04-17,
AC105482,H02207,Trust,Charles Schwab & Co.,2023-04-14,
AC105483,H02207,Inherited IRA,Charles Schwab,2023-04-03,
AC105484,H02207,Trust,Charles Schwab & Co.,2023-04-03,
AC105485,H00081,Trust,SCHWAB,2023-04-17,
AC105486,H01358,Rollover IRA,Pershing,2023-04-03,
AC105487,H02208,Joint Taxable,Fidelity Institutional,2023-05-10,2024-08-19
AC105488,H02208,Trust,FIDELITY INVESTMENTS,2023-05-09,2024-08-19
AC105489,H02208,Traditional IRA,FIDELITY INVESTMENTS,2023-05-22,2024-08-15
AC105490,H02209,Joint Taxable,Fidelity Institutional,2023-05-21,
AC105491,H02209,Traditional IRA,Fidelity Institutional,2023-05-22,
AC105492,H02210,Joint Taxable,BNY Pershing,2023-05-24,
AC105493,H02211,Joint Taxable,Charles Schwab,2023-05-18,
AC105494,H02212,Traditional IRA,Schwab,2023-05-15,
AC105495,H02213,Joint Taxable,SCHWAB,2023-06-06,
AC105496,H02213,Trust,PERSHING LLC,2023-06-04,
AC105497,H02213,Traditional IRA,SCHWAB,2023-06-06,
AC105498,H02213,Inherited IRA,Schwab,2023-05-27,
AC105499,H02213,Roth IRA,Schwab,2023-05-24,
AC105500,H02214,Traditional IRA,Charles Schwab,2023-05-04,
AC105501,H02214,Traditional IRA,SCHWAB,2023-05-14,
AC105502,H02214,Joint Taxable,Schwab,2023-05-13,
AC105503,H02215,Joint Taxable,Fidelity,2023-05-25,
AC105504,H02215,Joint Taxable,Charles Schwab & Co.,2023-05-14,
AC105505,H02215,Traditional IRA,Schwab,2023-05-24,
AC105506,H02216,Individual Taxable,Charles Schwab,2023-05-19,
AC105507,H02217,Individual Taxable,Charles Schwab,2023-05-27,2025-10-30
AC105508,H02218,Individual Taxable,SCHWAB,2023-05-14,
AC105509,H02218,Rollover IRA,SCHWAB,2023-05-27,
AC105510,H02218,Trust,Charles Schwab & Co.,2023-05-13,
AC105511,H02219,Joint Taxable,PERSHING LLC,2023-05-16,
AC105512,H02219,Trust,Pershing,2023-05-24,
AC105513,H02219,Inherited IRA,BNY Pershing,2023-05-18,
AC105514,H02220,Traditional IRA,Charles Schwab & Co.,2023-05-18,
AC105515,H02221,Joint Taxable,Schwab,2023-05-26,
AC105516,H02221,Inherited IRA,PERSHING LLC,2023-05-30,
AC105517,H02222,Traditional IRA,Fidelity Institutional,2023-05-19,
AC105518,H02223,Traditional IRA,FIDELITY INVESTMENTS,2023-05-25,
AC105519,H02223,529 Plan,Schwab,2023-06-02,
AC105520,H02224,Traditional IRA,Fidelity Institutional,2023-05-15,
AC105521,H02224,Trust,FIDELITY INVESTMENTS,2023-05-23,
AC105522,H02224,Rollover IRA,FIDELITY INVESTMENTS,2023-05-21,
AC105523,H02225,Joint Taxable,Fidelity Institutional,2023-05-17,
AC105524,H02225,Rollover IRA,Fidelity,2023-05-08,
AC105525,H02225,Traditional IRA,Fidelity,2023-05-06,
AC105526,H02226,Traditional IRA,Schwab,2023-05-22,2024-11-16
AC105527,H00341,Rollover IRA,FIDELITY INVESTMENTS,2023-05-10,
AC105528,H01865,Trust,Pershing,2023-05-06,
AC105529,H02227,Joint Taxable,Schwab,2023-06-20,
AC105530,H02227,Traditional IRA,Charles Schwab & Co.,2023-06-07,
AC105531,H02227,Trust,Fidelity Institutional,2023-06-16,
AC105532,H02227,Trust,Schwab,2023-06-13,
AC105533,H02228,Joint Taxable,Schwab,2023-06-18,2024-10-11
AC105534,H02228,Rollover IRA,Fidelity Institutional,2023-07-01,2024-10-12
AC105535,H02228,Rollover IRA,Fidelity,2023-07-03,2024-10-10
AC105536,H02228,Traditional IRA,Fidelity,2023-07-04,2024-10-12
AC105537,H02229,Joint Taxable,Schwab,2023-06-07,2024-11-14
AC105538,H02229,Traditional IRA,SCHWAB,2023-06-20,2024-11-13
AC105539,H02229,Trust,SCHWAB,2023-06-19,2024-11-12
AC105540,H02230,Joint Taxable,Charles Schwab,2023-06-07,
AC105541,H02230,Roth IRA,Charles Schwab & Co.,2023-06-21,
AC105542,H02231,Joint Taxable,SCHWAB,2023-06-27,
AC105543,H02231,Traditional IRA,Charles Schwab & Co.,2023-06-26,
AC105544,H02231,Traditional IRA,Fidelity Institutional,2023-07-04,
AC105545,H02231,Traditional IRA,SCHWAB,2023-06-22,
AC105546,H02232,Joint Taxable,Charles Schwab,2023-06-30,
AC105547,H02233,Traditional IRA,FIDELITY INVESTMENTS,2023-06-20,2025-04-22
AC105548,H02233,Traditional IRA,Fidelity Institutional,2023-06-24,2025-04-23
AC105549,H02233,Trust,Fidelity Institutional,2023-06-23,2025-04-21
AC105550,H02233,Roth IRA,Fidelity,2023-06-13,2025-04-22
AC105551,H02234,Individual Taxable,Schwab,2023-06-09,
AC105552,H02235,Individual Taxable,Charles Schwab,2023-06-18,
AC105553,H02236,Individual Taxable,Fidelity Institutional,2023-06-15,
AC105554,H02237,Joint Taxable,Charles Schwab & Co.,2023-06-21,
AC105555,H02237,Trust,FIDELITY INVESTMENTS,2023-06-19,
AC105556,H02237,Roth IRA,Charles Schwab,2023-06-05,
AC105557,H02238,Traditional IRA,Charles Schwab & Co.,2023-06-21,
AC105558,H02238,Joint Taxable,SCHWAB,2023-06-30,
AC105559,H02239,Joint Taxable,Schwab,2023-06-18,
AC105560,H02239,Inherited IRA,Charles Schwab,2023-06-13,
AC105561,H02239,Traditional IRA,SCHWAB,2023-06-11,
AC105562,H02239,Inherited IRA,Charles Schwab,2023-06-11,
AC105563,H02239,Rollover IRA,Fidelity Institutional,2023-06-19,
AC105564,H02240,Traditional IRA,Pershing,2023-06-26,
AC105565,H02240,Trust,BNY Pershing,2023-07-01,
AC105566,H02240,Rollover IRA,SCHWAB,2023-06-20,
AC105567,H02241,Traditional IRA,Schwab,2023-06-25,
AC105568,H02241,Rollover IRA,Schwab,2023-06-23,
AC105569,H02242,Traditional IRA,SCHWAB,2023-07-21,
AC105570,H02242,Trust,SCHWAB,2023-07-18,
AC105571,H02243,Joint Taxable,Charles Schwab & Co.,2023-07-28,
AC105572,H02243,Roth IRA,Schwab,2023-07-31,
AC105573,H02244,Individual Taxable,Fidelity Institutional,2023-07-20,2025-01-22
AC105574,H02244,Trust,FIDELITY INVESTMENTS,2023-08-01,2025-01-25
AC105575,H02244,Trust,FIDELITY INVESTMENTS,2023-07-23,2025-01-23
AC105576,H02244,Trust,FIDELITY INVESTMENTS,2023-07-29,2025-01-24
AC105577,H02245,Traditional IRA,Charles Schwab,2023-07-08,
AC105578,H02245,Individual Taxable,Schwab,2023-07-14,
AC105579,H02245,Rollover IRA,Schwab,2023-07-20,
AC105580,H02245,Trust,Charles Schwab & Co.,2023-07-15,
AC105581,H02246,Traditional IRA,Fidelity,2023-07-08,
AC105582,H02246,Rollover IRA,Fidelity Institutional,2023-07-20,
AC105583,H02246,Traditional IRA,FIDELITY INVESTMENTS,2023-07-17,
AC105584,H02247,Joint Taxable,Fidelity,2023-07-12,
AC105585,H02247,Roth IRA,Fidelity,2023-07-06,
AC105586,H02248,Joint Taxable,Charles Schwab,2023-08-01,
AC105587,H02248,Roth IRA,BNY Pershing,2023-07-20,
AC105588,H02248,Inherited IRA,Charles Schwab,2023-07-27,
AC105589,H02248,Trust,Charles Schwab,2023-08-02,
AC105590,H02248,Inherited IRA,Charles Schwab & Co.,2023-07-16,
AC105591,H02249,Joint Taxable,PERSHING LLC,2023-07-18,
AC105592,H02249,Traditional IRA,PERSHING LLC,2023-07-21,
AC105593,H02250,Joint Taxable,Pershing,2023-07-17,
AC105594,H02250,Rollover IRA,Charles Schwab & Co.,2023-07-16,
AC105595,H02250,Traditional IRA,FIDELITY INVESTMENTS,2023-07-21,
AC105596,H02250,Traditional IRA,Charles Schwab,2023-07-19,
AC105597,H02251,Joint Taxable,Charles Schwab & Co.,2023-07-19,
AC105598,H02252,Joint Taxable,Fidelity,2023-07-15,
AC105599,H02252,Traditional IRA,FIDELITY INVESTMENTS,2023-07-09,
AC105600,H02253,Joint Taxable,Schwab,2023-07-08,
AC105601,H02254,Traditional IRA,Charles Schwab,2023-07-30,
AC105602,H02254,Trust,Schwab,2023-07-25,
AC105603,H02254,Inherited IRA,Schwab,2023-07-21,
AC105604,H02254,Roth IRA,PERSHING LLC,2023-08-01,
AC105605,H02255,Joint Taxable,Charles Schwab & Co.,2023-07-06,
AC105606,H02255,Traditional IRA,SCHWAB,2023-07-12,
AC105607,H02255,Trust,SCHWAB,2023-07-08,
AC105608,H02255,Joint Taxable,Charles Schwab,2023-07-05,
AC105609,H01616,Rollover IRA,SCHWAB,2023-07-20,
AC105610,H01709,Trust,BNY Pershing,2023-07-14,
AC105611,H02256,Traditional IRA,Charles Schwab & Co.,2023-08-06,
AC105612,H02256,Traditional IRA,SCHWAB,2023-08-03,
AC105613,H02256,Roth IRA,SCHWAB,2023-08-01,
AC105614,H02257,Individual Taxable,Charles Schwab & Co.,2023-08-26,2025-12-28
AC105615,H02257,Roth IRA,SCHWAB,2023-09-03,2025-12-26
AC105616,H02258,Individual Taxable,Charles Schwab & Co.,2023-08-07,2025-01-28
AC105617,H02259,Traditional IRA,BNY Pershing,2023-08-30,
AC105618,H02259,Joint Taxable,Schwab,2023-08-24,
AC105619,H02259,Traditional IRA,SCHWAB,2023-08-16,
AC105620,H02259,Trust,Charles Schwab,2023-08-20,
AC105621,H02260,Individual Taxable,Charles Schwab & Co.,2023-08-19,
AC105622,H02260,Traditional IRA,Schwab,2023-08-05,
AC105623,H02260,Individual Taxable,Schwab,2023-08-10,
AC105624,H02261,Joint Taxable,PERSHING LLC,2023-08-24,2024-04-28
AC105625,H02261,Traditional IRA,Pershing,2023-08-22,2024-04-28
AC105626,H02261,529 Plan,BNY Pershing,2023-08-23,2024-04-27
AC105627,H02261,Roth IRA,Pershing,2023-08-18,2024-04-26
AC105628,H02262,Joint Taxable,FIDELITY INVESTMENTS,2023-08-17,
AC105629,H02262,Roth IRA,Fidelity,2023-08-16,
AC105630,H02263,Traditional IRA,Fidelity,2023-08-23,
AC105631,H02263,Traditional IRA,Fidelity,2023-08-23,
AC105632,H02263,Inherited IRA,SCHWAB,2023-08-15,
AC105633,H02264,Individual Taxable,Charles Schwab & Co.,2023-08-27,2025-06-16
AC105634,H02264,Roth IRA,Schwab,2023-08-18,2025-06-16
AC105635,H02264,Traditional IRA,Charles Schwab & Co.,2023-08-12,2025-06-17
AC105636,H02265,Individual Taxable,SCHWAB,2023-08-31,
AC105637,H02265,Individual Taxable,Schwab,2023-08-29,
AC105638,H02265,Individual Taxable,Charles Schwab,2023-08-20,
AC105639,H02266,Traditional IRA,SCHWAB,2023-08-25,
AC105640,H02266,Traditional IRA,SCHWAB,2023-08-19,
AC105641,H02266,Roth IRA,Charles Schwab & Co.,2023-08-21,
AC105642,H02266,Roth IRA,Schwab,2023-08-23,
AC105643,H02267,Traditional IRA,Charles Schwab,2023-08-26,
AC105644,H02267,Traditional IRA,Charles Schwab & Co.,2023-08-20,
AC105645,H02267,Trust,Charles Schwab,2023-08-27,
AC105646,H02268,Traditional IRA,Fidelity Institutional,2023-08-23,
AC105647,H02268,Individual Taxable,Fidelity,2023-09-07,
AC105648,H02269,Individual Taxable,Pershing,2023-08-15,
AC105649,H02269,Traditional IRA,BNY Pershing,2023-08-17,
AC105650,H02270,Individual Taxable,Schwab,2023-08-27,
AC105651,H02270,Traditional IRA,SCHWAB,2023-08-18,
AC105652,H02270,Individual Taxable,SCHWAB,2023-08-28,
AC105653,H02270,Trust,Charles Schwab & Co.,2023-08-17,
AC105654,H02271,Joint Taxable,SCHWAB,2023-08-30,
AC105655,H02271,Joint Taxable,Fidelity Institutional,2023-08-16,
AC105656,H02271,Joint Taxable,SCHWAB,2023-08-17,
AC105657,H02271,Roth IRA,Schwab,2023-08-29,
AC105658,H02272,Traditional IRA,Charles Schwab,2023-08-15,
AC105659,H02272,Traditional IRA,FIDELITY INVESTMENTS,2023-08-29,
AC105660,H02273,Individual Taxable,Schwab,2023-08-24,
AC105661,H02273,Trust,Fidelity Institutional,2023-08-28,
AC105662,H02274,Joint Taxable,FIDELITY INVESTMENTS,2023-08-20,
AC105663,H02274,Joint Taxable,Fidelity Institutional,2023-08-10,
AC105664,H02274,Trust,Fidelity Institutional,2023-08-04,
AC105665,H02275,Traditional IRA,Fidelity Institutional,2023-08-29,
AC105666,H02275,Trust,FIDELITY INVESTMENTS,2023-08-21,
AC105667,H02275,Rollover IRA,Fidelity,2023-08-23,
AC105668,H02275,Joint Taxable,Fidelity Institutional,2023-08-16,
AC105669,H00215,Rollover IRA,BNY Pershing,2023-08-05,2024-07-11
AC105670,H00904,Individual Taxable,Fidelity,2023-08-05,
AC105671,H00993,Trust,Fidelity Institutional,2023-08-28,
AC105672,H01589,Trust,Schwab,2023-08-08,
AC105673,H02276,Traditional IRA,Schwab,2023-09-18,
AC105674,H02276,Joint Taxable,Charles Schwab,2023-09-22,
AC105675,H02276,Traditional IRA,PERSHING LLC,2023-09-30,
AC105676,H02277,Joint Taxable,SCHWAB,2023-09-23,2024-11-25
AC105677,H02277,Trust,SCHWAB,2023-09-20,2024-11-28
AC105678,H02277,Traditional IRA,Schwab,2023-09-11,2024-11-24
AC105679,H02278,Individual Taxable,Schwab,2023-10-01,
AC105680,H02278,Traditional IRA,BNY Pershing,2023-09-24,
AC105681,H02278,Traditional IRA,BNY Pershing,2023-09-22,
AC105682,H02278,Traditional IRA,BNY Pershing,2023-10-05,
AC105683,H02278,Traditional IRA,Pershing,2023-09-27,
AC105684,H02279,Joint Taxable,Charles Schwab,2023-10-06,
AC105685,H02279,Joint Taxable,Charles Schwab & Co.,2023-10-05,
AC105686,H02279,Roth IRA,Charles Schwab,2023-09-20,
AC105687,H02280,Joint Taxable,Charles Schwab,2023-09-23,
AC105688,H02280,Roth IRA,SCHWAB,2023-09-18,
AC105689,H02280,Roth IRA,Charles Schwab,2023-09-17,
AC105690,H02281,Traditional IRA,Schwab,2023-09-10,
AC105691,H02281,Joint Taxable,SCHWAB,2023-09-14,
AC105692,H02281,Inherited IRA,SCHWAB,2023-09-12,
AC105693,H02282,Traditional IRA,Charles Schwab & Co.,2023-09-20,2024-04-13
AC105694,H02283,Joint Taxable,SCHWAB,2023-09-20,
AC105695,H02283,Traditional IRA,Charles Schwab & Co.,2023-09-08,
AC105696,H02284,Traditional IRA,Pershing,2023-09-15,
AC105697,H02284,Traditional IRA,Pershing,2023-09-03,
AC105698,H02284,Inherited IRA,BNY Pershing,2023-09-02,
AC105699,H02285,Joint Taxable,Charles Schwab,2023-09-21,
AC105700,H02285,Trust,Charles Schwab & Co.,2023-09-13,
AC105701,H02285,Trust,Charles Schwab & Co.,2023-09-25,
AC105702,H02285,Inherited IRA,SCHWAB,2023-09-27,
AC105703,H02285,Traditional IRA,Schwab,2023-09-21,
AC105704,H02286,Traditional IRA,Charles Schwab & Co.,2023-09-28,
AC105705,H02286,Traditional IRA,SCHWAB,2023-09-21,
AC105706,H02286,Traditional IRA,Charles Schwab & Co.,2023-09-25,
AC105707,H02287,Traditional IRA,Charles Schwab,2023-11-04,
AC105708,H02287,Joint Taxable,Schwab,2023-11-01,
AC105709,H02288,Joint Taxable,Charles Schwab,2023-10-22,
AC105710,H02288,Roth IRA,Charles Schwab & Co.,2023-10-28,
AC105711,H02288,Rollover IRA,Charles Schwab,2023-10-28,
AC105712,H02288,Rollover IRA,Charles Schwab,2023-10-30,
AC105713,H02288,Joint Taxable,SCHWAB,2023-10-26,
AC105714,H02289,Joint Taxable,FIDELITY INVESTMENTS,2023-10-18,
AC105715,H02289,Trust,Schwab,2023-10-10,
AC105716,H02290,Individual Taxable,SCHWAB,2023-10-17,
AC105717,H02290,Inherited IRA,Schwab,2023-10-30,
AC105718,H02291,Traditional IRA,PERSHING LLC,2023-10-16,2025-05-28
AC105719,H02291,Traditional IRA,Pershing,2023-10-27,2025-05-27
AC105720,H02291,Trust,PERSHING LLC,2023-10-23,2025-05-26
AC105721,H02292,Traditional IRA,Charles Schwab,2023-10-17,
AC105722,H02292,Trust,Schwab,2023-10-09,
AC105723,H02293,Joint Taxable,Charles Schwab & Co.,2023-10-22,
AC105724,H02293,Trust,SCHWAB,2023-10-24,
AC105725,H02294,Traditional IRA,Fidelity,2023-10-20,
AC105726,H02294,Trust,Fidelity,2023-10-13,
AC105727,H02295,Traditional IRA,Charles Schwab,2023-10-28,
AC105728,H02296,Joint Taxable,Charles Schwab & Co.,2023-10-15,
AC105729,H02296,Traditional IRA,Charles Schwab,2023-10-17,
AC105730,H02297,Joint Taxable,Pershing,2023-10-11,
AC105731,H02297,Rollover IRA,BNY Pershing,2023-10-14,
AC105732,H02297,Trust,BNY Pershing,2023-10-15,
AC105733,H02297,Traditional IRA,Pershing,2023-10-23,
AC105734,H02298,Traditional IRA,Charles Schwab & Co.,2023-10-09,
AC105735,H02298,Traditional IRA,Charles Schwab,2023-10-06,
AC105736,H02299,Individual Taxable,SCHWAB,2023-10-11,
AC105737,H02300,Traditional IRA,Fidelity,2023-10-25,2024-12-21
AC105738,H02300,Inherited IRA,Fidelity,2023-11-07,2024-12-20
AC105739,H02300,Rollover IRA,Fidelity Institutional,2023-10-28,2024-12-21
AC105740,H00521,Trust,Charles Schwab & Co.,2023-10-27,2024-04-12
AC105741,H01321,Rollover IRA,Schwab,2023-10-01,
AC105742,H01773,Trust,SCHWAB,2023-10-27,2025-06-25
AC105743,H02301,Joint Taxable,Schwab,2023-12-03,
AC105744,H02301,Trust,Charles Schwab & Co.,2023-12-08,
AC105745,H02301,Rollover IRA,Schwab,2023-11-27,
AC105746,H02302,Joint Taxable,Fidelity Institutional,2023-12-05,
AC105747,H02302,Inherited IRA,FIDELITY INVESTMENTS,2023-11-18,
AC105748,H02302,Traditional IRA,Pershing,2023-12-06,
AC105749,H02303,Joint Taxable,Charles Schwab,2023-11-08,
AC105750,H02303,Rollover IRA,Schwab,2023-11-10,
AC105751,H02303,Rollover IRA,Charles Schwab,2023-11-03,
AC105752,H02304,Joint Taxable,Fidelity Institutional,2023-11-06,
AC105753,H02304,529 Plan,Pershing,2023-11-20,
AC105754,H02305,Joint Taxable,BNY Pershing,2023-11-14,
AC105755,H02305,Joint Taxable,BNY Pershing,2023-11-27,
AC105756,H02306,Joint Taxable,Charles Schwab & Co.,2023-11-08,2025-05-16
AC105757,H02307,Joint Taxable,Schwab,2023-11-18,
AC105758,H02307,Rollover IRA,Charles Schwab,2023-11-18,
AC105759,H02307,Rollover IRA,Schwab,2023-11-18,
AC105760,H02308,Joint Taxable,Charles Schwab,2023-11-24,
AC105761,H02308,Joint Taxable,Charles Schwab,2023-11-25,
AC105762,H02308,Traditional IRA,Charles Schwab & Co.,2023-11-21,
AC105763,H02309,Traditional IRA,Schwab,2023-11-29,
AC105764,H02309,Roth IRA,FIDELITY INVESTMENTS,2023-12-02,
AC105765,H02309,Joint Taxable,Charles Schwab & Co.,2023-11-23,
AC105766,H02309,Roth IRA,Charles Schwab,2023-12-08,
AC105767,H02309,529 Plan,Schwab,2023-11-26,
AC105768,H02310,Traditional IRA,Fidelity Institutional,2023-11-20,2024-09-07
AC105769,H02310,Trust,Fidelity,2023-11-30,2024-09-06
AC105770,H02310,Trust,FIDELITY INVESTMENTS,2023-11-14,2024-09-06
AC105771,H02310,Traditional IRA,Fidelity Institutional,2023-11-30,2024-09-06
AC105772,H02310,Roth IRA,FIDELITY INVESTMENTS,2023-11-21,2024-09-10
AC105773,H02311,Joint Taxable,Charles Schwab & Co.,2023-12-01,
AC105774,H02311,Traditional IRA,Charles Schwab & Co.,2023-11-30,
AC105775,H02311,Traditional IRA,Charles Schwab,2023-11-29,
AC105776,H02312,Traditional IRA,Charles Schwab & Co.,2023-12-01,
AC105777,H02312,Joint Taxable,SCHWAB,2023-11-20,
AC105778,H02313,Traditional IRA,BNY Pershing,2023-11-24,
AC105779,H02313,Roth IRA,BNY Pershing,2023-12-05,
AC105780,H02314,Traditional IRA,FIDELITY INVESTMENTS,2023-12-28,
AC105781,H02315,Traditional IRA,FIDELITY INVESTMENTS,2023-12-18,
AC105782,H02315,Trust,Fidelity Institutional,2023-12-16,
AC105783,H02316,Individual Taxable,BNY Pershing,2024-01-03,2025-01-14
AC105784,H02316,Roth IRA,BNY Pershing,2023-12-20,2025-01-14
AC105785,H02316,Individual Taxable,BNY Pershing,2023-12-22,2025-01-13
AC105786,H02317,Joint Taxable,SCHWAB,2023-12-23,2024-12-24
AC105787,H02317,Joint Taxable,Charles Schwab,2023-12-11,2024-12-20
AC105788,H02318,Joint Taxable,Fidelity Institutional,2023-12-28,
AC105789,H02319,Joint Taxable,SCHWAB,2023-12-10,
AC105790,H02319,Roth IRA,Schwab,2023-12-13,
AC105791,H02319,Inherited IRA,Charles Schwab & Co.,2023-12-22,
AC105792,H02320,Traditional IRA,Charles Schwab & Co.,2024-01-03,
AC105793,H02320,Roth IRA,SCHWAB,2024-01-05,
AC105794,H02320,Traditional IRA,Charles Schwab,2024-01-04,
AC105795,H02320,Roth IRA,SCHWAB,2024-01-03,
AC105796,H02320,529 Plan,SCHWAB,2023-12-27,
AC105797,H02321,Individual Taxable,Charles Schwab & Co.,2023-12-25,
AC105798,H02321,Rollover IRA,Charles Schwab,2023-12-13,
AC105799,H02321,Roth IRA,SCHWAB,2023-12-18,
AC105800,H02322,Joint Taxable,SCHWAB,2023-12-23,
AC105801,H02322,Roth IRA,Schwab,2023-12-22,
AC105802,H02322,Trust,Fidelity Institutional,2023-12-27,
AC105803,H02323,Traditional IRA,Charles Schwab,2023-12-20,
AC105804,H02323,Roth IRA,Schwab,2024-01-04,
AC105805,H02324,Individual Taxable,SCHWAB,2023-12-18,2024-11-26
AC105806,H02324,Rollover IRA,Schwab,2023-12-16,2024-11-30
AC105807,H02324,Individual Taxable,FIDELITY INVESTMENTS,2023-12-12,2024-11-27
AC105808,H02325,Joint Taxable,FIDELITY INVESTMENTS,2023-12-16,
AC105809,H02325,Rollover IRA,SCHWAB,2023-12-25,
AC105810,H02325,Traditional IRA,Charles Schwab,2023-12-15,
AC105811,H02325,Joint Taxable,Charles Schwab & Co.,2023-12-28,
AC105812,H02325,Inherited IRA,SCHWAB,2023-12-16,
AC105813,H02326,Traditional IRA,PERSHING LLC,2023-12-12,
AC105814,H02326,Inherited IRA,Pershing,2023-12-26,
AC105815,H02326,Roth IRA,Pershing,2023-12-12,
AC105816,H02326,Trust,Pershing,2023-12-10,
AC105817,H02327,Traditional IRA,Charles Schwab & Co.,2023-12-22,2025-03-26
AC105818,H02328,Individual Taxable,Pershing,2023-12-26,
AC105819,H02329,Traditional IRA,Pershing,2023-12-23,
AC105820,H02329,Roth IRA,Schwab,2024-01-03,
AC105821,H02329,Traditional IRA,PERSHING LLC,2023-12-24,
AC105822,H02329,Rollover IRA,PERSHING LLC,2024-01-01,
AC105823,H00386,Trust,Charles Schwab,2023-12-09,
AC105824,H00896,Rollover IRA,Schwab,2023-12-12,
AC105825,H01536,Individual Taxable,SCHWAB,2023-12-01,
AC105826,H02330,Individual Taxable,Fidelity Institutional,2024-02-02,
AC105827,H02330,Traditional IRA,Fidelity Institutional,2024-02-04,
AC105828,H02331,Individual Taxable,SCHWAB,2024-01-16,
AC105829,H02331,Traditional IRA,SCHWAB,2024-01-14,
AC105830,H02331,Traditional IRA,Schwab,2024-01-23,
AC105831,H02331,Trust,SCHWAB,2024-01-28,
AC105832,H02332,Joint Taxable,Pershing,2024-01-19,
AC105833,H02332,529 Plan,PERSHING LLC,2024-01-22,
AC105834,H02332,Roth IRA,Pershing,2024-01-27,
AC105835,H02333,Traditional IRA,Charles Schwab,2024-01-21,
AC105836,H02333,Joint Taxable,Schwab,2024-01-15,
AC105837,H02334,Traditional IRA,Schwab,2024-01-17,
AC105838,H02334,Traditional IRA,SCHWAB,2024-01-12,
AC105839,H02335,Joint Taxable,SCHWAB,2024-01-30,
AC105840,H02335,Rollover IRA,SCHWAB,2024-01-17,
AC105841,H02335,Trust,SCHWAB,2024-01-30,
AC105842,H02335,Roth IRA,Charles Schwab,2024-01-31,
AC105843,H02336,Traditional IRA,SCHWAB,2024-01-12,
AC105844,H02336,Roth IRA,SCHWAB,2024-01-31,
AC105845,H02337,Joint Taxable,SCHWAB,2024-01-28,
AC105846,H02337,Joint Taxable,Charles Schwab & Co.,2024-01-31,
AC105847,H02337,Roth IRA,BNY Pershing,2024-02-01,
AC105848,H02337,Traditional IRA,SCHWAB,2024-01-18,
AC105849,H02337,Roth IRA,Charles Schwab & Co.,2024-01-28,
AC105850,H02338,Joint Taxable,SCHWAB,2024-01-25,
AC105851,H02338,529 Plan,Charles Schwab,2024-01-24,
AC105852,H02339,Individual Taxable,PERSHING LLC,2024-01-14,
AC105853,H02339,Rollover IRA,PERSHING LLC,2024-01-19,
AC105854,H02340,Traditional IRA,Schwab,2024-01-12,
AC105855,H02340,Trust,Charles Schwab,2024-01-24,
AC105856,H02340,Trust,Schwab,2024-01-27,
AC105857,H02341,Joint Taxable,Charles Schwab,2024-01-21,2025-02-11
AC105858,H02341,Rollover IRA,Schwab,2024-01-15,2025-02-11
AC105859,H00979,Trust,PERSHING LLC,2024-01-02,
AC105860,H01714,Rollover IRA,Schwab,2024-01-16,
AC105861,H02342,Traditional IRA,Charles Schwab & Co.,2024-02-19,2025-01-22
AC105862,H02342,Rollover IRA,SCHWAB,2024-03-01,2025-01-23
AC105863,H02343,Joint Taxable,FIDELITY INVESTMENTS,2024-02-04,
AC105864,H02343,Trust,FIDELITY INVESTMENTS,2024-02-23,
AC105865,H02343,Trust,FIDELITY INVESTMENTS,2024-02-05,
AC105866,H02343,Rollover IRA,FIDELITY INVESTMENTS,2024-02-22,
AC105867,H02344,Traditional IRA,FIDELITY INVESTMENTS,2024-02-20,
AC105868,H02344,Traditional IRA,Fidelity Institutional,2024-02-22,
AC105869,H02344,Rollover IRA,FIDELITY INVESTMENTS,2024-02-26,
AC105870,H02344,Individual Taxable,FIDELITY INVESTMENTS,2024-02-24,
AC105871,H02344,Roth IRA,FIDELITY INVESTMENTS,2024-02-26,
AC105872,H02345,Joint Taxable,Charles Schwab & Co.,2024-02-18,
AC105873,H02345,Roth IRA,SCHWAB,2024-02-10,
AC105874,H02346,Traditional IRA,Fidelity Institutional,2024-02-09,
AC105875,H02346,Roth IRA,Fidelity Institutional,2024-02-22,
AC105876,H02346,Roth IRA,Fidelity,2024-02-14,
AC105877,H02347,Individual Taxable,Schwab,2024-02-28,
AC105878,H02348,Traditional IRA,BNY Pershing,2024-02-25,
AC105879,H02348,Individual Taxable,BNY Pershing,2024-02-13,
AC105880,H02349,Joint Taxable,SCHWAB,2024-02-26,
AC105881,H02349,Joint Taxable,Pershing,2024-02-21,
AC105882,H02349,Trust,PERSHING LLC,2024-02-26,
AC105883,H02350,Joint Taxable,Fidelity Institutional,2024-03-01,
AC105884,H02351,Joint Taxable,BNY Pershing,2024-02-18,
AC105885,H02352,Traditional IRA,Fidelity,2024-02-21,
AC105886,H02352,Rollover IRA,Fidelity,2024-02-15,
AC105887,H02352,Trust,Fidelity Institutional,2024-02-21,
AC105888,H02353,Joint Taxable,Fidelity,2024-03-01,
AC105889,H02353,Trust,Fidelity,2024-02-12,
AC105890,H02353,Trust,Fidelity,2024-02-18,
AC105891,H02354,Traditional IRA,BNY Pershing,2024-02-22,
AC105892,H02354,Traditional IRA,FIDELITY INVESTMENTS,2024-02-18,
AC105893,H02355,Joint Taxable,PERSHING LLC,2024-02-10,
AC105894,H02355,Inherited IRA,PERSHING LLC,2024-02-13,
AC105895,H02355,Traditional IRA,Pershing,2024-02-15,
AC105896,H02356,Joint Taxable,Fidelity,2024-02-21,
AC105897,H02356,Traditional IRA,Fidelity Institutional,2024-02-21,
AC105898,H02356,Roth IRA,Fidelity,2024-02-22,
AC105899,H02356,Trust,Fidelity Institutional,2024-03-07,
AC105900,H02357,Traditional IRA,Schwab,2024-02-03,
AC105901,H02358,Traditional IRA,BNY Pershing,2024-02-09,
AC105902,H02358,Rollover IRA,PERSHING LLC,2024-02-16,
AC105903,H02359,Joint Taxable,Fidelity,2024-02-15,
AC105904,H02359,Joint Taxable,FIDELITY INVESTMENTS,2024-02-14,
AC105905,H00077,Individual Taxable,Fidelity,2024-02-07,
AC105906,H00083,Rollover IRA,FIDELITY INVESTMENTS,2024-02-23,
AC105909,H02360,Inherited IRA,Pershing,2024-02-24,2025-03-09
AC105910,H02360,Individual Taxable,SCHWAB,2024-02-24,2025-03-12
AC105911,H02016,Trust,SCHWAB,2024-02-01,
AC105912,H02361,Traditional IRA,FIDELITY INVESTMENTS,2024-03-19,
AC105913,H02361,Traditional IRA,FIDELITY INVESTMENTS,2024-03-18,
AC105914,H02361,Trust,FIDELITY INVESTMENTS,2024-03-23,
AC105915,H02362,Joint Taxable,Fidelity Institutional,2024-04-03,
AC105916,H02362,Trust,Fidelity,2024-03-30,
AC105917,H02362,Rollover IRA,Fidelity,2024-03-28,
AC105918,H02362,Inherited IRA,Fidelity,2024-03-30,
AC105919,H02362,Roth IRA,FIDELITY INVESTMENTS,2024-03-22,
AC105920,H02363,Individual Taxable,SCHWAB,2024-03-09,
AC105921,H02364,Individual Taxable,Charles Schwab & Co.,2024-03-07,
AC105922,H02364,Inherited IRA,Charles Schwab,2024-03-13,
AC105923,H02364,Roth IRA,Charles Schwab,2024-03-19,
AC105924,H02364,Individual Taxable,SCHWAB,2024-03-12,
AC105925,H02365,Traditional IRA,SCHWAB,2024-03-20,
AC105926,H02366,Joint Taxable,PERSHING LLC,2024-03-31,
AC105927,H02366,Trust,SCHWAB,2024-04-04,
AC105928,H02366,Joint Taxable,Pershing,2024-03-22,
AC105929,H02366,Inherited IRA,Fidelity Institutional,2024-03-19,
AC105930,H02367,Joint Taxable,FIDELITY INVESTMENTS,2024-04-04,
AC105931,H02367,529 Plan,Fidelity,2024-03-27,
AC105932,H02367,Rollover IRA,FIDELITY INVESTMENTS,2024-03-27,
AC105933,H02368,Traditional IRA,Fidelity Institutional,2024-03-09,
AC105934,H02368,Joint Taxable,Fidelity Institutional,2024-03-17,
AC105935,H02368,Traditional IRA,Fidelity Institutional,2024-03-14,
AC105936,H02368,529 Plan,Fidelity,2024-03-13,
AC105937,H02369,Individual Taxable,FIDELITY INVESTMENTS,2024-03-31,
AC105938,H02369,Rollover IRA,FIDELITY INVESTMENTS,2024-03-29,
AC105939,H02369,Inherited IRA,SCHWAB,2024-03-20,
AC105940,H00205,Trust,Charles Schwab,2024-03-17,
AC105944,H02370,Individual Taxable,Charles Schwab,2024-03-09,
AC105945,H00644,Trust,Charles Schwab & Co.,2024-03-08,
AC105946,H02371,Joint Taxable,SCHWAB,2024-05-01,
AC105947,H02371,Traditional IRA,SCHWAB,2024-04-25,
AC105948,H02372,Joint Taxable,Charles Schwab & Co.,2024-04-20,
AC105949,H02372,Trust,Charles Schwab,2024-04-22,
AC105950,H02372,Roth IRA,Charles Schwab,2024-05-01,
AC105951,H02373,Joint Taxable,Fidelity Institutional,2024-05-05,
AC105952,H02373,Inherited IRA,SCHWAB,2024-05-07,
AC105953,H02373,Inherited IRA,Schwab,2024-05-01,
AC105954,H02374,Joint Taxable,Schwab,2024-04-10,
AC105955,H02374,Joint Taxable,Schwab,2024-04-10,
AC105956,H02375,Traditional IRA,SCHWAB,2024-04-20,
AC105957,H02376,Joint Taxable,Fidelity Institutional,2024-04-25,
AC105958,H02376,Traditional IRA,FIDELITY INVESTMENTS,2024-04-18,
AC105959,H02376,Trust,FIDELITY INVESTMENTS,2024-04-20,
AC105960,H02376,Joint Taxable,Fidelity Institutional,2024-04-27,
AC105961,H02377,Joint Taxable,Charles Schwab,2024-05-04,
AC105962,H02377,Trust,Schwab,2024-04-25,
AC105963,H02377,Trust,Schwab,2024-04-28,
AC105964,H02377,Inherited IRA,Charles Schwab & Co.,2024-05-04,
AC105965,H02377,Roth IRA,SCHWAB,2024-04-20,
AC105966,H02378,Joint Taxable,Pershing,2024-04-04,
AC105967,H02378,Trust,BNY Pershing,2024-04-03,
AC105968,H02378,Traditional IRA,BNY Pershing,2024-04-19,
AC105969,H02378,Rollover IRA,BNY Pershing,2024-04-17,
AC105970,H02378,Traditional IRA,Pershing,2024-04-06,
AC105971,H02379,Individual Taxable,Charles Schwab & Co.,2024-04-10,
AC105972,H02379,Rollover IRA,Charles Schwab,2024-04-15,
AC105973,H02380,Traditional IRA,SCHWAB,2024-04-16,
AC105974,H02380,Trust,SCHWAB,2024-05-02,
AC105975,H02381,Individual Taxable,PERSHING LLC,2024-04-10,
AC105976,H02381,Trust,SCHWAB,2024-04-11,
AC105977,H02381,Rollover IRA,Charles Schwab,2024-04-28,
AC105978,H02381,Trust,Charles Schwab,2024-04-13,
AC105979,H02382,Joint Taxable,BNY Pershing,2024-04-15,
AC105980,H02382,Traditional IRA,BNY Pershing,2024-04-11,
AC105981,H02382,Traditional IRA,BNY Pershing,2024-04-25,
AC105982,H02382,Traditional IRA,BNY Pershing,2024-04-18,
AC105983,H02382,Traditional IRA,PERSHING LLC,2024-04-17,
AC105984,H02383,Traditional IRA,PERSHING LLC,2024-04-25,2025-09-27
AC105985,H02383,Joint Taxable,PERSHING LLC,2024-04-11,2025-09-24
AC105986,H02383,Joint Taxable,BNY Pershing,2024-04-15,2025-09-24
AC105992,H02384,Individual Taxable,Schwab,2024-04-23,
AC105993,H02385,Individual Taxable,Charles Schwab & Co.,2024-04-23,
AC105994,H02386,Individual Taxable,Schwab,2024-04-23,
AC105995,H01068,Trust,Fidelity Institutional,2024-04-24,
AC105996,H01179,Individual Taxable,Fidelity,2024-04-14,
AC105997,H02152,Individual Taxable,Fidelity Institutional,2024-04-13,2025-06-29
AC105998,H02387,Traditional IRA,Charles Schwab,2024-05-24,
AC105999,H02387,Roth IRA,Charles Schwab,2024-05-19,
AC106000,H02387,Trust,Schwab,2024-06-03,
AC106001,H02388,Traditional IRA,Charles Schwab & Co.,2024-05-24,
AC106002,H02388,Traditional IRA,Schwab,2024-05-28,
AC106003,H02388,Traditional IRA,Charles Schwab & Co.,2024-05-20,
AC106004,H02388,Roth IRA,SCHWAB,2024-05-20,
AC106005,H02389,Traditional IRA,Schwab,2024-05-19,
AC106006,H02390,Individual Taxable,PERSHING LLC,2024-05-18,
AC106007,H02390,Rollover IRA,PERSHING LLC,2024-05-14,
AC106008,H02391,Joint Taxable,Charles Schwab,2024-05-22,
AC106009,H02391,Traditional IRA,Schwab,2024-05-24,
AC106010,H02391,Joint Taxable,SCHWAB,2024-05-23,
AC106011,H02391,Trust,Schwab,2024-05-31,
AC106012,H02391,Trust,PERSHING LLC,2024-05-23,
AC106013,H02392,Individual Taxable,FIDELITY INVESTMENTS,2024-05-12,2025-05-23
AC106014,H02392,Rollover IRA,Fidelity Institutional,2024-05-29,2025-05-23
AC106015,H02393,Traditional IRA,SCHWAB,2024-05-22,
AC106016,H02393,Joint Taxable,Charles Schwab & Co.,2024-06-04,
AC106017,H02393,Rollover IRA,Charles Schwab & Co.,2024-06-02,
AC106018,H01320,Trust,Fidelity,2024-05-21,
AC106022,H02394,Inherited IRA,Charles Schwab & Co.,2024-05-09,
AC106023,H02394,Individual Taxable,Charles Schwab,2024-05-09,
AC106024,H02346,Trust,Fidelity Institutional,2024-05-02,
AC106025,H02395,Traditional IRA,Schwab,2024-06-14,
AC106026,H02395,Rollover IRA,Charles Schwab & Co.,2024-06-05,
AC106027,H02396,Traditional IRA,PERSHING LLC,2024-06-21,
AC106028,H02396,Traditional IRA,BNY Pershing,2024-06-07,
AC106029,H02396,Rollover IRA,BNY Pershing,2024-06-20,
AC106030,H02396,Roth IRA,PERSHING LLC,2024-06-05,
AC106031,H02396,Roth IRA,BNY Pershing,2024-06-08,
AC106032,H02397,Traditional IRA,Charles Schwab & Co.,2024-06-06,
AC106033,H02397,Trust,Charles Schwab,2024-06-17,
AC106034,H02397,Trust,SCHWAB,2024-06-19,
AC106035,H02398,Traditional IRA,Schwab,2024-07-05,2025-07-07
AC106036,H02398,Rollover IRA,SCHWAB,2024-06-29,2025-07-09
AC106037,H02398,Trust,Charles Schwab,2024-06-23,2025-07-07
AC106038,H02399,Individual Taxable,Schwab,2024-06-22,
AC106039,H02399,529 Plan,Schwab,2024-06-09,
AC106040,H02400,Traditional IRA,BNY Pershing,2024-07-08,
AC106041,H02401,Joint Taxable,Pershing,2024-06-06,
AC106042,H02401,Rollover IRA,Schwab,2024-06-12,
AC106043,H02402,Traditional IRA,PERSHING LLC,2024-06-29,
AC106044,H02402,Trust,BNY Pershing,2024-06-30,
AC106045,H02403,Individual Taxable,Pershing,2024-06-12,
AC106046,H02404,Individual Taxable,Schwab,2024-06-08,
AC106047,H02404,Traditional IRA,Charles Schwab,2024-06-18,
AC106048,H02404,Roth IRA,Charles Schwab,2024-06-26,
AC106049,H02405,Traditional IRA,SCHWAB,2024-06-24,
AC106050,H02405,Roth IRA,Charles Schwab,2024-06-18,
AC106051,H02406,Joint Taxable,FIDELITY INVESTMENTS,2024-07-02,
AC106052,H02406,Traditional IRA,Fidelity Institutional,2024-06-29,
AC106053,H02407,Joint Taxable,Charles Schwab,2024-07-09,
AC106054,H02407,Trust,Pershing,2024-06-22,
AC106055,H02407,Roth IRA,SCHWAB,2024-06-26,
AC106056,H02408,Individual Taxable,FIDELITY INVESTMENTS,2024-06-22,
AC106057,H02408,Roth IRA,Fidelity,2024-06-28,
AC106058,H02409,Traditional IRA,SCHWAB,2024-06-14,
AC106059,H02409,Traditional IRA,Charles Schwab,2024-06-12,
AC106060,H02409,Roth IRA,Schwab,2024-06-21,
AC106061,H02410,Traditional IRA,BNY Pershing,2024-06-02,
AC106062,H02411,Joint Taxable,Charles Schwab,2024-07-24,
AC106063,H02411,Traditional IRA,PERSHING LLC,2024-08-01,
AC106064,H02412,Individual Taxable,BNY Pershing,2024-07-11,
AC106065,H02412,Individual Taxable,FIDELITY INVESTMENTS,2024-07-15,
AC106066,H02413,Joint Taxable,Charles Schwab & Co.,2024-07-22,
AC106067,H02414,Traditional IRA,Schwab,2024-07-18,2025-02-07
AC106068,H02414,Roth IRA,Charles Schwab & Co.,2024-07-22,2025-02-10
AC106069,H02415,Traditional IRA,Schwab,2024-07-17,
AC106070,H02415,Traditional IRA,Charles Schwab & Co.,2024-07-23,
AC106071,H02416,Traditional IRA,Charles Schwab,2024-07-04,
AC106072,H02416,Rollover IRA,Charles Schwab,2024-07-10,
AC106073,H02416,Traditional IRA,SCHWAB,2024-07-15,
AC106074,H02416,Roth IRA,Charles Schwab,2024-07-20,
AC106075,H02417,Joint Taxable,Schwab,2024-07-13,
AC106076,H02418,Traditional IRA,BNY Pershing,2024-07-24,2025-06-07
AC106077,H02418,Roth IRA,PERSHING LLC,2024-07-29,2025-06-08
AC106078,H02419,Traditional IRA,Charles Schwab & Co.,2024-08-01,
AC106079,H02419,Traditional IRA,Charles Schwab,2024-07-20,
AC106082,H02420,Individual Taxable,Schwab,2024-07-14,
AC106083,H02420,Inherited IRA,Charles Schwab,2024-07-14,
AC106084,H01093,Rollover IRA,Schwab,2024-07-16,
AC106085,H01492,Rollover IRA,Charles Schwab,2024-07-16,2025-12-12
AC106086,H02421,Traditional IRA,Schwab,2024-08-21,
AC106087,H02421,Rollover IRA,Charles Schwab & Co.,2024-08-26,
AC106088,H02421,Inherited IRA,Charles Schwab & Co.,2024-08-30,
AC106089,H02421,Rollover IRA,Schwab,2024-08-18,
AC106090,H02422,Joint Taxable,Fidelity,2024-08-08,
AC106091,H02423,Joint Taxable,SCHWAB,2024-08-22,
AC106092,H02424,Individual Taxable,Fidelity,2024-09-03,
AC106093,H02424,Trust,FIDELITY INVESTMENTS,2024-08-19,
AC106094,H02424,Traditional IRA,Fidelity,2024-08-30,
AC106095,H02424,Trust,Fidelity,2024-09-03,
AC106096,H02424,Traditional IRA,Fidelity Institutional,2024-08-21,
AC106097,H02425,Traditional IRA,SCHWAB,2024-08-22,2024-11-19
AC106098,H02425,Joint Taxable,Fidelity Institutional,2024-08-12,2024-11-18
AC106099,H02426,Traditional IRA,Fidelity Institutional,2024-09-03,
AC106100,H02426,Joint Taxable,Fidelity,2024-08-19,
AC106101,H02426,Roth IRA,Pershing,2024-08-16,
AC106102,H02426,Trust,FIDELITY INVESTMENTS,2024-08-29,
AC106103,H02427,Individual Taxable,Schwab,2024-09-05,
AC106104,H02427,Roth IRA,SCHWAB,2024-08-31,
AC106105,H02427,Trust,Charles Schwab & Co.,2024-08-19,
AC106106,H02427,Individual Taxable,Schwab,2024-08-28,
AC106107,H00207,Rollover IRA,Fidelity,2024-08-18,
AC106108,H01170,Trust,Fidelity Institutional,2024-08-07,
AC106109,H01195,Individual Taxable,BNY Pershing,2024-08-14,
AC106110,H01379,Rollover IRA,SCHWAB,2024-08-03,
AC106115,H02428,Individual Taxable,SCHWAB,2024-08-12,
AC106116,H02429,Individual Taxable,SCHWAB,2024-08-12,
AC106117,H01977,Trust,Charles Schwab & Co.,2024-08-23,
AC106118,H02430,Joint Taxable,BNY Pershing,2024-09-14,
AC106119,H02430,Joint Taxable,BNY Pershing,2024-09-03,
AC106120,H02430,Inherited IRA,BNY Pershing,2024-09-05,
AC106121,H02431,Individual Taxable,SCHWAB,2024-09-22,
AC106122,H02432,Traditional IRA,Charles Schwab & Co.,2024-10-05,2025-04-19
AC106123,H02433,Traditional IRA,FIDELITY INVESTMENTS,2024-09-17,
AC106124,H02434,Joint Taxable,SCHWAB,2024-09-08,
AC106125,H02434,Trust,BNY Pershing,2024-09-18,
AC106126,H02434,Inherited IRA,Charles Schwab & Co.,2024-09-19,
AC106127,H02434,Trust,Charles Schwab & Co.,2024-09-03,
AC106128,H02435,Traditional IRA,SCHWAB,2024-09-01,
AC106129,H02436,Joint Taxable,PERSHING LLC,2024-10-04,
AC106130,H02437,Individual Taxable,Pershing,2024-09-18,
AC106131,H02437,Roth IRA,BNY Pershing,2024-09-08,
AC106132,H02438,Individual Taxable,PERSHING LLC,2024-09-25,
AC106133,H02438,Traditional IRA,Pershing,2024-09-13,
AC106134,H02438,Individual Taxable,PERSHING LLC,2024-10-01,
AC106135,H02439,Individual Taxable,Charles Schwab,2024-09-30,
AC106136,H02439,Individual Taxable,Schwab,2024-09-20,
AC106137,H02439,Rollover IRA,Charles Schwab,2024-09-26,
AC106138,H02439,Traditional IRA,SCHWAB,2024-09-19,
AC106139,H01236,Individual Taxable,PERSHING LLC,2024-09-12,
AC106140,H02440,Traditional IRA,Schwab,2024-10-16,
AC106141,H02440,529 Plan,SCHWAB,2024-10-04,
AC106142,H02440,Traditional IRA,Charles Schwab & Co.,2024-10-20,
AC106143,H02441,Joint Taxable,PERSHING LLC,2024-10-08,
AC106144,H02441,Trust,Pershing,2024-10-13,
AC106145,H02441,Traditional IRA,Pershing,2024-10-21,
AC106146,H02441,Traditional IRA,Fidelity,2024-10-17,
AC106147,H02442,Joint Taxable,Fidelity Institutional,2024-10-30,
AC106148,H02443,Joint Taxable,Charles Schwab & Co.,2024-10-20,
AC106149,H02443,Trust,PERSHING LLC,2024-10-19,
AC106150,H02443,Trust,Schwab,2024-10-14,
AC106151,H02444,Individual Taxable,Schwab,2024-10-22,2025-08-08
AC106152,H02445,Joint Taxable,BNY Pershing,2024-10-22,
AC106153,H02446,Joint Taxable,Fidelity Institutional,2024-10-26,
AC106154,H02446,Trust,SCHWAB,2024-10-24,
AC106155,H02447,Traditional IRA,Schwab,2024-10-18,
AC106156,H02447,529 Plan,Schwab,2024-10-11,
AC106157,H02447,529 Plan,Schwab,2024-10-17,
AC106158,H02447,Rollover IRA,Charles Schwab,2024-10-01,
AC106159,H02448,Traditional IRA,BNY Pershing,2024-10-28,
AC106160,H02448,Trust,Pershing,2024-10-20,
AC106161,H02449,Joint Taxable,Charles Schwab & Co.,2024-10-14,
AC106162,H02449,Traditional IRA,Charles Schwab,2024-10-12,
AC106163,H02449,Trust,SCHWAB,2024-10-15,
AC106164,H02449,Rollover IRA,SCHWAB,2024-10-13,
AC106165,H02450,Traditional IRA,Charles Schwab,2024-10-14,
AC106166,H02451,Individual Taxable,Charles Schwab & Co.,2024-10-18,
AC106167,H02451,Roth IRA,Charles Schwab,2024-10-12,
AC106168,H02451,Trust,Charles Schwab & Co.,2024-10-20,
AC106169,H02452,Traditional IRA,Pershing,2024-10-17,
AC106170,H02452,Roth IRA,Pershing,2024-10-18,
AC106171,H02453,Joint Taxable,Charles Schwab,2024-10-22,
AC106172,H02453,Traditional IRA,Charles Schwab & Co.,2024-10-25,
AC106173,H02454,Joint Taxable,PERSHING LLC,2024-10-20,
AC106174,H02454,Trust,Pershing,2024-10-13,
AC106175,H02454,Traditional IRA,BNY Pershing,2024-10-09,
AC106176,H02454,Trust,Pershing,2024-10-13,
AC106177,H02455,Individual Taxable,SCHWAB,2024-10-16,
AC106178,H02455,Individual Taxable,Pershing,2024-10-13,
AC106179,H02455,529 Plan,BNY Pershing,2024-10-20,
AC106180,H00644,Rollover IRA,Charles Schwab & Co.,2024-10-27,
AC106182,H02456,Inherited IRA,Fidelity,2024-10-17,
AC106183,H02456,Individual Taxable,Fidelity Institutional,2024-10-17,
AC106184,H02457,Traditional IRA,SCHWAB,2024-11-19,
AC106185,H02457,Trust,Schwab,2024-11-11,
AC106186,H02458,Traditional IRA,Fidelity,2024-11-21,
AC106187,H02458,Trust,Pershing,2024-11-24,
AC106188,H02458,Traditional IRA,BNY Pershing,2024-12-01,
AC106189,H02459,Traditional IRA,Fidelity,2024-11-22,
AC106190,H02459,Rollover IRA,Fidelity,2024-11-28,
AC106191,H02460,Joint Taxable,FIDELITY INVESTMENTS,2024-11-08,
AC106192,H02460,Traditional IRA,Fidelity Institutional,2024-11-19,
AC106193,H02461,Joint Taxable,FIDELITY INVESTMENTS,2024-11-23,
AC106194,H02461,529 Plan,Fidelity Institutional,2024-11-20,
AC106195,H02462,Joint Taxable,FIDELITY INVESTMENTS,2024-12-07,
AC106196,H02462,Traditional IRA,Schwab,2024-11-22,
AC106197,H02462,Traditional IRA,Schwab,2024-11-20,
AC106198,H02462,Trust,FIDELITY INVESTMENTS,2024-11-23,
AC106199,H02463,Joint Taxable,Charles Schwab,2024-11-18,
AC106200,H02463,Traditional IRA,Schwab,2024-11-07,
AC106201,H02463,Joint Taxable,SCHWAB,2024-11-19,
AC106202,H02464,Joint Taxable,Fidelity Institutional,2024-11-17,2025-07-22
AC106203,H02464,Trust,Fidelity Institutional,2024-11-15,2025-07-22
AC106204,H02465,Joint Taxable,Charles Schwab & Co.,2024-11-20,
AC106205,H02465,Rollover IRA,SCHWAB,2024-11-13,
AC106206,H02466,Joint Taxable,Charles Schwab,2024-11-21,
AC106207,H02466,Traditional IRA,SCHWAB,2024-11-11,
AC106208,H02466,Roth IRA,SCHWAB,2024-11-19,
AC106209,H02467,Individual Taxable,Charles Schwab,2024-12-04,
AC106210,H02467,Inherited IRA,SCHWAB,2024-11-16,
AC106211,H02468,Traditional IRA,Charles Schwab,2024-11-29,
AC106212,H00132,Trust,Charles Schwab,2024-11-03,
AC106213,H01358,Trust,PERSHING LLC,2024-11-01,
AC106214,H02160,Trust,Schwab,2024-11-04,
AC106215,H02469,Traditional IRA,Charles Schwab,2024-12-24,
AC106216,H02469,Roth IRA,SCHWAB,2024-12-23,
AC106217,H02470,Individual Taxable,Charles Schwab,2024-12-12,
AC106218,H02471,Traditional IRA,Fidelity Institutional,2024-12-26,
AC106219,H02471,Trust,Fidelity,2025-01-01,
AC106220,H02472,Traditional IRA,SCHWAB,2024-12-09,
AC106221,H02473,Joint Taxable,Schwab,2024-12-07,
AC106222,H02473,Rollover IRA,Charles Schwab & Co.,2024-12-14,
AC106223,H02474,Joint Taxable,Schwab,2024-12-25,
AC106224,H02474,Traditional IRA,Charles Schwab,2024-12-19,
AC106225,H02474,Traditional IRA,Charles Schwab,2024-12-19,
AC106226,H02474,Traditional IRA,Charles Schwab & Co.,2024-12-19,
AC106227,H02474,Roth IRA,Charles Schwab,2024-12-22,
AC106228,H02475,Traditional IRA,Fidelity,2024-12-20,
AC106229,H02476,Traditional IRA,PERSHING LLC,2024-12-12,
AC106230,H02476,529 Plan,BNY Pershing,2024-12-27,
AC106231,H00140,Rollover IRA,Charles Schwab,2024-12-10,
AC106232,H01448,Individual Taxable,SCHWAB,2024-12-11,
AC106233,H01895,Individual Taxable,Schwab,2024-12-16,2025-03-19
AC106234,H02266,Individual Taxable,Charles Schwab & Co.,2024-12-09,
AC106235,H02477,Individual Taxable,PERSHING LLC,2025-01-30,
AC106236,H02478,Joint Taxable,Fidelity,2025-01-28,
AC106237,H02478,529 Plan,Fidelity Institutional,2025-01-31,
AC106238,H02478,Rollover IRA,Fidelity,2025-02-07,
AC106239,H02479,Individual Taxable,SCHWAB,2025-01-18,
AC106240,H02480,Traditional IRA,SCHWAB,2025-01-24,
AC106241,H02480,Traditional IRA,Schwab,2025-01-21,
AC106242,H02480,Inherited IRA,SCHWAB,2025-01-23,
AC106243,H02480,Roth IRA,FIDELITY INVESTMENTS,2025-01-19,
AC106244,H02481,Individual Taxable,Charles Schwab & Co.,2025-01-16,
AC106245,H02482,Individual Taxable,SCHWAB,2025-01-18,
AC106246,H02482,Inherited IRA,Pershing,2025-01-15,
AC106247,H02483,Traditional IRA,Fidelity,2025-01-23,
AC106248,H02483,Trust,FIDELITY INVESTMENTS,2025-01-17,
AC106249,H02484,Traditional IRA,Fidelity,2025-01-17,
AC106250,H02484,Traditional IRA,Fidelity Institutional,2025-01-27,
AC106251,H02485,Joint Taxable,Pershing,2025-01-22,
AC106259,H02486,Individual Taxable,Fidelity,2025-01-20,
AC106260,H02487,Individual Taxable,Fidelity Institutional,2025-01-20,
AC106261,H02488,Joint Taxable,Schwab,2025-02-09,
AC106262,H02488,Roth IRA,Charles Schwab,2025-02-12,
AC106263,H02488,Roth IRA,Schwab,2025-02-13,
AC106264,H02489,Traditional IRA,SCHWAB,2025-02-16,
AC106265,H02490,Traditional IRA,Charles Schwab & Co.,2025-03-07,
AC106266,H02490,Roth IRA,Pershing,2025-03-07,
AC106267,H02490,Traditional IRA,Schwab,2025-03-01,
AC106268,H02490,Roth IRA,SCHWAB,2025-02-27,
AC106269,H02490,Rollover IRA,Charles Schwab,2025-03-01,
AC106270,H02491,Individual Taxable,Charles Schwab & Co.,2025-02-19,
AC106271,H02492,Joint Taxable,Fidelity Institutional,2025-02-24,
AC106272,H02493,Joint Taxable,Schwab,2025-02-12,
AC106273,H02493,Rollover IRA,Schwab,2025-02-10,
AC106274,H02494,Traditional IRA,FIDELITY INVESTMENTS,2025-02-23,2025-11-15
AC106275,H02494,Trust,FIDELITY INVESTMENTS,2025-02-23,2025-11-15
AC106276,H02495,Individual Taxable,SCHWAB,2025-02-12,
AC106277,H02495,Traditional IRA,SCHWAB,2025-02-15,
AC106278,H02496,Joint Taxable,BNY Pershing,2025-02-10,
AC106279,H02496,Traditional IRA,Pershing,2025-02-07,
AC106282,H02497,Individual Taxable,Fidelity,2025-02-17,
AC106283,H02497,Inherited IRA,Schwab,2025-02-17,
AC106284,H01755,Individual Taxable,Schwab,2025-02-02,2025-07-14
AC106285,H02498,Traditional IRA,Fidelity,2025-03-16,
AC106286,H02499,Joint Taxable,Pershing,2025-03-23,
AC106287,H02499,Trust,FIDELITY INVESTMENTS,2025-03-29,
AC106288,H02499,Traditional IRA,BNY Pershing,2025-03-20,
AC106289,H02499,Trust,FIDELITY INVESTMENTS,2025-03-19,
AC106290,H02500,Individual Taxable,Charles Schwab,2025-03-19,
AC106291,H02500,Individual Taxable,Charles Schwab & Co.,2025-03-18,
AC106292,H02500,Traditional IRA,Schwab,2025-03-29,
AC106293,H02500,Rollover IRA,Charles Schwab & Co.,2025-04-01,
AC106294,H02500,Individual Taxable,Charles Schwab,2025-03-23,
AC106295,H02501,Joint Taxable,Charles Schwab,2025-04-01,
AC106296,H02502,Traditional IRA,PERSHING LLC,2025-03-25,
AC106297,H02502,Inherited IRA,SCHWAB,2025-03-21,
AC106298,H02503,Joint Taxable,Pershing,2025-03-05,
AC106299,H02503,Roth IRA,Charles Schwab,2025-03-07,
AC106300,H02503,Roth IRA,SCHWAB,2025-03-16,
AC106301,H02504,Joint Taxable,SCHWAB,2025-03-14,
AC106302,H02504,Trust,Schwab,2025-03-19,
AC106303,H02505,Traditional IRA,Pershing,2025-03-24,
AC106304,H02506,Joint Taxable,SCHWAB,2025-03-25,
AC106305,H02506,Rollover IRA,Schwab,2025-04-02,
AC106306,H02506,Traditional IRA,Charles Schwab & Co.,2025-04-06,
AC106307,H02507,Joint Taxable,Pershing,2025-03-17,
AC106308,H02507,Joint Taxable,PERSHING LLC,2025-03-19,
AC106309,H02507,Trust,PERSHING LLC,2025-03-12,
AC106310,H02508,Joint Taxable,PERSHING LLC,2025-03-22,
AC106311,H02509,Individual Taxable,SCHWAB,2025-03-31,
AC106312,H02509,Trust,Charles Schwab & Co.,2025-04-01,
AC106313,H02509,Inherited IRA,SCHWAB,2025-04-02,
AC106314,H02510,Individual Taxable,SCHWAB,2025-03-13,
AC106315,H02511,Traditional IRA,FIDELITY INVESTMENTS,2025-04-25,
AC106316,H02511,Rollover IRA,Fidelity,2025-04-26,
AC106317,H02512,Joint Taxable,Fidelity Institutional,2025-04-22,
AC106318,H02512,529 Plan,Fidelity Institutional,2025-04-16,
AC106319,H02513,Joint Taxable,SCHWAB,2025-04-13,
AC106320,H02513,Inherited IRA,SCHWAB,2025-04-15,
AC106321,H02513,Trust,Charles Schwab,2025-04-20,
AC106322,H02514,Individual Taxable,Fidelity,2025-04-13,
AC106323,H02515,Individual Taxable,FIDELITY INVESTMENTS,2025-04-23,
AC106324,H02515,Trust,FIDELITY INVESTMENTS,2025-04-23,
AC106325,H02515,Rollover IRA,FIDELITY INVESTMENTS,2025-04-17,
AC106326,H02515,Inherited IRA,Fidelity Institutional,2025-04-06,
AC106327,H02515,Traditional IRA,Fidelity Institutional,2025-04-11,
AC106328,H02516,Traditional IRA,Pershing,2025-04-16,
AC106329,H02516,Traditional IRA,Pershing,2025-04-26,
AC106330,H02516,Roth IRA,BNY Pershing,2025-04-28,
AC106331,H02517,Individual Taxable,Charles Schwab,2025-04-07,
AC106332,H02517,Individual Taxable,Charles Schwab & Co.,2025-04-16,
AC106333,H02517,Rollover IRA,Charles Schwab,2025-04-09,
AC106334,H02517,Traditional IRA,Charles Schwab & Co.,2025-04-22,
AC106335,H02518,Traditional IRA,PERSHING LLC,2025-05-06,
AC106336,H02518,Rollover IRA,PERSHING LLC,2025-04-25,
AC106337,H02519,Joint Taxable,Schwab,2025-04-14,
AC106338,H00492,Rollover IRA,SCHWAB,2025-04-26,2025-05-26
AC106339,H01090,Rollover IRA,Fidelity,2025-04-30,2025-05-27
AC106342,H02520,Individual Taxable,SCHWAB,2025-04-21,
AC106343,H02520,Inherited IRA,Charles Schwab & Co.,2025-04-21,
AC106344,H02521,Individual Taxable,BNY Pershing,2025-05-18,
AC106345,H02521,Individual Taxable,Pershing,2025-05-24,
AC106346,H02521,Rollover IRA,Pershing,2025-05-20,
AC106347,H02522,Individual Taxable,FIDELITY INVESTMENTS,2025-05-22,
AC106348,H02522,Trust,Fidelity Institutional,2025-06-03,
AC106349,H02523,Traditional IRA,PERSHING LLC,2025-05-26,
AC106350,H02523,Trust,Pershing,2025-05-24,
AC106351,H02523,Trust,PERSHING LLC,2025-05-11,
AC106352,H02524,Joint Taxable,BNY Pershing,2025-05-17,
AC106353,H02524,Traditional IRA,Pershing,2025-05-15,
AC106354,H02524,Traditional IRA,BNY Pershing,2025-05-24,
AC106355,H02525,Joint Taxable,Fidelity Institutional,2025-05-11,
AC106356,H02525,Joint Taxable,FIDELITY INVESTMENTS,2025-05-12,
AC106357,H02526,Traditional IRA,Schwab,2025-05-18,
AC106358,H02526,Roth IRA,PERSHING LLC,2025-05-03,
AC106359,H02526,Traditional IRA,Schwab,2025-05-18,
AC106360,H02527,Joint Taxable,SCHWAB,2025-05-06,
AC106361,H02528,Individual Taxable,Schwab,2025-05-17,
AC106362,H02528,Roth IRA,Schwab,2025-05-27,
AC106363,H02528,Trust,Charles Schwab & Co.,2025-05-22,
AC106364,H02529,Joint Taxable,SCHWAB,2025-05-12,
AC106365,H02529,Traditional IRA,Schwab,2025-05-07,
AC106366,H02529,Rollover IRA,Charles Schwab & Co.,2025-05-05,
AC106367,H02530,Individual Taxable,PERSHING LLC,2025-05-20,
AC106368,H02530,Trust,Pershing,2025-06-01,
AC106369,H02531,Traditional IRA,Charles Schwab,2025-05-17,
AC106370,H02531,Roth IRA,SCHWAB,2025-05-27,
AC106371,H02532,Joint Taxable,Schwab,2025-05-13,
AC106372,H02532,Traditional IRA,Schwab,2025-05-25,
AC106373,H02532,Traditional IRA,SCHWAB,2025-05-25,
AC106374,H02533,Traditional IRA,FIDELITY INVESTMENTS,2025-05-22,
AC106375,H02533,Individual Taxable,FIDELITY INVESTMENTS,2025-05-12,
AC106376,H02534,Individual Taxable,Schwab,2025-05-24,
AC106377,H02535,Traditional IRA,Schwab,2025-05-04,
AC106378,H02535,Traditional IRA,Charles Schwab,2025-05-12,
AC106379,H02535,Traditional IRA,Pershing,2025-05-20,
AC106380,H02535,Rollover IRA,Fidelity,2025-05-05,
AC106381,H02535,Traditional IRA,Schwab,2025-05-17,
AC106382,H01441,Individual Taxable,PERSHING LLC,2025-05-13,
AC106383,H01850,Rollover IRA,SCHWAB,2025-05-31,
AC106384,H02536,Individual Taxable,Charles Schwab,2025-06-06,
AC106385,H02536,Traditional IRA,Charles Schwab,2025-06-13,
AC106386,H02536,Trust,FIDELITY INVESTMENTS,2025-06-11,
AC106387,H02537,Traditional IRA,Schwab,2025-07-08,
AC106388,H02537,Individual Taxable,Charles Schwab & Co.,2025-06-29,
AC106389,H02538,Individual Taxable,FIDELITY INVESTMENTS,2025-06-10,
AC106390,H02538,Rollover IRA,Schwab,2025-06-09,
AC106391,H02539,Joint Taxable,Fidelity Institutional,2025-06-21,
AC106392,H02539,Traditional IRA,Fidelity,2025-06-25,
AC106393,H02540,Joint Taxable,Fidelity Institutional,2025-06-28,
AC106394,H02540,Joint Taxable,Fidelity Institutional,2025-07-01,
AC106395,H02541,Traditional IRA,Schwab,2025-06-18,
AC106396,H02541,Traditional IRA,SCHWAB,2025-06-27,
AC106397,H02541,Trust,Charles Schwab & Co.,2025-06-18,
AC106398,H02542,Traditional IRA,Schwab,2025-06-16,
AC106399,H02543,Individual Taxable,Charles Schwab & Co.,2025-06-17,
AC106400,H02544,Joint Taxable,Charles Schwab & Co.,2025-06-13,
AC106401,H02544,Trust,Charles Schwab,2025-06-12,
AC106402,H02544,Inherited IRA,Charles Schwab,2025-06-09,
AC106403,H02544,Inherited IRA,Charles Schwab & Co.,2025-06-05,
AC106404,H02545,Individual Taxable,SCHWAB,2025-06-18,
AC106405,H02545,Trust,Charles Schwab & Co.,2025-06-20,
AC106406,H02545,Individual Taxable,Charles Schwab & Co.,2025-06-24,
AC106407,H02545,Inherited IRA,Schwab,2025-06-23,
AC106408,H02546,Traditional IRA,Fidelity Institutional,2025-06-15,
AC106409,H02547,Joint Taxable,Schwab,2025-06-27,
AC106410,H00027,Rollover IRA,FIDELITY INVESTMENTS,2025-06-30,
AC106411,H02548,Individual Taxable,SCHWAB,2025-07-22,
AC106412,H02548,Traditional IRA,SCHWAB,2025-07-21,
AC106413,H02548,Trust,Charles Schwab & Co.,2025-07-15,
AC106414,H02548,Traditional IRA,Charles Schwab & Co.,2025-07-15,
AC106415,H02549,Joint Taxable,SCHWAB,2025-07-12,
AC106416,H02549,Inherited IRA,Schwab,2025-07-18,
AC106417,H02549,Trust,Charles Schwab & Co.,2025-07-09,
AC106418,H02550,Joint Taxable,Pershing,2025-07-19,
AC106419,H02550,Traditional IRA,FIDELITY INVESTMENTS,2025-07-07,
AC106420,H02550,Roth IRA,Pershing,2025-07-09,
AC106421,H02550,Traditional IRA,Charles Schwab,2025-07-04,
AC106422,H02551,Joint Taxable,Charles Schwab,2025-07-22,
AC106423,H02551,Inherited IRA,BNY Pershing,2025-08-06,
AC106424,H02551,Trust,Charles Schwab & Co.,2025-07-19,
AC106425,H02551,Trust,Charles Schwab,2025-07-27,
AC106426,H02552,Traditional IRA,SCHWAB,2025-07-30,
AC106427,H02552,Inherited IRA,Charles Schwab & Co.,2025-07-28,
AC106428,H02552,Traditional IRA,Fidelity,2025-07-18,
AC106429,H02553,Traditional IRA,Pershing,2025-07-07,
AC106430,H02553,Traditional IRA,BNY Pershing,2025-07-06,
AC106431,H02553,Roth IRA,BNY Pershing,2025-07-22,
AC106432,H02554,Individual Taxable,Fidelity Institutional,2025-07-22,
AC106433,H02555,Traditional IRA,Fidelity Institutional,2025-07-14,
AC106434,H02556,Individual Taxable,Charles Schwab,2025-07-21,
AC106435,H02556,Traditional IRA,Charles Schwab & Co.,2025-07-16,
AC106436,H02556,Individual Taxable,Charles Schwab,2025-07-12,
AC106437,H00683,Trust,Pershing,2025-07-30,
AC106438,H01758,Rollover IRA,FIDELITY INVESTMENTS,2025-07-28,
AC106439,H02557,Traditional IRA,SCHWAB,2025-08-19,
AC106440,H02557,529 Plan,Charles Schwab & Co.,2025-08-19,
AC106441,H02557,Joint Taxable,Fidelity,2025-08-05,
AC106442,H02557,Traditional IRA,SCHWAB,2025-08-15,
AC106443,H02558,Traditional IRA,Schwab,2025-08-26,
AC106444,H02558,Traditional IRA,Charles Schwab,2025-08-18,
AC106445,H02559,Traditional IRA,BNY Pershing,2025-08-19,
AC106446,H02560,Joint Taxable,SCHWAB,2025-08-27,
AC106447,H02560,Trust,Fidelity,2025-08-31,
AC106448,H02561,Individual Taxable,SCHWAB,2025-08-09,
AC106449,H02561,Trust,Schwab,2025-08-20,
AC106450,H02561,Trust,Schwab,2025-08-12,
AC106451,H02562,Traditional IRA,FIDELITY INVESTMENTS,2025-09-04,
AC106452,H02562,Traditional IRA,Schwab,2025-09-06,
AC106453,H02563,Individual Taxable,Pershing,2025-08-30,
AC106454,H02563,Inherited IRA,Pershing,2025-08-28,
AC106455,H02563,Inherited IRA,FIDELITY INVESTMENTS,2025-08-23,
AC106456,H02563,Roth IRA,Pershing,2025-08-27,
AC106457,H02564,Individual Taxable,BNY Pershing,2025-08-29,
AC106458,H02564,Trust,PERSHING LLC,2025-08-30,
AC106459,H02565,Individual Taxable,PERSHING LLC,2025-08-18,
AC106460,H02565,Traditional IRA,Pershing,2025-08-28,
AC106461,H02565,Trust,PERSHING LLC,2025-08-19,
AC106462,H02566,Traditional IRA,Charles Schwab & Co.,2025-09-06,
AC106463,H02566,Rollover IRA,SCHWAB,2025-08-30,
AC106464,H02567,Joint Taxable,Pershing,2025-08-23,
AC106465,H02567,Rollover IRA,Pershing,2025-08-22,
AC106466,H02567,Roth IRA,Pershing,2025-08-19,
AC106467,H02568,Traditional IRA,Fidelity,2025-08-26,
AC106468,H02569,Individual Taxable,Charles Schwab & Co.,2025-08-10,
AC106469,H02569,Rollover IRA,Charles Schwab,2025-08-04,
AC106470,H02570,Individual Taxable,Charles Schwab,2025-08-22,
AC106471,H02570,Trust,Schwab,2025-08-05,
AC106472,H00230,Individual Taxable,Fidelity Institutional,2025-08-09,
AC106476,H02571,Individual Taxable,FIDELITY INVESTMENTS,2025-08-16,
AC106477,H02572,Individual Taxable,Fidelity,2025-08-16,
AC106478,H01824,Individual Taxable,FIDELITY INVESTMENTS,2025-08-03,
AC106481,H02573,Individual Taxable,Charles Schwab,2025-08-24,
AC106482,H02574,Individual Taxable,Fidelity,2025-09-09,
AC106483,H02574,Roth IRA,FIDELITY INVESTMENTS,2025-09-16,
AC106484,H02574,Rollover IRA,Fidelity Institutional,2025-09-19,
AC106485,H02575,Individual Taxable,Fidelity Institutional,2025-09-13,
AC106486,H02575,Individual Taxable,Fidelity,2025-09-21,
AC106487,H02575,Trust,Fidelity,2025-09-12,
AC106488,H02576,Joint Taxable,Fidelity Institutional,2025-10-04,
AC106489,H02576,Rollover IRA,FIDELITY INVESTMENTS,2025-09-29,
AC106490,H02576,Trust,Fidelity,2025-09-22,
AC106491,H02576,Rollover IRA,Fidelity Institutional,2025-10-05,
AC106492,H02577,Joint Taxable,FIDELITY INVESTMENTS,2025-09-03,
AC106493,H02577,Rollover IRA,FIDELITY INVESTMENTS,2025-09-20,
AC106494,H02577,Inherited IRA,FIDELITY INVESTMENTS,2025-09-13,
AC106495,H02578,Individual Taxable,Fidelity Institutional,2025-09-22,
AC106496,H02578,Rollover IRA,Fidelity,2025-09-20,
AC106497,H02578,Roth IRA,Fidelity,2025-09-25,
AC106498,H02578,Individual Taxable,Fidelity,2025-09-17,
AC106499,H02579,Individual Taxable,SCHWAB,2025-09-25,
AC106500,H02579,Trust,Charles Schwab,2025-09-23,
AC106501,H02579,Individual Taxable,Schwab,2025-09-18,
AC106502,H02580,Traditional IRA,Charles Schwab,2025-09-20,
AC106503,H02580,Roth IRA,Schwab,2025-10-03,
AC106504,H02581,Traditional IRA,Fidelity Institutional,2025-09-11,
AC106505,H02581,Individual Taxable,Fidelity,2025-09-15,
AC106506,H02581,Trust,SCHWAB,2025-09-11,
AC106507,H02581,Individual Taxable,Fidelity Institutional,2025-09-23,
AC106508,H02582,Traditional IRA,Fidelity,2025-09-07,
AC106509,H02582,Trust,Fidelity Institutional,2025-09-17,
AC106510,H02582,Rollover IRA,Fidelity Institutional,2025-09-03,
AC106511,H02583,Individual Taxable,Charles Schwab & Co.,2025-09-21,
AC106512,H02584,Joint Taxable,Fidelity Institutional,2025-09-23,
AC106513,H02584,Trust,Fidelity,2025-09-29,
AC106514,H02584,Trust,Fidelity,2025-09-19,
AC106515,H02585,Individual Taxable,SCHWAB,2025-09-30,
AC106516,H02585,Individual Taxable,SCHWAB,2025-09-17,
AC106517,H02585,Trust,SCHWAB,2025-09-24,
AC106518,H02586,Individual Taxable,Schwab,2025-09-06,
AC106519,H02586,Individual Taxable,SCHWAB,2025-09-05,
AC106520,H02587,Traditional IRA,BNY Pershing,2025-09-22,
AC106521,H02587,529 Plan,Pershing,2025-09-08,
AC106522,H02588,Individual Taxable,Schwab,2025-09-30,
AC106523,H02588,Roth IRA,SCHWAB,2025-09-27,
AC106524,H02589,Individual Taxable,SCHWAB,2025-09-04,
AC106525,H02589,Trust,Schwab,2025-09-04,
AC106526,H02589,Roth IRA,SCHWAB,2025-09-08,
AC106527,H01009,Trust,SCHWAB,2025-09-23,
AC106528,H01043,Rollover IRA,FIDELITY INVESTMENTS,2025-09-20,
AC106529,H02590,Traditional IRA,Charles Schwab & Co.,2025-10-22,
AC106530,H02590,Roth IRA,BNY Pershing,2025-10-11,
AC106531,H02590,Traditional IRA,SCHWAB,2025-10-15,
AC106532,H02590,Inherited IRA,Schwab,2025-10-24,
AC106533,H02591,Traditional IRA,SCHWAB,2025-10-13,
AC106534,H02591,Roth IRA,Charles Schwab & Co.,2025-10-13,
AC106535,H02591,Rollover IRA,SCHWAB,2025-10-05,
AC106536,H02592,Traditional IRA,Charles Schwab & Co.,2025-10-10,
AC106537,H02592,Roth IRA,Schwab,2025-10-05,
AC106538,H02592,Rollover IRA,Charles Schwab,2025-10-13,
AC106539,H02593,Joint Taxable,Pershing,2025-10-27,
AC106540,H02593,Traditional IRA,Pershing,2025-10-13,
AC106541,H02593,Roth IRA,Pershing,2025-10-13,
AC106542,H02594,Traditional IRA,Schwab,2025-10-20,
AC106543,H02594,Joint Taxable,Charles Schwab & Co.,2025-10-16,
AC106544,H02595,Traditional IRA,Fidelity,2025-10-26,
AC106545,H02595,Inherited IRA,Fidelity Institutional,2025-10-23,
AC106546,H02595,Traditional IRA,Schwab,2025-10-31,
AC106547,H02595,Traditional IRA,Pershing,2025-10-22,
AC106548,H02596,Individual Taxable,Charles Schwab,2025-10-27,
AC106549,H02596,Traditional IRA,Charles Schwab,2025-10-25,
AC106550,H02596,Individual Taxable,SCHWAB,2025-10-26,
AC106551,H02597,Joint Taxable,Fidelity Institutional,2025-10-12,
AC106552,H02597,Traditional IRA,FIDELITY INVESTMENTS,2025-10-14,
AC106553,H02598,Individual Taxable,Charles Schwab & Co.,2025-10-22,
AC106554,H02598,Traditional IRA,Charles Schwab,2025-10-15,
AC106555,H02598,Rollover IRA,Charles Schwab & Co.,2025-10-17,
AC106556,H02599,Joint Taxable,Charles Schwab,2025-10-15,
AC106557,H02599,Roth IRA,SCHWAB,2025-10-21,
AC106558,H02600,Joint Taxable,PERSHING LLC,2025-10-12,
AC106559,H02600,Traditional IRA,BNY Pershing,2025-10-16,
AC106560,H02600,Rollover IRA,PERSHING LLC,2025-10-11,
AC106561,H02601,Joint Taxable,Fidelity,2025-10-21,
AC106562,H00508,Rollover IRA,FIDELITY INVESTMENTS,2025-10-11,
AC106564,H02602,Inherited IRA,Schwab,2025-10-18,
AC106565,H02602,Individual Taxable,Schwab,2025-10-18,
AC106566,H01022,Individual Taxable,Charles Schwab,2025-10-29,
AC106567,H02603,Joint Taxable,Charles Schwab,2025-11-12,
AC106568,H02603,Trust,SCHWAB,2025-11-20,
AC106569,H02604,Individual Taxable,Schwab,2025-12-01,
AC106570,H02604,Traditional IRA,Schwab,2025-11-27,
AC106571,H02604,Rollover IRA,PERSHING LLC,2025-11-12,
AC106572,H02604,Inherited IRA,Charles Schwab & Co.,2025-11-21,
AC106573,H02604,Roth IRA,Charles Schwab & Co.,2025-11-27,
AC106574,H02605,Traditional IRA,Pershing,2025-11-14,
AC106575,H02606,Traditional IRA,Charles Schwab & Co.,2025-11-15,
AC106576,H02606,Roth IRA,SCHWAB,2025-11-09,
AC106577,H02606,Rollover IRA,Charles Schwab & Co.,2025-11-10,
AC106578,H02606,Traditional IRA,SCHWAB,2025-11-23,
AC106579,H02607,Individual Taxable,Fidelity Institutional,2025-11-18,
AC106580,H02608,Traditional IRA,SCHWAB,2025-11-17,
AC106581,H02608,Trust,SCHWAB,2025-11-30,
AC106582,H02608,Trust,SCHWAB,2025-12-01,
AC106583,H02608,Inherited IRA,Charles Schwab & Co.,2025-11-19,
AC106584,H02609,Traditional IRA,SCHWAB,2025-11-14,
AC106585,H02610,Individual Taxable,Fidelity Institutional,2025-11-16,
AC106586,H02610,Rollover IRA,Fidelity,2025-11-20,
AC106587,H01302,Trust,Fidelity,2025-11-10,
AC106588,H02611,Traditional IRA,Fidelity Institutional,2025-12-29,
AC106589,H02611,Trust,Fidelity,2025-12-21,
AC106590,H02612,Individual Taxable,Charles Schwab & Co.,2025-12-07,
AC106591,H02613,Traditional IRA,Fidelity,2025-12-15,
AC106592,H02614,Joint Taxable,Fidelity,2025-12-22,
AC106593,H02614,Roth IRA,Fidelity,2025-12-14,
AC106594,H02615,Traditional IRA,Charles Schwab & Co.,2025-12-21,
AC106595,H02615,Joint Taxable,Charles Schwab,2025-12-27,
AC106596,H02616,Traditional IRA,Fidelity,2025-12-22,
AC106597,H02617,Traditional IRA,Charles Schwab,2025-12-13,
AC106598,H02617,Roth IRA,SCHWAB,2025-12-13,
AC106599,H02617,Trust,Schwab,2025-12-22,
AC106600,H02617,Traditional IRA,Schwab,2025-12-07,
AC106601,H02617,Traditional IRA,Charles Schwab,2025-12-09,
AC106602,H02618,Traditional IRA,Charles Schwab & Co.,2025-12-21,
AC106604,H02619,Individual Taxable,FIDELITY INVESTMENTS,2025-12-13,
AC106605,H02619,Traditional IRA,Fidelity,2025-12-13,
AC106606,H02619,Traditional IRA,FIDELITY INVESTMENTS,2025-12-18,
AC106607,H02620,Traditional IRA,SCHWAB,2025-12-25,
AC106608,H02621,Traditional IRA,Fidelity,2025-12-17,
AC106611,H02622,Roth IRA,Charles Schwab,2025-12-29,
AC106612,H00108,Rollover IRA,Schwab,2025-12-06,
