household_id,advisor_id,start_date,end_date,assignment_reason
H00001,A022,2022-04-23,,New client
H00002,A014,2017-02-20,,New client
H00003,A016,2020-11-03,,New client
H00004,A001,2020-03-08,,New client
H00005,A003,2017-04-24,,New client
H00006,A008,2010-04-09,2024-09-13,New client
H00006,A010,2024-09-16,,Advisor departure
H00007,A020,2012-08-06,,New client
H00008,A025,2009-08-18,2025-06-30,New client
H00008,A026,2025-07-03,,Advisor succession
H00009,A016,2021-12-07,,New client
H00010,A020,2012-10-23,,New client
H00011,A016,2022-02-28,,New client
H00012,A023,2022-05-11,2023-12-05,New client
H00013,A004,2017-11-23,,New client
H00014,A005,2015-05-11,,New client
H00015,A008,2016-11-16,2024-09-13,New client
H00015,A010,2024-09-16,2025-01-16,Advisor departure
H00016,A021,2022-04-28,,New client
H00017,A015,2020-08-08,2025-03-21,New client
H00017,A016,2025-03-24,,Advisor departure
H00018,A006,2022-09-13,,New client
H00019,A003,2022-04-30,2024-11-13,New client
H00020,A015,2014-01-21,2023-08-07,New client
H00021,A014,2017-03-19,2024-10-11,New client
H00022,A003,2022-07-15,,New client
H00023,A021,2016-11-29,2025-01-06,New client
H00024,A002,2012-12-19,,New client
H00025,A001,2020-05-31,,New client
H00026,A025,2011-02-12,2025-06-30,New client
H00026,A026,2025-07-03,,Advisor succession
H00027,A009,2013-08-18,,New client
H00028,A005,2008-05-06,2025-07-23,New client
H00029,A020,2015-11-04,,New client
H00030,A026,2017-01-17,,New client
H00031,A015,2022-01-09,2025-03-21,New client
H00031,A016,2025-03-24,2025-10-17,Advisor departure
H00032,A020,2022-04-29,2025-05-22,New client
H00033,A001,2007-06-19,,New client
H00034,A015,2014-12-18,2025-03-21,New client
H00034,A019,2025-03-24,2025-07-07,Advisor departure
H00035,A001,2022-04-15,,New client
H00036,A009,2015-02-10,,New client
H00037,A021,2022-04-23,,New client
H00038,A008,2017-02-08,2024-09-13,New client
H00038,A011,2024-09-16,,Advisor departure
H00039,A008,2016-09-29,2024-09-13,New client
H00039,A010,2024-09-16,,Advisor departure
H00040,A014,2019-12-11,2025-11-09,New client
H00041,A021,2022-04-14,,New client
H00042,A015,2021-10-31,2025-03-21,New client
H00042,A016,2025-03-24,,Advisor departure
H00043,A003,2014-01-15,,New client
H00044,A005,2021-12-31,,New client
H00045,A020,2022-04-15,,New client
H00046,A020,2016-06-28,,New client
H00047,A008,2022-09-28,2024-09-13,New client
H00047,A011,2024-09-16,2024-11-21,Advisor departure
H00048,A028,2021-09-19,,New client
H00049,A015,2013-09-20,2025-03-21,New client
H00049,A016,2025-03-24,,Advisor departure
H00050,A015,2019-09-24,2025-03-21,New client
H00050,A016,2025-03-24,,Advisor departure
H00051,A015,2011-05-19,2025-03-21,New client
H00051,A016,2025-03-24,,Advisor departure
H00052,A005,2012-05-13,2025-08-19,New client
H00053,A020,2015-09-15,,New client
H00054,A025,2007-07-09,2025-06-30,New client
H00054,A026,2025-07-03,,Advisor succession
H00055,A015,2014-01-23,2025-03-21,New client
H00055,A019,2025-03-24,2025-06-18,Advisor departure
H00056,A015,2016-04-11,2025-03-21,New client
H00056,A019,2025-03-24,,Advisor departure
H00057,A025,2016-01-12,2025-06-30,New client
H00057,A026,2025-07-03,,Advisor succession
H00058,A020,2020-06-11,,New client
H00059,A005,2015-06-08,,New client
H00060,A008,2016-05-13,2024-09-13,New client
H00060,A010,2024-09-16,,Advisor departure
H00061,A018,2020-02-26,2025-05-22,New client
H00062,A005,2015-10-27,,New client
H00063,A005,2008-11-26,,New client
H00064,A028,2018-10-13,,New client
H00065,A025,2013-01-09,2025-06-30,New client
H00065,A026,2025-07-03,,Advisor succession
H00066,A002,2019-03-20,,New client
H00067,A018,2020-09-18,,New client
H00068,A026,2022-06-20,,New client
H00069,A025,2009-02-15,2025-06-30,New client
H00069,A026,2025-07-03,,Advisor succession
H00070,A001,2019-01-26,2025-04-21,New client
H00071,A002,2013-08-15,,New client
H00072,A029,2022-03-13,,New client
H00073,A005,2014-10-12,,New client
H00074,A008,2012-06-17,2023-04-19,New client
H00075,A021,2022-02-06,,New client
H00076,A008,2013-01-17,2024-09-13,New client
H00076,A010,2024-09-16,,Advisor departure
H00077,A009,2020-12-14,,New client
H00078,A002,2014-12-12,,New client
H00079,A021,2022-05-15,2025-08-17,New client
H00080,A011,2022-07-12,,New client
H00081,A001,2015-10-25,,New client
H00082,A001,2015-04-03,2024-09-14,New client
H00083,A025,2008-06-24,2025-06-30,New client
H00083,A026,2025-07-03,,Advisor succession
H00084,A020,2022-04-03,,New client
H00085,A005,2020-11-08,,New client
H00086,A005,2018-07-01,,New client
H00087,A003,2020-05-04,,New client
H00088,A001,2019-05-30,,New client
H00089,A001,2019-08-16,,New client
H00090,A014,2019-12-07,,New client
H00091,A025,2009-05-05,2025-06-30,New client
H00091,A026,2025-07-03,,Advisor succession
H00092,A003,2015-12-18,2025-07-23,New client
H00093,A020,2014-03-13,,New client
H00094,A020,2021-06-25,,New client
H00095,A026,2022-01-15,2023-11-07,New client
H00096,A016,2019-03-30,,New client
H00097,A028,2019-07-15,2024-10-06,New client
H00098,A015,2022-01-20,2025-03-21,New client
H00098,A019,2025-03-24,,Advisor departure
H00099,A008,2014-04-28,2024-09-13,New client
H00099,A010,2024-09-16,2024-10-06,Advisor departure
H00100,A021,2022-04-26,2025-04-09,New client
H00101,A014,2014-08-17,,New client
H00102,A027,2020-10-21,,New client
H00103,A025,2019-03-08,2025-06-30,New client
H00103,A026,2025-07-03,,Advisor succession
H00104,A018,2020-02-18,,New client
H00105,A004,2020-03-20,,New client
H00106,A027,2020-02-20,,New client
H00107,A002,2019-01-23,,New client
H00108,A018,2020-05-23,,New client
H00109,A005,2014-07-04,,New client
H00110,A001,2007-07-23,,New client
H00111,A002,2014-02-21,,New client
H00112,A015,2016-07-24,2025-03-21,New client
H00112,A019,2025-03-24,2025-05-19,Advisor departure
H00113,A020,2022-04-06,,New client
H00114,A004,2017-11-10,,New client
H00115,A001,2015-01-13,,New client
H00116,A016,2022-04-16,,New client
H00117,A008,2015-04-07,2024-09-13,New client
H00117,A010,2024-09-16,2024-10-05,Advisor departure
H00118,A016,2019-05-14,,New client
H00119,A026,2020-02-23,,New client
H00120,A015,2017-05-28,2025-03-21,New client
H00120,A019,2025-03-24,2025-07-13,Advisor departure
H00121,A021,2021-03-14,,New client
H00122,A020,2022-05-13,,New client
H00123,A025,2021-05-29,2025-06-30,New client
H00123,A026,2025-07-03,,Advisor succession
H00124,A018,2020-08-18,,New client
H00125,A020,2022-04-29,,New client
H00126,A002,2012-03-01,,New client
H00127,A001,2015-06-18,,New client
H00128,A001,2011-06-26,,New client
H00129,A021,2022-05-01,,New client
H00130,A002,2014-01-16,,New client
H00131,A025,2013-11-13,2024-10-18,New client
H00132,A005,2010-10-14,,New client
H00133,A011,2022-06-13,,New client
H00134,A017,2022-04-22,,New client
H00135,A020,2022-04-03,,New client
H00136,A010,2020-09-10,,New client
H00137,A025,2018-07-23,2025-06-30,New client
H00137,A026,2025-07-03,,Advisor succession
H00138,A022,2022-04-11,,New client
H00139,A001,2007-11-27,,New client
H00140,A022,2022-05-13,,New client
H00141,A004,2020-06-19,,New client
H00142,A002,2014-04-11,,New client
H00143,A005,2015-01-19,2024-08-13,New client
H00144,A005,2016-03-04,,New client
H00145,A001,2006-09-07,,New client
H00146,A008,2010-02-25,2024-09-13,New client
H00146,A010,2024-09-16,2024-12-07,Advisor departure
H00147,A003,2016-07-26,,New client
H00148,A002,2017-11-17,2023-10-16,New client
H00149,A005,2009-04-24,,New client
H00150,A025,2012-04-05,2023-04-06,New client
H00151,A026,2022-01-17,,New client
H00152,A025,2015-02-06,2025-06-30,New client
H00152,A026,2025-07-03,,Advisor succession
H00153,A025,2016-09-24,2025-06-30,New client
H00153,A026,2025-07-03,,Advisor succession
H00154,A005,2009-04-28,,New client
H00155,A022,2022-04-10,,New client
H00156,A008,2018-09-23,2024-09-13,New client
H00156,A012,2024-09-16,,Advisor departure
H00157,A009,2015-05-03,,New client
H00158,A005,2021-11-10,,New client
H00159,A022,2022-04-18,,New client
H00160,A008,2016-04-14,2024-09-13,New client
H00160,A010,2024-09-16,,Advisor departure
H00161,A027,2022-04-27,2024-06-18,New client
H00162,A020,2022-05-01,2024-04-20,New client
H00163,A021,2022-04-07,,New client
H00164,A004,2017-01-30,,New client
H00165,A015,2012-09-15,2025-03-21,New client
H00165,A016,2025-03-24,,Advisor departure
H00166,A005,2017-06-18,,New client
H00167,A015,2016-09-03,2025-03-21,New client
H00167,A016,2025-03-24,,Advisor departure
H00168,A014,2017-09-03,,New client
H00169,A015,2017-04-01,2025-03-21,New client
H00169,A016,2025-03-24,,Advisor departure
H00170,A020,2022-04-23,,New client
H00171,A025,2011-11-08,2025-06-30,New client
H00171,A026,2025-07-03,,Advisor succession
H00172,A021,2022-04-30,,New client
H00173,A001,2011-01-05,,New client
H00174,A001,2009-06-20,,New client
H00175,A021,2018-03-11,,New client
H00176,A028,2019-07-02,,New client
H00177,A005,2010-12-03,,New client
H00178,A008,2014-10-07,2024-09-13,New client
H00178,A012,2024-09-16,2025-03-07,Advisor departure
H00179,A016,2018-05-30,,New client
H00180,A020,2017-05-10,,New client
H00181,A020,2015-09-13,,New client
H00182,A005,2015-07-21,,New client
H00183,A005,2012-10-28,,New client
H00184,A014,2017-07-13,,New client
H00185,A009,2015-09-09,,New client
H00186,A001,2018-01-21,,New client
H00187,A004,2021-09-19,,New client
H00188,A003,2016-12-18,,New client
H00189,A001,2016-02-03,,New client
H00190,A025,2012-02-11,2025-06-30,New client
H00190,A026,2025-07-03,,Advisor succession
H00191,A028,2019-06-23,,New client
H00192,A002,2014-08-26,,New client
H00193,A008,2010-06-20,2024-09-13,New client
H00193,A010,2024-09-16,,Advisor departure
H00194,A020,2021-12-07,,New client
H00195,A015,2021-08-31,2025-03-21,New client
H00195,A019,2025-03-24,,Advisor departure
H00196,A027,2018-03-31,,New client
H00197,A021,2022-05-04,,New client
H00198,A020,2022-04-12,2025-12-23,New client
H00199,A002,2013-02-02,,New client
H00200,A020,2017-12-16,,New client
H00201,A005,2016-06-16,,New client
H00202,A010,2015-08-31,2025-02-21,New client
H00203,A005,2013-05-16,,New client
H00204,A021,2022-04-19,,New client
H00205,A008,2012-07-30,2024-09-13,New client
H00205,A012,2024-09-16,,Advisor departure
H00206,A009,2019-09-06,,New client
H00207,A016,2019-10-30,,New client
H00208,A002,2018-08-30,,New client
H00209,A001,2014-07-16,,New client
H00210,A008,2015-09-20,2024-09-13,New client
H00210,A012,2024-09-16,,Advisor departure
H00211,A015,2021-10-22,2025-03-21,New client
H00211,A016,2025-03-24,2025-07-16,Advisor departure
H00212,A020,2013-12-08,,New client
H00213,A010,2016-09-15,,New client
H00214,A014,2014-02-23,,New client
H00215,A010,2021-12-06,2024-07-10,New client
H00216,A021,2022-04-03,2025-01-24,New client
H00217,A015,2010-07-24,2025-03-21,New client
H00217,A016,2025-03-24,,Advisor departure
H00218,A014,2018-10-26,,New client
H00219,A025,2007-06-28,2025-06-30,New client
H00219,A026,2025-07-03,,Advisor succession
H00220,A001,2017-09-17,,New client
H00221,A026,2017-07-03,,New client
H00222,A008,2021-08-11,2024-09-13,New client
H00222,A012,2024-09-16,,Advisor departure
H00223,A021,2018-07-08,,New client
H00224,A020,2017-03-24,2025-03-24,New client
H00225,A025,2012-08-15,2025-06-30,New client
H00225,A026,2025-07-03,2025-11-21,Advisor succession
H00226,A014,2015-05-30,2024-11-09,New client
H00227,A022,2022-05-10,,New client
H00228,A015,2020-04-24,2025-03-21,New client
H00228,A016,2025-03-24,,Advisor departure
H00229,A003,2017-02-11,2025-03-18,New client
H00230,A001,2018-04-07,,New client
H00231,A004,2021-04-11,,New client
H00232,A002,2020-08-02,,New client
H00233,A020,2014-11-27,,New client
H00234,A005,2012-10-25,,New client
H00235,A008,2011-05-17,2024-09-13,New client
H00235,A010,2024-09-16,2024-10-22,Advisor departure
H00236,A009,2020-09-06,,New client
H00237,A020,2015-12-22,,New client
H00238,A001,2011-03-30,,New client
H00239,A021,2016-10-24,,New client
H00240,A014,2022-05-08,,New client
H00241,A002,2014-12-23,,New client
H00242,A001,2022-06-06,,New client
H00243,A015,2021-01-20,2025-03-21,New client
H00243,A019,2025-03-24,,Advisor departure
H00244,A025,2013-01-20,2025-06-30,New client
H00244,A026,2025-07-03,,Advisor succession
H00245,A014,2013-02-11,,New client
H00246,A008,2020-12-17,2024-09-13,New client
H00246,A010,2024-09-16,2025-05-23,Advisor departure
H00247,A001,2014-04-14,,New client
H00248,A009,2014-11-28,,New client
H00249,A003,2020-01-30,,New client
H00250,A021,2018-11-22,,New client
H00251,A022,2022-05-07,,New client
H00252,A016,2022-06-09,,New client
H00253,A011,2020-02-15,,New client
H00254,A020,2022-04-12,,New client
H00255,A011,2020-05-21,,New client
H00256,A028,2018-09-01,,New client
H00257,A021,2022-04-18,,New client
H00258,A011,2020-11-02,,New client
H00259,A021,2022-04-17,2025-02-25,New client
H00260,A015,2010-12-02,2025-03-21,New client
H00260,A019,2025-03-24,2025-07-05,Advisor departure
H00261,A010,2018-04-07,,New client
H00262,A010,2018-10-29,,New client
H00263,A020,2022-04-26,,New client
H00264,A026,2016-02-20,,New client
H00265,A009,2021-09-15,,New client
H00266,A014,2015-01-03,,New client
H00267,A005,2010-10-11,,New client
H00268,A003,2014-07-21,,New client
H00269,A012,2022-05-02,2025-10-25,New client
H00270,A005,2015-07-09,,New client
H00271,A003,2022-10-02,,New client
H00272,A021,2022-05-10,,New client
H00273,A005,2015-09-21,,New client
H00274,A009,2022-04-07,2024-07-14,New client
H00275,A025,2007-10-12,2025-06-30,New client
H00275,A026,2025-07-03,,Advisor succession
H00276,A020,2014-06-22,,New client
H00277,A020,2022-04-03,,New client
H00278,A025,2020-11-26,2025-06-30,New client
H00278,A026,2025-07-03,,Advisor succession
H00279,A001,2020-07-12,,New client
H00280,A005,2020-07-16,,New client
H00281,A010,2015-10-25,,New client
H00282,A025,2013-12-19,2025-06-30,New client
H00282,A026,2025-07-03,,Advisor succession
H00283,A005,2009-05-13,,New client
H00284,A020,2019-07-27,,New client
H00285,A005,2021-10-07,,New client
H00286,A014,2022-06-16,,New client
H00287,A027,2017-08-11,,New client
H00288,A025,2011-06-25,2025-06-30,New client
H00288,A026,2025-07-03,2025-08-20,Advisor succession
H00289,A027,2015-12-13,,New client
H00290,A022,2022-04-25,,New client
H00291,A005,2016-03-28,,New client
H00292,A001,2019-09-21,2024-04-23,New client
H00293,A025,2015-01-11,2025-06-30,New client
H00293,A026,2025-07-03,,Advisor succession
H00294,A015,2019-09-25,2025-03-21,New client
H00294,A019,2025-03-24,,Advisor departure
H00295,A020,2022-04-01,,New client
H00296,A001,2007-09-16,,New client
H00297,A008,2014-06-25,2024-09-13,New client
H00297,A010,2024-09-16,2025-10-19,Advisor departure
H00298,A020,2017-05-15,2025-08-08,New client
H00299,A020,2013-11-20,,New client
H00300,A009,2016-02-08,,New client
H00301,A008,2018-01-30,2024-09-13,New client
H00301,A011,2024-09-16,,Advisor departure
H00302,A022,2022-04-19,2023-10-16,New client
H00303,A001,2016-04-23,,New client
H00304,A001,2022-07-04,,New client
H00305,A002,2016-10-12,,New client
H00306,A009,2018-04-11,,New client
H00307,A015,2015-02-04,2025-03-21,New client
H00307,A019,2025-03-24,2025-07-20,Advisor departure
H00308,A022,2022-05-05,,New client
H00309,A002,2020-04-13,,New client
H00310,A021,2020-01-06,,New client
H00311,A004,2022-03-07,,New client
H00312,A021,2017-01-15,,New client
H00313,A005,2010-05-29,,New client
H00314,A021,2019-07-27,2025-08-16,New client
H00315,A010,2020-08-10,,New client
H00316,A002,2015-06-17,,New client
H00317,A008,2022-09-19,2024-09-13,New client
H00317,A011,2024-09-16,2024-12-23,Advisor departure
H00318,A020,2022-05-11,,New client
H00319,A020,2017-02-18,,New client
H00320,A025,2014-12-29,2025-06-30,New client
H00320,A026,2025-07-03,,Advisor succession
H00321,A005,2015-08-14,,New client
H00322,A008,2011-11-15,2024-09-13,New client
H00322,A011,2024-09-16,,Advisor departure
H00323,A005,2015-01-03,,New client
H00324,A004,2017-01-04,,New client
H00325,A015,2021-09-16,2025-03-21,New client
H00325,A016,2025-03-24,,Advisor departure
H00326,A025,2019-10-11,2025-06-30,New client
H00326,A026,2025-07-03,,Advisor succession
H00327,A021,2016-05-23,,New client
H00328,A008,2013-11-12,2024-09-13,New client
H00328,A011,2024-09-16,,Advisor departure
H00329,A021,2022-04-07,,New client
H00330,A023,2022-05-13,,New client
H00331,A020,2017-11-25,,New client
H00332,A010,2017-07-18,,New client
H00333,A001,2007-09-14,,New client
H00334,A001,2010-03-20,,New client
H00335,A001,2022-01-09,,New client
H00336,A025,2013-12-13,2025-06-30,New client
H00336,A026,2025-07-03,,Advisor succession
H00337,A028,2019-06-10,,New client
H00338,A025,2013-01-15,2025-06-30,New client
H00338,A026,2025-07-03,,Advisor succession
H00339,A010,2022-02-07,,New client
H00340,A015,2021-04-28,2025-03-21,New client
H00340,A019,2025-03-24,,Advisor departure
H00341,A014,2013-10-23,,New client
H00342,A003,2014-06-11,,New client
H00343,A009,2021-05-30,,New client
H00344,A015,2015-10-26,2025-03-21,New client
H00344,A016,2025-03-24,,Advisor departure
H00345,A008,2017-02-28,2024-09-13,New client
H00345,A011,2024-09-16,,Advisor departure
H00346,A022,2022-05-05,2024-10-13,New client
H00347,A016,2019-11-16,,New client
H00348,A020,2014-04-07,,New client
H00349,A022,2022-05-08,,New client
H00350,A008,2010-07-06,2024-09-13,New client
H00350,A011,2024-09-16,,Advisor departure
H00351,A001,2008-11-19,,New client
H00352,A001,2014-10-07,,New client
H00353,A004,2021-12-10,,New client
H00354,A022,2022-04-13,2024-09-23,New client
H00355,A015,2020-02-01,2025-03-21,New client
H00355,A016,2025-03-24,2025-10-11,Advisor departure
H00356,A008,2017-06-13,2024-09-13,New client
H00356,A010,2024-09-16,,Advisor departure
H00357,A023,2022-05-03,2024-03-15,New client
H00358,A020,2022-04-20,,New client
H00359,A015,2021-09-19,2025-03-21,New client
H00359,A016,2025-03-24,,Advisor departure
H00360,A008,2013-04-09,2024-09-13,New client
H00360,A012,2024-09-16,,Advisor departure
H00361,A001,2009-02-14,,New client
H00362,A025,2022-04-06,2025-06-30,New client
H00362,A026,2025-07-03,2025-09-06,Advisor succession
H00363,A026,2016-10-02,,New client
H00364,A001,2011-01-22,,New client
H00365,A009,2022-10-02,,New client
H00366,A004,2022-04-06,,New client
H00367,A025,2009-01-28,2025-06-30,New client
H00367,A026,2025-07-03,,Advisor succession
H00368,A004,2019-07-09,,New client
H00369,A015,2022-03-30,2025-03-21,New client
H00369,A016,2025-03-24,2025-05-12,Advisor departure
H00370,A008,2022-04-27,2024-09-13,New client
H00370,A011,2024-09-16,,Advisor departure
H00371,A018,2022-01-21,,New client
H00372,A002,2021-04-05,,New client
H00373,A002,2017-07-01,,New client
H00374,A025,2009-04-07,2025-06-30,New client
H00374,A026,2025-07-03,,Advisor succession
H00375,A027,2015-02-28,,New client
H00376,A020,2021-12-16,,New client
H00377,A029,2021-10-07,,New client
H00378,A014,2014-09-20,,New client
H00379,A027,2020-07-08,,New client
H00380,A001,2009-05-17,,New client
H00381,A009,2016-11-03,,New client
H00382,A025,2008-11-16,2025-06-30,New client
H00382,A026,2025-07-03,,Advisor succession
H00383,A015,2016-08-08,2025-03-21,New client
H00383,A016,2025-03-24,2025-06-22,Advisor departure
H00384,A021,2022-04-10,,New client
H00385,A003,2022-04-15,,New client
H00386,A015,2018-01-07,2025-03-21,New client
H00386,A019,2025-03-24,,Advisor departure
H00387,A004,2018-02-08,,New client
H00388,A008,2016-07-27,2024-09-13,New client
H00388,A011,2024-09-16,,Advisor departure
H00389,A020,2013-10-15,,New client
H00390,A021,2020-09-02,,New client
H00391,A025,2011-01-26,2024-07-20,New client
H00392,A009,2016-08-29,,New client
H00393,A005,2010-12-31,,New client
H00394,A015,2016-10-07,2025-03-21,New client
H00394,A016,2025-03-24,2025-09-06,Advisor departure
H00395,A002,2018-03-27,,New client
H00396,A001,2007-09-16,,New client
H00397,A021,2022-05-09,,New client
H00398,A004,2019-08-14,,New client
H00399,A015,2014-11-21,2025-03-21,New client
H00399,A016,2025-03-24,,Advisor departure
H00400,A025,2008-12-09,2025-06-30,New client
H00400,A026,2025-07-03,,Advisor succession
H00401,A020,2015-03-13,,New client
H00402,A025,2006-10-19,2025-06-30,New client
H00402,A026,2025-07-03,,Advisor succession
H00403,A026,2020-02-06,2024-09-15,New client
H00404,A025,2009-08-20,2025-06-30,New client
H00404,A026,2025-07-03,,Advisor succession
H00405,A001,2012-11-01,,New client
H00406,A004,2019-06-27,,New client
H00407,A008,2015-12-14,2024-09-13,New client
H00407,A010,2024-09-16,,Advisor departure
H00408,A001,2020-11-15,,New client
H00409,A003,2016-01-28,,New client
H00410,A015,2018-07-23,2025-03-21,New client
H00410,A019,2025-03-24,2025-06-18,Advisor departure
H00411,A025,2009-01-05,2025-06-30,New client
H00411,A026,2025-07-03,,Advisor succession
H00412,A020,2022-04-29,,New client
H00413,A018,2020-08-23,,New client
H00414,A015,2017-03-12,2025-03-21,New client
H00414,A016,2025-03-24,,Advisor departure
H00415,A015,2013-07-03,2025-03-21,New client
H00415,A019,2025-03-24,,Advisor departure
H00416,A021,2022-05-04,2024-04-10,New client
H00417,A020,2022-05-23,,New client
H00418,A001,2012-06-14,,New client
H00419,A028,2020-06-18,,New client
H00420,A002,2021-08-23,,New client
H00421,A008,2018-01-18,2024-09-13,New client
H00421,A010,2024-09-16,,Advisor departure
H00422,A027,2015-03-03,,New client
H00423,A020,2022-04-22,,New client
H00424,A021,2018-08-28,,New client
H00425,A001,2017-01-15,,New client
H00426,A020,2012-09-09,,New client
H00427,A020,2018-09-10,,New client
H00428,A008,2013-04-10,2024-09-13,New client
H00428,A012,2024-09-16,2024-12-12,Advisor departure
H00429,A021,2019-06-27,,New client
H00430,A005,2012-02-10,2023-08-11,New client
H00431,A025,2014-12-19,2025-06-30,New client
H00431,A026,2025-07-03,,Advisor succession
H00432,A021,2022-04-02,,New client
H00433,A021,2018-12-20,,New client
H00434,A025,2006-08-18,2025-06-30,New client
H00434,A026,2025-07-03,2025-06-10,Advisor succession
H00435,A004,2020-12-06,,New client
H00436,A002,2015-12-31,,New client
H00437,A020,2021-11-15,,New client
H00438,A001,2017-03-08,,New client
H00439,A008,2009-12-11,2024-09-13,New client
H00439,A010,2024-09-16,,Advisor departure
H00440,A025,2016-06-11,2025-06-30,New client
H00440,A026,2025-07-03,,Advisor succession
H00441,A009,2016-09-14,,New client
H00442,A014,2017-07-28,,New client
H00443,A020,2016-11-24,,New client
H00444,A027,2015-11-10,2025-01-16,New client
H00445,A005,2022-08-11,2025-08-11,New client
H00446,A008,2022-06-22,2024-09-13,New client
H00446,A010,2024-09-16,2025-06-20,Advisor departure
H00447,A018,2020-11-20,,New client
H00448,A002,2022-05-06,2025-10-22,New client
H00449,A014,2015-09-02,,New client
H00450,A003,2014-06-05,,New client
H00451,A005,2009-09-24,,New client
H00452,A026,2017-07-04,,New client
H00453,A026,2022-03-31,2025-02-13,New client
H00454,A014,2018-03-21,,New client
H00455,A005,2015-05-17,,New client
H00456,A025,2008-07-28,2025-06-30,New client
H00456,A026,2025-07-03,2025-11-17,Advisor succession
H00457,A002,2017-09-23,,New client
H00458,A010,2016-09-27,,New client
H00459,A020,2013-06-23,,New client
H00460,A022,2022-04-06,,New client
H00461,A020,2018-04-22,,New client
H00462,A020,2013-03-13,,New client
H00463,A001,2007-04-24,,New client
H00464,A008,2018-09-24,2024-09-13,New client
H00464,A010,2024-09-16,,Advisor departure
H00465,A021,2019-10-29,2025-02-15,New client
H00466,A023,2022-04-10,,New client
H00467,A004,2018-12-23,,New client
H00468,A020,2022-04-04,,New client
H00469,A005,2020-11-16,2024-05-14,New client
H00470,A025,2010-02-10,2025-06-30,New client
H00470,A026,2025-07-03,,Advisor succession
H00471,A021,2022-04-07,,New client
H00472,A023,2022-04-12,,New client
H00473,A001,2019-02-05,,New client
H00474,A020,2018-04-06,,New client
H00475,A022,2022-04-29,,New client
H00476,A005,2012-11-24,,New client
H00477,A020,2022-05-16,,New client
H00478,A009,2013-02-01,,New client
H00479,A003,2015-02-19,2024-03-09,New client
H00480,A009,2012-11-02,,New client
H00481,A025,2009-12-08,2025-06-30,New client
H00481,A026,2025-07-03,,Advisor succession
H00482,A023,2022-05-14,,New client
H00483,A003,2018-09-01,,New client
H00484,A008,2019-02-05,2024-09-13,New client
H00484,A011,2024-09-16,2024-11-08,Advisor departure
H00485,A021,2022-04-30,,New client
H00486,A008,2012-04-29,2024-09-13,New client
H00486,A011,2024-09-16,,Advisor departure
H00487,A010,2019-12-18,,New client
H00488,A020,2022-04-17,,New client
H00489,A001,2014-01-28,,New client
H00490,A008,2012-08-22,2024-09-13,New client
H00490,A012,2024-09-16,2025-07-20,Advisor departure
H00491,A014,2014-09-11,,New client
H00492,A021,2022-04-04,2025-05-24,New client
H00493,A005,2013-11-04,,New client
H00494,A015,2022-05-07,2025-03-21,New client
H00494,A016,2025-03-24,,Advisor departure
H00495,A015,2016-10-17,2025-03-21,New client
H00495,A016,2025-03-24,,Advisor departure
H00496,A015,2016-03-25,2025-03-21,New client
H00496,A016,2025-03-24,2025-04-12,Advisor departure
H00497,A014,2013-05-26,,New client
H00498,A026,2019-06-02,,New client
H00499,A025,2010-03-11,2025-06-30,New client
H00499,A026,2025-07-03,,Advisor succession
H00500,A022,2022-05-09,,New client
H00501,A015,2016-01-24,2025-03-21,New client
H00501,A019,2025-03-24,,Advisor departure
H00502,A009,2014-04-12,,New client
H00503,A025,2006-05-23,2025-06-30,New client
H00503,A026,2025-07-03,,Advisor succession
H00504,A020,2022-04-18,,New client
H00505,A008,2010-04-29,2024-09-13,New client
H00505,A012,2024-09-16,,Advisor departure
H00506,A005,2014-08-19,,New client
H00507,A008,2013-02-13,2024-09-13,New client
H00507,A010,2024-09-16,2025-02-12,Advisor departure
H00508,A009,2014-12-25,,New client
H00509,A005,2014-08-12,,New client
H00510,A021,2022-05-10,,New client
H00511,A025,2018-08-12,2025-06-30,New client
H00511,A026,2025-07-03,,Advisor succession
H00512,A015,2012-01-23,2025-03-21,New client
H00512,A016,2025-03-24,,Advisor departure
H00513,A001,2016-12-02,,New client
H00514,A020,2018-10-24,,New client
H00515,A020,2018-05-18,,New client
H00516,A002,2014-10-09,,New client
H00517,A001,2013-07-08,,New client
H00518,A025,2016-12-26,2025-06-30,New client
H00518,A026,2025-07-03,,Advisor succession
H00519,A010,2021-06-01,,New client
H00520,A005,2017-01-13,,New client
H00521,A022,2022-05-10,2024-04-08,New client
H00522,A004,2021-11-04,,New client
H00523,A008,2012-03-10,2024-09-13,New client
H00523,A011,2024-09-16,,Advisor departure
H00524,A001,2020-11-29,,New client
H00525,A020,2022-05-15,,New client
H00526,A005,2010-01-14,2023-10-16,New client
H00527,A020,2014-02-03,,New client
H00528,A022,2022-04-04,2024-03-08,New client
H00529,A008,2019-07-02,2024-09-13,New client
H00529,A011,2024-09-16,2024-09-13,Advisor departure
H00530,A005,2008-11-07,,New client
H00531,A020,2022-05-10,2025-02-10,New client
H00532,A008,2017-04-25,2024-09-13,New client
H00532,A011,2024-09-16,2025-06-25,Advisor departure
H00533,A015,2012-07-09,2025-03-21,New client
H00533,A019,2025-03-24,,Advisor departure
H00534,A008,2018-12-19,2024-09-13,New client
H00534,A010,2024-09-16,,Advisor departure
H00535,A020,2019-08-24,,New client
H00536,A008,2022-05-21,2024-09-13,New client
H00536,A011,2024-09-16,,Advisor departure
H00537,A001,2007-08-08,,New client
H00538,A025,2014-04-04,2025-06-30,New client
H00538,A026,2025-07-03,,Advisor succession
H00539,A020,2017-01-13,,New client
H00540,A001,2018-12-28,,New client
H00541,A025,2020-05-16,2025-06-30,New client
H00541,A026,2025-07-03,,Advisor succession
H00542,A021,2022-05-01,,New client
H00543,A005,2022-11-12,,New client
H00544,A008,2021-11-01,2024-09-13,New client
H00544,A011,2024-09-16,2024-12-15,Advisor departure
H00545,A020,2022-04-08,,New client
H00546,A001,2019-12-28,,New client
H00547,A015,2011-12-29,2025-03-21,New client
H00547,A019,2025-03-24,,Advisor departure
H00548,A010,2020-02-24,,New client
H00549,A005,2017-08-10,2024-03-24,New client
H00550,A001,2013-03-13,,New client
H00551,A027,2015-08-31,,New client
H00552,A008,2013-01-10,2024-09-13,New client
H00552,A011,2024-09-16,2025-07-20,Advisor departure
H00553,A001,2007-02-12,,New client
H00554,A011,2022-01-05,,New client
H00555,A009,2016-07-09,,New client
H00556,A008,2013-06-10,2024-09-13,New client
H00556,A010,2024-09-16,2025-01-19,Advisor departure
H00557,A005,2017-12-25,,New client
H00558,A001,2021-07-20,,New client
H00559,A008,2019-03-20,2024-09-13,New client
H00559,A010,2024-09-16,2025-03-07,Advisor departure
H00560,A025,2008-11-25,2025-06-30,New client
H00560,A026,2025-07-03,,Advisor succession
H00561,A010,2022-08-26,,New client
H00562,A020,2022-04-10,,New client
H00563,A020,2016-07-26,2024-11-19,New client
H00564,A005,2013-01-16,,New client
H00565,A025,2017-04-04,2025-06-30,New client
H00565,A026,2025-07-03,,Advisor succession
H00566,A015,2010-12-15,2025-03-21,New client
H00566,A019,2025-03-24,2025-07-19,Advisor departure
H00567,A028,2021-11-21,,New client
H00568,A020,2022-04-28,,New client
H00569,A008,2017-04-19,2024-09-13,New client
H00569,A011,2024-09-16,,Advisor departure
H00570,A001,2019-06-12,,New client
H00571,A015,2016-08-04,2025-03-21,New client
H00571,A016,2025-03-24,,Advisor departure
H00572,A005,2009-03-05,,New client
H00573,A001,2013-08-18,,New client
H00574,A009,2020-04-26,2025-01-16,New client
H00575,A028,2020-12-21,,New client
H00576,A020,2022-04-16,,New client
H00577,A003,2016-11-28,2023-11-18,New client
H00578,A005,2011-12-27,,New client
H00579,A008,2013-05-06,2024-09-13,New client
H00579,A011,2024-09-16,,Advisor departure
H00580,A025,2017-04-03,2025-06-30,New client
H00580,A026,2025-07-03,,Advisor succession
H00581,A015,2012-02-22,2025-03-21,New client
H00581,A016,2025-03-24,2025-09-19,Advisor departure
H00582,A001,2014-04-10,,New client
H00583,A004,2022-04-11,2023-07-23,New client
H00584,A001,2015-09-28,,New client
H00585,A020,2022-04-08,2025-02-09,New client
H00586,A021,2016-07-29,2025-01-14,New client
H00587,A001,2007-06-19,,New client
H00588,A018,2022-05-31,,New client
H00589,A023,2022-04-29,2024-05-09,New client
H00590,A001,2011-03-14,,New client
H00591,A025,2020-05-28,2025-06-30,New client
H00591,A026,2025-07-03,2025-12-11,Advisor succession
H00592,A020,2014-08-05,,New client
H00593,A009,2014-07-03,,New client
H00594,A015,2012-05-15,2025-03-21,New client
H00594,A016,2025-03-24,2025-08-15,Advisor departure
H00595,A015,2020-09-15,2025-03-21,New client
H00595,A016,2025-03-24,,Advisor departure
H00596,A025,2014-12-23,2025-06-30,New client
H00596,A026,2025-07-03,,Advisor succession
H00597,A026,2018-06-21,2024-02-13,New client
H00598,A021,2022-11-03,,New client
H00599,A003,2016-12-30,,New client
H00600,A001,2014-04-09,,New client
H00601,A025,2013-06-18,2023-05-15,New client
H00602,A020,2022-05-13,,New client
H00603,A008,2013-04-03,2024-09-13,New client
H00603,A011,2024-09-16,,Advisor departure
H00604,A022,2022-05-14,,New client
H00605,A014,2019-09-29,,New client
H00606,A001,2018-11-20,,New client
H00607,A005,2018-02-10,,New client
H00608,A009,2016-12-31,,New client
H00609,A023,2022-04-18,2024-06-14,New client
H00610,A003,2014-11-14,,New client
H00611,A001,2017-10-17,,New client
H00612,A025,2010-07-04,2025-06-30,New client
H00612,A026,2025-07-03,,Advisor succession
H00613,A020,2022-04-30,2025-11-21,New client
H00614,A021,2017-08-13,,New client
H00615,A021,2022-04-06,,New client
H00616,A014,2022-08-10,,New client
H00617,A008,2010-04-01,2024-09-13,New client
H00617,A012,2024-09-16,2024-10-19,Advisor departure
H00618,A022,2022-04-21,,New client
H00619,A008,2009-12-02,2024-09-13,New client
H00619,A010,2024-09-16,2025-01-13,Advisor departure
H00620,A025,2012-04-21,2025-06-30,New client
H00620,A026,2025-07-03,,Advisor succession
H00621,A001,2009-09-09,2025-07-18,New client
H00622,A002,2019-10-07,,New client
H00623,A025,2008-01-09,2023-09-14,New client
H00624,A001,2007-10-24,,New client
H00625,A003,2014-04-02,,New client
H00626,A006,2021-08-31,,New client
H00627,A008,2013-11-11,2024-09-13,New client
H00627,A010,2024-09-16,,Advisor departure
H00628,A003,2016-12-11,,New client
H00629,A021,2022-05-02,2024-10-05,New client
H00630,A005,2016-07-17,,New client
H00631,A008,2010-01-02,2024-09-13,New client
H00631,A012,2024-09-16,2024-10-15,Advisor departure
H00632,A001,2008-06-20,,New client
H00633,A027,2022-04-21,2025-08-11,New client
H00634,A010,2020-02-16,,New client
H00635,A025,2017-03-10,2025-04-09,New client
H00636,A008,2015-08-12,2024-09-13,New client
H00636,A011,2024-09-16,,Advisor departure
H00637,A001,2007-02-21,2023-08-25,New client
H00638,A010,2017-11-14,,New client
H00639,A001,2020-01-02,,New client
H00640,A011,2019-12-08,,New client
H00641,A021,2022-04-16,,New client
H00642,A022,2022-04-23,2023-07-15,New client
H00643,A025,2006-01-15,2025-06-30,New client
H00643,A026,2025-07-03,,Advisor succession
H00644,A005,2008-05-21,,New client
H00645,A025,2019-08-02,2025-06-30,New client
H00645,A026,2025-07-03,,Advisor succession
H00646,A016,2021-04-10,,New client
H00647,A028,2020-10-16,,New client
H00648,A020,2020-06-09,,New client
H00649,A030,2022-03-19,,New client
H00650,A022,2022-04-01,,New client
H00651,A006,2021-11-17,,New client
H00652,A015,2021-06-14,2025-03-21,New client
H00652,A016,2025-03-24,2025-07-09,Advisor departure
H00653,A015,2018-06-08,2025-03-21,New client
H00653,A016,2025-03-24,2025-04-14,Advisor departure
H00654,A028,2020-09-11,,New client
H00655,A025,2018-04-05,2025-06-30,New client
H00655,A026,2025-07-03,,Advisor succession
H00656,A003,2020-09-10,,New client
H00657,A001,2014-11-04,,New client
H00658,A008,2022-06-02,2024-09-13,New client
H00658,A012,2024-09-16,2024-12-11,Advisor departure
H00659,A020,2022-05-11,,New client
H00660,A015,2011-11-23,2025-03-21,New client
H00660,A016,2025-03-24,,Advisor departure
H00661,A008,2022-09-16,2024-09-13,New client
H00661,A010,2024-09-16,,Advisor departure
H00662,A008,2011-09-29,2024-09-13,New client
H00662,A010,2024-09-16,2025-02-23,Advisor departure
H00663,A008,2017-03-30,2024-09-13,New client
H00663,A012,2024-09-16,2024-12-13,Advisor departure
H00664,A026,2018-07-21,,New client
H00665,A005,2020-06-19,,New client
H00666,A026,2019-07-01,,New client
H00667,A025,2016-11-03,2025-06-30,New client
H00667,A026,2025-07-03,,Advisor succession
H00668,A010,2016-10-26,,New client
H00669,A005,2013-10-09,,New client
H00670,A023,2022-05-15,,New client
H00671,A028,2022-09-14,,New client
H00672,A025,2008-09-14,2025-06-30,New client
H00672,A026,2025-07-03,,Advisor succession
H00673,A025,2015-01-17,2025-06-30,New client
H00673,A026,2025-07-03,,Advisor succession
H00674,A009,2022-04-11,,New client
H00675,A005,2019-02-24,,New client
H00676,A005,2009-05-30,,New client
H00677,A003,2015-11-03,2023-10-09,New client
H00678,A016,2020-06-06,,New client
H00679,A021,2022-04-22,,New client
H00680,A014,2018-01-10,,New client
H00681,A020,2022-04-17,,New client
H00682,A020,2012-05-19,,New client
H00683,A003,2015-07-01,,New client
H00684,A022,2022-04-28,,New client
H00685,A002,2015-08-07,,New client
H00686,A005,2012-03-27,,New client
H00687,A015,2011-03-16,2025-03-21,New client
H00687,A019,2025-03-24,,Advisor departure
H00688,A025,2007-04-24,2025-06-30,New client
H00688,A026,2025-07-03,,Advisor succession
H00689,A001,2016-07-27,,New client
H00690,A021,2022-04-18,2025-12-16,New client
H00691,A025,2017-09-26,2024-04-18,New client
H00692,A014,2014-04-26,,New client
H00693,A025,2022-04-08,2024-08-05,New client
H00694,A018,2020-02-16,,New client
H00695,A002,2020-11-01,,New client
H00696,A015,2020-02-13,2025-03-21,New client
H00696,A016,2025-03-24,,Advisor departure
H00697,A021,2022-04-06,2025-03-14,New client
H00698,A020,2014-12-17,,New client
H00699,A015,2010-11-23,2025-03-21,New client
H00699,A016,2025-03-24,,Advisor departure
H00700,A018,2021-05-11,,New client
H00701,A016,2018-06-02,,New client
H00702,A015,2016-12-24,2025-03-21,New client
H00702,A016,2025-03-24,,Advisor departure
H00703,A020,2019-06-26,2025-01-14,New client
H00704,A020,2022-04-21,,New client
H00705,A001,2010-06-12,,New client
H00706,A020,2021-07-20,,New client
H00707,A020,2022-04-05,,New client
H00708,A020,2022-04-15,,New client
H00709,A008,2014-02-26,2024-09-13,New client
H00709,A011,2024-09-16,,Advisor departure
H00710,A008,2017-02-05,2024-09-13,New client
H00710,A011,2024-09-16,,Advisor departure
H00711,A005,2021-04-27,2025-04-18,New client
H00712,A014,2018-12-05,,New client
H00713,A014,2018-04-28,,New client
H00714,A009,2012-10-19,,New client
H00715,A001,2014-12-27,2024-03-14,New client
H00716,A001,2012-10-11,,New client
H00717,A009,2018-07-09,,New client
H00718,A020,2022-04-24,,New client
H00719,A020,2015-02-01,,New client
H00720,A016,2018-10-01,2024-05-17,New client
H00721,A005,2017-02-21,,New client
H00722,A008,2014-03-18,2024-09-13,New client
H00722,A010,2024-09-16,2025-06-25,Advisor departure
H00723,A002,2019-12-27,,New client
H00724,A005,2021-06-23,,New client
H00725,A001,2009-07-05,,New client
H00726,A025,2007-09-25,2025-06-30,New client
H00726,A026,2025-07-03,,Advisor succession
H00727,A025,2013-09-30,2025-06-30,New client
H00727,A026,2025-07-03,,Advisor succession
H00728,A009,2012-10-19,,New client
H00729,A020,2022-02-28,2023-10-17,New client
H00730,A016,2020-08-08,,New client
H00731,A010,2022-04-14,2024-03-24,New client
H00732,A020,2022-04-22,2023-03-05,New client
H00733,A015,2013-08-21,2025-03-21,New client
H00733,A016,2025-03-24,,Advisor departure
H00734,A005,2013-09-07,,New client
H00735,A011,2020-04-26,,New client
H00736,A025,2006-11-17,2025-06-30,New client
H00736,A026,2025-07-03,,Advisor succession
H00737,A015,2016-05-21,2025-03-21,New client
H00737,A016,2025-03-24,,Advisor departure
H00738,A025,2010-08-04,2025-06-30,New client
H00738,A026,2025-07-03,,Advisor succession
H00739,A003,2015-08-25,,New client
H00740,A001,2019-09-05,,New client
H00741,A027,2015-11-26,,New client
H00742,A015,2016-02-10,2025-03-21,New client
H00742,A019,2025-03-24,,Advisor departure
H00743,A006,2022-02-06,,New client
H00744,A005,2022-02-12,,New client
H00745,A008,2019-09-28,2024-09-13,New client
H00745,A010,2024-09-16,2024-11-12,Advisor departure
H00746,A015,2018-10-31,2025-03-21,New client
H00746,A016,2025-03-24,2025-06-08,Advisor departure
H00747,A009,2022-04-23,,New client
H00748,A020,2013-05-14,,New client
H00749,A009,2015-02-16,,New client
H00750,A025,2016-06-26,2025-06-30,New client
H00750,A026,2025-07-03,,Advisor succession
H00751,A025,2009-01-20,2025-06-30,New client
H00751,A026,2025-07-03,,Advisor succession
H00752,A008,2013-05-01,2024-09-13,New client
H00752,A011,2024-09-16,,Advisor departure
H00753,A028,2020-04-27,,New client
H00754,A005,2011-03-16,,New client
H00755,A021,2022-04-02,,New client
H00756,A022,2022-04-15,,New client
H00757,A008,2020-12-16,2024-09-13,New client
H00757,A010,2024-09-16,2025-01-08,Advisor departure
H00758,A019,2022-06-08,,New client
H00759,A004,2019-07-17,,New client
H00760,A021,2022-04-03,,New client
H00761,A014,2013-08-13,2024-11-16,New client
H00762,A027,2020-06-11,,New client
H00763,A010,2018-03-02,,New client
H00764,A020,2022-05-14,,New client
H00765,A002,2015-09-24,,New client
H00766,A004,2019-01-27,,New client
H00767,A005,2021-07-15,,New client
H00768,A009,2018-10-04,,New client
H00769,A020,2022-05-10,2024-10-19,New client
H00770,A020,2022-04-12,2025-01-23,New client
H00771,A022,2022-05-14,2023-10-10,New client
H00772,A021,2022-05-11,,New client
H00773,A025,2017-06-05,2025-06-30,New client
H00773,A026,2025-07-03,,Advisor succession
H00774,A009,2020-04-23,,New client
H00775,A002,2011-10-31,,New client
H00776,A020,2022-04-01,,New client
H00777,A008,2011-02-28,2024-09-13,New client
H00777,A011,2024-09-16,2025-10-09,Advisor departure
H00778,A020,2015-10-01,2024-08-22,New client
H00779,A003,2015-03-25,2025-05-11,New client
H00780,A009,2012-03-23,,New client
H00781,A001,2016-01-05,,New client
H00782,A002,2019-07-14,,New client
H00783,A021,2022-05-03,,New client
H00784,A022,2022-04-10,2025-11-07,New client
H00785,A006,2021-06-05,,New client
H00786,A005,2013-05-30,2025-09-17,New client
H00787,A025,2010-10-19,2025-06-30,New client
H00787,A026,2025-07-03,2025-09-13,Advisor succession
H00788,A009,2019-08-04,,New client
H00789,A020,2020-01-16,,New client
H00790,A008,2020-04-05,2024-01-21,New client
H00791,A020,2022-05-04,,New client
H00792,A025,2021-12-22,2025-06-30,New client
H00792,A026,2025-07-03,,Advisor succession
H00793,A015,2010-09-24,2025-03-21,New client
H00793,A016,2025-03-24,,Advisor departure
H00794,A017,2021-07-23,,New client
H00795,A009,2014-08-16,,New client
H00796,A001,2008-10-21,,New client
H00797,A004,2017-02-14,,New client
H00798,A001,2007-07-12,,New client
H00799,A008,2010-05-20,2024-09-13,New client
H00799,A010,2024-09-16,,Advisor departure
H00800,A020,2012-07-05,,New client
H00801,A008,2015-09-07,2024-09-13,New client
H00801,A010,2024-09-16,2025-01-11,Advisor departure
H00802,A025,2019-10-01,2025-06-30,New client
H00802,A026,2025-07-03,,Advisor succession
H00803,A005,2019-06-23,,New client
H00804,A004,2017-11-20,,New client
H00805,A025,2010-08-10,2025-06-30,New client
H00805,A026,2025-07-03,,Advisor succession
H00806,A008,2015-01-12,2024-09-13,New client
H00806,A010,2024-09-16,,Advisor departure
H00807,A003,2022-09-11,,New client
H00808,A001,2011-04-13,,New client
H00809,A008,2022-08-01,2024-09-13,New client
H00809,A011,2024-09-16,,Advisor departure
H00810,A015,2017-05-05,2025-03-21,New client
H00810,A016,2025-03-24,,Advisor departure
H00811,A001,2009-07-14,,New client
H00812,A005,2020-01-18,,New client
H00813,A027,2019-06-13,,New client
H00814,A001,2009-03-08,,New client
H00815,A021,2022-04-21,,New client
H00816,A008,2011-05-31,2024-09-13,New client
H00816,A011,2024-09-16,,Advisor departure
H00817,A009,2013-06-09,,New client
H00818,A008,2017-08-18,2024-09-13,New client
H00818,A010,2024-09-16,,Advisor departure
H00819,A020,2022-04-18,2023-12-08,New client
H00820,A025,2016-06-23,2025-06-30,New client
H00820,A026,2025-07-03,,Advisor succession
H00821,A016,2019-10-08,,New client
H00822,A010,2019-12-22,,New client
H00823,A027,2020-01-21,,New client
H00824,A001,2019-02-21,,New client
H00825,A015,2013-06-05,2025-03-21,New client
H00825,A019,2025-03-24,,Advisor departure
H00826,A015,2020-03-24,2025-03-21,New client
H00826,A019,2025-03-24,,Advisor departure
H00827,A020,2012-09-14,,New client
H00828,A015,2011-09-04,2025-03-21,New client
H00828,A016,2025-03-24,,Advisor departure
H00829,A005,2009-05-25,,New client
H00830,A025,2017-09-20,2025-06-30,New client
H00830,A026,2025-07-03,,Advisor succession
H00831,A008,2014-06-30,2024-09-13,New client
H00831,A010,2024-09-16,,Advisor departure
H00832,A008,2011-01-23,2024-06-08,New client
H00833,A008,2010-01-20,2024-09-13,New client
H00833,A010,2024-09-16,,Advisor departure
H00834,A001,2011-07-22,,New client
H00835,A021,2022-05-02,,New client
H00836,A005,2016-08-15,,New client
H00837,A020,2022-04-24,2025-07-12,New client
H00838,A001,2010-07-31,,New client
H00839,A015,2012-11-13,2025-03-21,New client
H00839,A016,2025-03-24,,Advisor departure
H00840,A014,2021-04-04,2025-12-15,New client
H00841,A003,2016-02-01,,New client
H00842,A021,2022-05-03,,New client
H00843,A021,2022-05-08,,New client
H00844,A025,2013-11-12,2025-06-30,New client
H00844,A026,2025-07-03,,Advisor succession
H00845,A010,2021-06-24,2024-11-09,New client
H00846,A001,2008-04-09,2023-10-10,New client
H00847,A015,2019-09-29,2025-03-21,New client
H00847,A019,2025-03-24,,Advisor departure
H00848,A004,2018-02-11,,New client
H00849,A022,2022-04-05,,New client
H00850,A022,2022-10-04,2025-02-09,New client
H00851,A008,2020-05-25,2024-09-13,New client
H00851,A011,2024-09-16,,Advisor departure
H00852,A021,2022-04-30,2025-04-10,New client
H00853,A002,2015-12-05,,New client
H00854,A008,2022-05-08,2024-09-13,New client
H00854,A010,2024-09-16,,Advisor departure
H00855,A020,2017-01-13,,New client
H00856,A002,2021-01-02,,New client
H00857,A015,2017-07-11,2025-03-21,New client
H00857,A016,2025-03-24,,Advisor departure
H00858,A005,2016-10-30,,New client
H00859,A020,2022-05-14,2025-04-08,New client
H00860,A021,2022-05-09,,New client
H00861,A020,2022-04-26,,New client
H00862,A027,2022-08-13,,New client
H00863,A008,2019-08-07,2024-09-13,New client
H00863,A010,2024-09-16,2024-11-06,Advisor departure
H00864,A001,2013-12-02,,New client
H00865,A002,2018-10-13,,New client
H00866,A026,2021-09-24,,New client
H00867,A016,2018-11-12,,New client
H00868,A008,2019-05-27,2024-09-13,New client
H00868,A010,2024-09-16,2025-02-11,Advisor departure
H00869,A010,2016-05-23,,New client
H00870,A008,2021-08-26,2024-09-13,New client
H00870,A011,2024-09-16,,Advisor departure
H00871,A021,2019-08-01,,New client
H00872,A025,2019-01-17,2025-06-30,New client
H00872,A026,2025-07-03,,Advisor succession
H00873,A008,2012-01-15,2024-09-13,New client
H00873,A011,2024-09-16,,Advisor departure
H00874,A010,2017-02-07,,New client
H00875,A003,2015-06-09,,New client
H00876,A019,2022-11-23,,New client
H00877,A011,2019-07-11,,New client
H00878,A002,2016-12-25,,New client
H00879,A020,2015-12-29,,New client
H00880,A025,2009-06-14,2025-06-30,New client
H00880,A026,2025-07-03,,Advisor succession
H00881,A018,2021-12-31,,New client
H00882,A011,2018-06-10,,New client
H00883,A005,2021-12-07,,New client
H00884,A025,2011-02-17,2025-06-30,New client
H00884,A026,2025-07-03,,Advisor succession
H00885,A020,2019-05-27,,New client
H00886,A021,2020-05-16,2025-08-19,New client
H00887,A015,2013-07-27,2025-03-21,New client
H00887,A019,2025-03-24,,Advisor departure
H00888,A009,2014-07-04,,New client
H00889,A014,2022-07-18,,New client
H00890,A003,2015-07-15,,New client
H00891,A018,2022-05-14,2023-08-10,New client
H00892,A014,2021-12-17,,New client
H00893,A001,2015-05-30,,New client
H00894,A001,2009-02-12,,New client
H00895,A011,2021-07-17,,New client
H00896,A023,2022-08-17,,New client
H00897,A011,2022-04-29,,New client
H00898,A014,2019-11-22,,New client
H00899,A001,2007-06-11,,New client
H00900,A020,2021-10-23,,New client
H00901,A025,2021-10-15,2025-06-30,New client
H00901,A026,2025-07-03,,Advisor succession
H00902,A020,2016-05-01,,New client
H00903,A025,2006-08-19,2025-06-30,New client
H00903,A026,2025-07-03,,Advisor succession
H00904,A004,2022-02-18,,New client
H00905,A005,2013-02-21,,New client
H00906,A004,2019-10-31,,New client
H00907,A008,2013-02-09,2024-09-13,New client
H00907,A011,2024-09-16,,Advisor departure
H00908,A003,2019-03-24,,New client
H00909,A005,2012-07-25,,New client
H00910,A015,2020-09-15,2025-03-21,New client
H00910,A016,2025-03-24,2025-04-17,Advisor departure
H00911,A025,2014-11-27,2025-06-30,New client
H00911,A026,2025-07-03,,Advisor succession
H00912,A016,2019-11-20,,New client
H00913,A020,2014-03-26,2025-06-10,New client
H00914,A005,2008-05-12,,New client
H00915,A002,2022-02-25,2025-11-24,New client
H00916,A020,2022-04-29,,New client
H00917,A020,2022-05-02,,New client
H00918,A003,2018-03-17,,New client
H00919,A009,2014-05-15,,New client
H00920,A008,2014-05-22,2024-09-13,New client
H00920,A010,2024-09-16,,Advisor departure
H00921,A022,2021-06-27,,New client
H00922,A001,2013-06-28,2025-02-05,New client
H00923,A026,2017-08-09,,New client
H00924,A025,2009-08-15,2025-06-30,New client
H00924,A026,2025-07-03,,Advisor succession
H00925,A001,2022-05-09,,New client
H00926,A001,2016-07-07,,New client
H00927,A009,2019-06-28,,New client
H00928,A005,2009-06-04,,New client
H00929,A026,2018-05-09,,New client
H00930,A020,2022-05-11,2024-12-12,New client
H00931,A018,2020-08-29,,New client
H00932,A009,2017-01-23,,New client
H00933,A001,2009-01-06,,New client
H00934,A001,2016-02-08,,New client
H00935,A009,2015-01-08,,New client
H00936,A020,2013-01-25,,New client
H00937,A025,2005-12-11,2025-06-30,New client
H00937,A026,2025-07-03,,Advisor succession
H00938,A020,2018-02-19,,New client
H00939,A005,2016-12-18,,New client
H00940,A004,2022-02-12,,New client
H00941,A025,2016-09-16,2025-06-30,New client
H00941,A026,2025-07-03,,Advisor succession
H00942,A015,2019-04-13,2025-03-21,New client
H00942,A019,2025-03-24,,Advisor departure
H00943,A005,2020-08-01,,New client
H00944,A008,2015-09-03,2024-09-13,New client
H00944,A012,2024-09-16,,Advisor departure
H00945,A020,2014-04-04,,New client
H00946,A025,2010-09-05,2025-06-30,New client
H00946,A026,2025-07-03,,Advisor succession
H00947,A015,2010-12-21,2025-03-21,New client
H00947,A019,2025-03-24,,Advisor departure
H00948,A027,2016-07-05,,New client
H00949,A015,2017-04-08,2025-03-21,New client
H00949,A016,2025-03-24,2025-05-09,Advisor departure
H00950,A015,2019-09-12,2025-03-21,New client
H00950,A016,2025-03-24,,Advisor departure
H00951,A022,2022-04-03,,New client
H00952,A001,2022-11-23,,New client
H00953,A008,2019-03-15,2024-09-13,New client
H00953,A012,2024-09-16,,Advisor departure
H00954,A027,2015-02-28,,New client
H00955,A009,2014-01-20,,New client
H00956,A015,2022-07-05,2025-03-21,New client
H00956,A016,2025-03-24,,Advisor departure
H00957,A011,2018-04-28,,New client
H00958,A025,2012-01-27,2025-06-30,New client
H00958,A026,2025-07-03,,Advisor succession
H00959,A021,2018-12-22,,New client
H00960,A004,2020-08-17,2025-11-20,New client
H00961,A003,2015-06-14,,New client
H00962,A009,2016-03-23,,New client
H00963,A016,2017-05-23,,New client
H00964,A023,2022-04-11,,New client
H00965,A004,2021-11-29,,New client
H00966,A001,2020-01-23,,New client
H00967,A016,2022-02-10,2024-07-14,New client
H00968,A022,2021-01-31,2024-12-11,New client
H00969,A005,2021-08-15,,New client
H00970,A015,2015-12-22,2025-03-21,New client
H00970,A019,2025-03-24,2025-07-23,Advisor departure
H00971,A020,2019-07-28,2025-10-18,New client
H00972,A015,2011-05-13,2025-03-21,New client
H00972,A019,2025-03-24,,Advisor departure
H00973,A015,2015-06-11,2025-03-21,New client
H00973,A016,2025-03-24,,Advisor departure
H00974,A015,2021-10-01,2025-03-21,New client
H00974,A016,2025-03-24,,Advisor departure
H00975,A002,2015-02-26,,New client
H00976,A015,2012-03-18,2025-03-21,New client
H00976,A019,2025-03-24,,Advisor departure
H00977,A005,2018-11-25,,New client
H00978,A008,2019-10-23,2024-01-20,New client
H00979,A022,2022-05-03,,New client
H00980,A026,2017-02-24,2024-03-25,New client
H00981,A021,2019-01-23,,New client
H00982,A020,2016-03-06,,New client
H00983,A001,2014-08-20,,New client
H00984,A020,2021-01-25,2025-01-12,New client
H00985,A010,2022-02-15,,New client
H00986,A003,2016-04-02,,New client
H00987,A005,2017-07-27,,New client
H00988,A027,2015-06-27,,New client
H00989,A015,2012-09-05,2025-03-21,New client
H00989,A016,2025-03-24,,Advisor departure
H00990,A001,2021-09-06,,New client
H00991,A021,2020-05-01,2023-05-22,New client
H00992,A022,2021-09-27,,New client
H00993,A015,2013-07-04,2025-03-21,New client
H00993,A019,2025-03-24,,Advisor departure
H00994,A026,2022-06-08,,New client
H00995,A025,2008-01-29,2025-06-30,New client
H00995,A026,2025-07-03,,Advisor succession
H00996,A025,2010-11-24,2025-06-30,New client
H00996,A026,2025-07-03,,Advisor succession
H00997,A003,2015-09-13,,New client
H00998,A008,2013-09-26,2024-09-13,New client
H00998,A011,2024-09-16,,Advisor departure
H00999,A021,2022-04-15,2024-04-23,New client
H01000,A020,2013-09-28,,New client
H01001,A015,2011-12-29,2025-03-21,New client
H01001,A016,2025-03-24,,Advisor departure
H01002,A026,2022-02-11,,New client
H01003,A026,2022-06-19,,New client
H01004,A003,2018-02-21,,New client
H01005,A025,2013-06-30,2025-06-30,New client
H01005,A026,2025-07-03,,Advisor succession
H01006,A025,2007-02-01,2025-06-30,New client
H01006,A026,2025-07-03,,Advisor succession
H01007,A022,2021-05-22,,New client
H01008,A021,2022-05-13,,New client
H01009,A008,2009-11-11,2024-09-13,New client
H01009,A010,2024-09-16,,Advisor departure
H01010,A023,2022-04-07,,New client
H01011,A005,2014-07-30,2023-11-11,New client
H01012,A016,2019-09-09,,New client
H01013,A025,2013-05-26,2025-01-17,New client
H01014,A020,2022-04-04,,New client
H01015,A022,2022-05-03,2024-10-08,New client
H01016,A021,2022-04-28,,New client
H01017,A008,2012-01-10,2024-04-21,New client
H01018,A020,2022-04-16,2023-11-07,New client
H01019,A004,2019-02-20,,New client
H01020,A001,2015-06-11,,New client
H01021,A015,2016-12-05,2025-03-21,New client
H01021,A016,2025-03-24,2025-05-20,Advisor departure
H01022,A025,2007-04-12,2025-06-30,New client
H01022,A026,2025-07-03,,Advisor succession
H01023,A026,2017-06-09,2025-02-14,New client
H01024,A008,2017-07-21,2024-04-13,New client
H01025,A027,2017-07-20,,New client
H01026,A005,2016-06-07,,New client
H01027,A014,2022-07-15,,New client
H01028,A002,2021-09-14,2024-06-14,New client
H01029,A022,2022-05-04,,New client
H01030,A018,2019-04-13,,New client
H01031,A025,2021-04-05,2025-06-30,New client
H01031,A026,2025-07-03,,Advisor succession
H01032,A026,2017-09-07,,New client
H01033,A022,2020-04-23,,New client
H01034,A008,2015-09-07,2024-09-13,New client
H01034,A011,2024-09-16,2024-11-18,Advisor departure
H01035,A027,2018-02-28,,New client
H01036,A009,2019-01-31,,New client
H01037,A015,2018-11-19,2025-03-21,New client
H01037,A016,2025-03-24,,Advisor departure
H01038,A027,2015-10-11,,New client
H01039,A015,2015-05-27,2025-03-21,New client
H01039,A016,2025-03-24,,Advisor departure
H01040,A022,2022-04-12,,New client
H01041,A010,2020-09-14,,New client
H01042,A002,2015-08-19,,New client
H01043,A021,2016-10-16,,New client
H01044,A022,2022-04-24,,New client
H01045,A001,2008-03-10,,New client
H01046,A022,2022-04-01,2025-04-18,New client
H01047,A002,2018-07-11,,New client
H01048,A008,2021-10-23,2024-09-13,New client
H01048,A011,2024-09-16,,Advisor departure
H01049,A008,2020-11-19,2024-09-13,New client
H01049,A010,2024-09-16,2024-11-11,Advisor departure
H01050,A008,2022-04-03,2024-02-10,New client
H01051,A011,2022-08-10,,New client
H01052,A014,2015-07-26,,New client
H01053,A027,2018-03-07,,New client
H01054,A002,2013-06-09,,New client
H01055,A009,2020-09-24,,New client
H01056,A009,2015-11-22,,New client
H01057,A008,2016-08-08,2024-09-13,New client
H01057,A011,2024-09-16,2024-11-06,Advisor departure
H01058,A025,2010-05-16,2025-06-30,New client
H01058,A026,2025-07-03,,Advisor succession
H01059,A009,2014-10-16,,New client
H01060,A008,2015-12-10,2024-09-13,New client
H01060,A010,2024-09-16,2025-01-10,Advisor departure
H01061,A020,2015-02-01,,New client
H01062,A008,2016-04-12,2024-09-13,New client
H01062,A011,2024-09-16,2024-11-16,Advisor departure
H01063,A004,2016-12-02,,New client
H01064,A023,2022-05-09,,New client
H01065,A025,2013-08-28,2025-06-30,New client
H01065,A026,2025-07-03,,Advisor succession
H01066,A002,2019-12-22,,New client
H01067,A015,2022-12-06,2025-03-21,New client
H01067,A016,2025-03-24,,Advisor departure
H01068,A008,2014-07-31,2024-09-13,New client
H01068,A012,2024-09-16,,Advisor departure
H01069,A009,2014-11-17,,New client
H01070,A003,2016-04-16,,New client
H01071,A025,2019-05-03,2025-06-30,New client
H01071,A026,2025-07-03,,Advisor succession
H01072,A005,2020-10-02,,New client
H01073,A025,2016-04-22,2025-06-30,New client
H01073,A026,2025-07-03,,Advisor succession
H01074,A008,2021-11-23,2024-09-13,New client
H01074,A010,2024-09-16,2025-03-10,Advisor departure
H01075,A014,2016-07-28,,New client
H01076,A020,2012-11-18,,New client
H01077,A028,2020-02-24,2023-08-06,New client
H01078,A001,2006-11-08,,New client
H01079,A025,2013-05-07,2025-06-30,New client
H01079,A026,2025-07-03,,Advisor succession
H01080,A008,2017-03-28,2024-09-13,New client
H01080,A010,2024-09-16,,Advisor departure
H01081,A003,2020-07-24,2023-11-16,New client
H01082,A005,2022-01-09,,New client
H01083,A005,2021-07-01,,New client
H01084,A022,2022-04-27,,New client
H01085,A027,2015-03-03,,New client
H01086,A014,2017-10-05,,New client
H01087,A020,2022-04-23,,New client
H01088,A015,2017-09-09,2025-03-21,New client
H01088,A016,2025-03-24,2025-08-13,Advisor departure
H01089,A023,2022-05-14,2024-04-21,New client
H01090,A015,2013-02-26,2025-03-21,New client
H01090,A016,2025-03-24,2025-05-25,Advisor departure
H01091,A008,2011-01-13,2024-09-13,New client
H01091,A012,2024-09-16,2025-02-17,Advisor departure
H01092,A015,2019-04-21,2025-03-21,New client
H01092,A019,2025-03-24,,Advisor departure
H01093,A010,2021-11-08,,New client
H01094,A010,2016-06-13,,New client
H01095,A025,2009-09-18,2025-06-30,New client
H01095,A026,2025-07-03,,Advisor succession
H01096,A008,2019-08-12,2024-09-13,New client
H01096,A010,2024-09-16,,Advisor departure
H01097,A022,2022-04-11,,New client
H01098,A001,2007-12-02,,New client
H01099,A001,2011-07-23,,New client
H01100,A020,2016-02-17,,New client
H01101,A021,2018-11-29,,New client
H01102,A010,2020-01-07,2024-04-24,New client
H01103,A002,2020-07-04,,New client
H01104,A025,2019-07-27,2025-06-30,New client
H01104,A026,2025-07-03,,Advisor succession
H01105,A025,2008-01-13,2025-06-30,New client
H01105,A026,2025-07-03,,Advisor succession
H01106,A020,2022-04-19,,New client
H01107,A008,2010-01-27,2024-09-13,New client
H01107,A012,2024-09-16,,Advisor departure
H01108,A008,2010-11-27,2024-09-13,New client
H01108,A011,2024-09-16,,Advisor departure
H01109,A026,2018-12-09,,New client
H01110,A008,2022-05-07,2024-09-13,New client
H01110,A012,2024-09-16,,Advisor departure
H01111,A026,2019-05-16,,New client
H01112,A015,2016-12-24,2025-03-21,New client
H01112,A016,2025-03-24,,Advisor departure
H01113,A008,2014-05-09,2024-09-13,New client
H01113,A011,2024-09-16,2024-12-12,Advisor departure
H01114,A020,2018-04-30,,New client
H01115,A015,2016-08-17,2025-03-21,New client
H01115,A016,2025-03-24,,Advisor departure
H01116,A025,2013-01-27,2025-06-30,New client
H01116,A026,2025-07-03,,Advisor succession
H01117,A008,2015-10-20,2024-09-13,New client
H01117,A010,2024-09-16,,Advisor departure
H01118,A008,2017-06-21,2024-09-13,New client
H01118,A010,2024-09-16,2024-09-14,Advisor departure
H01119,A020,2021-12-21,,New client
H01120,A026,2019-03-22,,New client
H01121,A001,2021-05-21,,New client
H01122,A003,2015-09-17,,New client
H01123,A001,2021-06-26,,New client
H01124,A021,2021-06-29,,New client
H01125,A020,2020-11-20,,New client
H01126,A023,2022-04-05,,New client
H01127,A005,2008-06-09,,New client
H01128,A008,2016-05-09,2024-09-13,New client
H01128,A011,2024-09-16,2025-02-12,Advisor departure
H01129,A008,2011-11-18,2024-09-13,New client
H01129,A010,2024-09-16,2024-10-25,Advisor departure
H01130,A009,2013-12-30,,New client
H01131,A020,2022-04-17,,New client
H01132,A011,2021-11-15,,New client
H01133,A014,2020-04-17,,New client
H01134,A025,2009-02-04,2025-06-30,New client
H01134,A026,2025-07-03,2025-08-09,Advisor succession
H01135,A004,2019-06-22,,New client
H01136,A026,2019-09-16,2024-10-05,New client
H01137,A008,2022-02-10,2024-09-13,New client
H01137,A012,2024-09-16,,Advisor departure
H01138,A002,2021-09-05,,New client
H01139,A004,2020-01-07,,New client
H01140,A020,2022-04-23,,New client
H01141,A025,2019-01-15,2025-06-30,New client
H01141,A026,2025-07-03,,Advisor succession
H01142,A025,2015-08-04,2025-06-30,New client
H01142,A026,2025-07-03,,Advisor succession
H01143,A027,2017-08-30,,New client
H01144,A008,2019-06-27,2024-09-13,New client
H01144,A011,2024-09-16,2025-05-12,Advisor departure
H01145,A021,2022-04-01,,New client
H01146,A006,2022-04-28,2025-03-18,New client
H01147,A009,2018-04-28,,New client
H01148,A009,2015-11-08,,New client
H01149,A009,2022-04-21,,New client
H01150,A008,2017-09-22,2024-09-13,New client
H01150,A010,2024-09-16,,Advisor departure
H01151,A008,2014-10-03,2024-09-13,New client
H01151,A010,2024-09-16,,Advisor departure
H01152,A014,2019-02-27,,New client
H01153,A001,2016-12-21,,New client
H01154,A022,2020-02-01,,New client
H01155,A008,2018-04-15,2024-09-13,New client
H01155,A011,2024-09-16,2024-12-17,Advisor departure
H01156,A005,2019-03-27,,New client
H01157,A008,2015-05-05,2024-09-13,New client
H01157,A011,2024-09-16,2025-05-13,Advisor departure
H01158,A014,2019-07-31,,New client
H01159,A020,2022-04-04,,New client
H01160,A003,2015-09-27,,New client
H01161,A002,2013-10-08,2025-01-19,New client
H01162,A014,2016-08-23,,New client
H01163,A005,2008-10-20,,New client
H01164,A010,2018-03-25,,New client
H01165,A015,2010-08-07,2025-03-21,New client
H01165,A019,2025-03-24,,Advisor departure
H01166,A015,2016-11-21,2025-03-21,New client
H01166,A016,2025-03-24,2025-04-10,Advisor departure
H01167,A026,2016-06-16,,New client
H01168,A005,2017-11-18,,New client
H01169,A027,2017-09-20,,New client
H01170,A001,2018-06-22,,New client
H01171,A002,2018-01-19,,New client
H01172,A011,2019-01-27,,New client
H01173,A005,2012-07-19,,New client
H01174,A020,2022-04-07,2025-04-21,New client
H01175,A008,2015-12-06,2024-09-13,New client
H01175,A010,2024-09-16,,Advisor departure
H01176,A025,2016-11-29,2025-06-30,New client
H01176,A026,2025-07-03,,Advisor succession
H01177,A027,2015-07-03,,New client
H01178,A026,2022-04-20,,New client
H01179,A005,2009-04-25,,New client
H01180,A026,2022-04-02,,New client
H01181,A020,2019-01-15,,New client
H01182,A015,2013-07-19,2025-03-21,New client
H01182,A019,2025-03-24,2025-04-12,Advisor departure
H01183,A016,2019-01-13,,New client
H01184,A020,2022-04-11,,New client
H01185,A027,2015-05-29,,New client
H01186,A028,2020-10-17,,New client
H01187,A015,2019-06-04,2025-03-21,New client
H01187,A019,2025-03-24,,Advisor departure
H01188,A027,2019-01-26,,New client
H01189,A025,2022-05-14,2025-06-30,New client
H01189,A026,2025-07-03,,Advisor succession
H01190,A015,2020-09-28,2025-03-21,New client
H01190,A016,2025-03-24,,Advisor departure
H01191,A009,2012-06-28,,New client
H01192,A027,2018-01-15,,New client
H01193,A008,2020-01-24,2024-09-13,New client
H01193,A010,2024-09-16,,Advisor departure
H01194,A004,2016-11-06,,New client
H01195,A026,2020-03-23,,New client
H01196,A011,2022-05-07,,New client
H01197,A020,2022-04-07,,New client
H01198,A025,2013-05-18,2025-06-30,New client
H01198,A026,2025-07-03,,Advisor succession
H01199,A002,2021-08-20,,New client
H01200,A009,2022-05-02,,New client
H01201,A008,2012-10-05,2024-09-13,New client
H01201,A011,2024-09-16,2024-11-06,Advisor departure
H01202,A023,2022-05-01,,New client
H01203,A020,2022-04-06,,New client
H01204,A014,2020-10-07,,New client
H01205,A025,2010-03-22,2025-06-30,New client
H01205,A026,2025-07-03,,Advisor succession
H01206,A025,2008-12-10,2025-06-30,New client
H01206,A026,2025-07-03,,Advisor succession
H01207,A021,2022-05-05,,New client
H01208,A015,2015-05-21,2025-03-21,New client
H01208,A016,2025-03-24,,Advisor departure
H01209,A021,2016-12-15,,New client
H01210,A003,2020-11-07,,New client
H01211,A002,2018-01-01,2025-05-14,New client
H01212,A015,2014-11-08,2025-03-21,New client
H01212,A019,2025-03-24,,Advisor departure
H01213,A009,2017-07-31,,New client
H01214,A003,2016-12-06,,New client
H01215,A010,2021-11-22,,New client
H01216,A016,2022-02-13,,New client
H01217,A015,2017-04-20,2025-03-21,New client
H01217,A019,2025-03-24,2025-07-19,Advisor departure
H01218,A008,2011-01-17,2024-09-13,New client
H01218,A011,2024-09-16,2025-02-12,Advisor departure
H01219,A001,2020-02-28,,New client
H01220,A008,2018-05-27,2024-09-13,New client
H01220,A010,2024-09-16,,Advisor departure
H01221,A022,2022-05-14,,New client
H01222,A008,2018-06-22,2024-09-13,New client
H01222,A012,2024-09-16,,Advisor departure
H01223,A008,2011-06-11,2024-09-13,New client
H01223,A011,2024-09-16,2025-06-17,Advisor departure
H01224,A027,2017-02-23,,New client
H01225,A009,2017-06-03,,New client
H01226,A001,2013-07-02,,New client
H01227,A025,2014-04-29,2025-06-30,New client
H01227,A026,2025-07-03,,Advisor succession
H01228,A009,2020-05-03,,New client
H01229,A009,2012-11-22,,New client
H01230,A005,2016-11-22,,New client
H01231,A015,2022-11-26,2025-03-21,New client
H01231,A016,2025-03-24,2025-09-11,Advisor departure
H01232,A003,2021-12-26,2023-10-08,New client
H01233,A020,2022-05-02,2025-11-20,New client
H01234,A027,2017-04-11,,New client
H01235,A010,2020-03-24,,New client
H01236,A001,2011-12-08,,New client
H01237,A022,2022-05-11,,New client
H01238,A002,2014-06-12,,New client
H01239,A001,2007-11-25,,New client
H01240,A021,2022-04-04,,New client
H01241,A021,2018-07-07,,New client
H01242,A025,2007-04-04,2025-06-30,New client
H01242,A026,2025-07-03,,Advisor succession
H01243,A005,2014-03-03,,New client
H01244,A014,2015-11-24,,New client
H01245,A022,2022-04-19,,New client
H01246,A021,2022-04-08,,New client
H01247,A003,2016-04-18,,New client
H01248,A020,2022-04-21,,New client
H01249,A015,2018-03-19,2025-03-21,New client
H01249,A016,2025-03-24,,Advisor departure
H01250,A002,2015-09-08,,New client
H01251,A004,2017-06-22,,New client
H01252,A015,2015-09-01,2025-03-21,New client
H01252,A016,2025-03-24,2025-11-21,Advisor departure
H01253,A003,2018-10-08,,New client
H01254,A020,2022-09-22,,New client
H01255,A004,2017-09-07,,New client
H01256,A001,2012-08-12,,New client
H01257,A008,2014-04-24,2024-09-13,New client
H01257,A012,2024-09-16,,Advisor departure
H01258,A001,2015-04-22,,New client
H01259,A026,2020-09-05,,New client
H01260,A015,2014-06-13,2025-03-21,New client
H01260,A016,2025-03-24,,Advisor departure
H01261,A009,2020-12-08,,New client
H01262,A001,2010-10-30,,New client
H01263,A020,2012-12-19,,New client
H01264,A021,2020-03-24,2023-08-20,New client
H01265,A010,2017-01-15,,New client
H01266,A009,2021-11-06,,New client
H01267,A016,2018-02-23,,New client
H01268,A015,2020-05-17,2025-03-21,New client
H01268,A019,2025-03-24,,Advisor departure
H01269,A008,2016-06-11,2024-09-13,New client
H01269,A011,2024-09-16,2024-11-13,Advisor departure
H01270,A020,2014-01-21,,New client
H01271,A021,2022-05-01,,New client
H01272,A002,2019-08-08,,New client
H01273,A027,2021-10-21,,New client
H01274,A001,2014-01-03,,New client
H01275,A002,2018-02-12,,New client
H01276,A010,2020-11-09,,New client
H01277,A020,2017-07-11,,New client
H01278,A021,2022-04-25,,New client
H01279,A025,2008-03-08,2025-06-30,New client
H01279,A026,2025-07-03,,Advisor succession
H01280,A023,2022-06-27,,New client
H01281,A027,2017-07-01,,New client
H01282,A001,2007-11-03,,New client
H01283,A009,2012-09-08,,New client
H01284,A022,2022-04-14,,New client
H01285,A009,2021-03-08,,New client
H01286,A005,2019-05-07,2025-11-08,New client
H01287,A001,2007-12-14,2025-03-23,New client
H01288,A025,2020-08-29,2025-06-30,New client
H01288,A026,2025-07-03,,Advisor succession
H01289,A025,2016-09-12,2025-06-30,New client
H01289,A026,2025-07-03,,Advisor succession
H01290,A003,2015-11-14,,New client
H01291,A022,2022-04-22,,New client
H01292,A001,2012-10-13,,New client
H01293,A001,2008-01-12,,New client
H01294,A021,2022-04-16,2025-10-12,New client
H01295,A009,2021-03-02,,New client
H01296,A012,2022-10-04,2024-08-11,New client
H01297,A005,2009-11-24,,New client
H01298,A021,2022-04-10,,New client
H01299,A002,2011-11-25,,New client
H01300,A005,2011-12-28,,New client
H01301,A025,2008-04-10,2025-06-30,New client
H01301,A026,2025-07-03,,Advisor succession
H01302,A005,2019-08-14,,New client
H01303,A020,2013-08-16,,New client
H01304,A014,2020-04-11,,New client
H01305,A020,2013-03-30,,New client
H01306,A026,2018-10-17,,New client
H01307,A001,2022-06-25,,New client
H01308,A022,2022-04-05,2025-02-13,New client
H01309,A005,2012-01-15,,New client
H01310,A020,2022-04-21,,New client
H01311,A022,2020-04-26,2023-11-16,New client
H01312,A001,2013-12-12,,New client
H01313,A002,2016-09-03,,New client
H01314,A003,2015-12-27,,New client
H01315,A009,2022-03-10,,New client
H01316,A028,2022-04-17,,New client
H01317,A001,2018-12-23,,New client
H01318,A027,2022-08-24,,New client
H01319,A010,2017-01-19,2024-03-21,New client
H01320,A005,2008-05-24,,New client
H01321,A020,2022-04-28,,New client
H01322,A008,2012-08-19,2024-09-13,New client
H01322,A010,2024-09-16,2024-11-13,Advisor departure
H01323,A021,2022-04-22,,New client
H01324,A025,2007-01-17,2025-06-30,New client
H01324,A026,2025-07-03,,Advisor succession
H01325,A015,2016-01-25,2025-03-21,New client
H01325,A019,2025-03-24,2025-09-17,Advisor departure
H01326,A005,2013-11-09,,New client
H01327,A004,2018-10-19,,New client
H01328,A020,2020-05-27,,New client
H01329,A001,2010-11-25,,New client
H01330,A008,2013-01-06,2024-09-13,New client
H01330,A011,2024-09-16,2024-11-25,Advisor departure
H01331,A020,2019-03-30,,New client
H01332,A001,2016-04-04,,New client
H01333,A021,2020-04-26,,New client
H01334,A002,2011-11-17,,New client
H01335,A014,2013-03-07,,New client
H01336,A008,2016-09-28,2024-09-13,New client
H01336,A011,2024-09-16,,Advisor departure
H01337,A014,2017-12-23,,New client
H01338,A028,2020-05-23,,New client
H01339,A011,2019-03-12,,New client
H01340,A001,2020-03-23,,New client
H01341,A028,2022-04-06,,New client
H01342,A026,2019-11-06,,New client
H01343,A015,2011-02-08,2025-03-21,New client
H01343,A016,2025-03-24,,Advisor departure
H01344,A001,2019-02-12,,New client
H01345,A026,2018-02-09,,New client
H01346,A025,2011-10-24,2025-06-30,New client
H01346,A026,2025-07-03,,Advisor succession
H01347,A015,2011-10-27,2025-03-21,New client
H01347,A019,2025-03-24,,Advisor departure
H01348,A015,2015-12-09,2023-05-20,New client
H01349,A026,2016-08-17,,New client
H01350,A008,2018-01-23,2024-09-13,New client
H01350,A012,2024-09-16,2025-04-09,Advisor departure
H01351,A025,2008-04-12,2025-06-30,New client
H01351,A026,2025-07-03,,Advisor succession
H01352,A028,2022-01-16,,New client
H01353,A001,2010-02-22,,New client
H01354,A025,2007-06-15,2025-06-30,New client
H01354,A026,2025-07-03,,Advisor succession
H01355,A015,2011-09-20,2025-03-21,New client
H01355,A019,2025-03-24,2025-07-07,Advisor departure
H01356,A021,2022-04-22,,New client
H01357,A001,2007-03-23,,New client
H01358,A008,2010-11-09,2024-09-13,New client
H01358,A010,2024-09-16,,Advisor departure
H01359,A015,2021-04-12,2024-09-23,New client
H01360,A001,2021-09-14,,New client
H01361,A005,2014-12-12,,New client
H01362,A025,2018-01-21,2025-06-30,New client
H01362,A026,2025-07-03,,Advisor succession
H01363,A025,2011-02-26,2025-06-30,New client
H01363,A026,2025-07-03,,Advisor succession
H01364,A020,2017-12-25,,New client
H01365,A005,2015-12-04,,New client
H01366,A020,2018-03-28,2024-03-18,New client
H01367,A022,2022-05-14,,New client
H01368,A002,2011-11-15,2023-07-24,New client
H01369,A008,2009-12-27,2024-09-13,New client
H01369,A010,2024-09-16,2025-03-18,Advisor departure
H01370,A020,2014-08-11,,New client
H01371,A021,2022-04-11,,New client
H01372,A018,2019-03-10,,New client
H01373,A020,2022-05-10,,New client
H01374,A005,2012-04-10,,New client
H01375,A025,2009-06-24,2025-03-07,New client
H01376,A020,2022-04-27,,New client
H01377,A025,2009-12-28,2025-06-30,New client
H01377,A026,2025-07-03,,Advisor succession
H01378,A021,2022-04-10,2025-01-17,New client
H01379,A025,2011-01-22,2025-06-30,New client
H01379,A026,2025-07-03,,Advisor succession
H01380,A025,2008-02-07,2025-06-30,New client
H01380,A026,2025-07-03,,Advisor succession
H01381,A027,2017-10-29,,New client
H01382,A027,2018-03-15,,New client
H01383,A020,2020-12-01,,New client
H01384,A020,2020-01-24,,New client
H01385,A005,2016-02-20,2025-02-14,New client
H01386,A001,2019-03-10,2024-06-17,New client
H01387,A005,2010-10-04,,New client
H01388,A020,2020-01-08,,New client
H01389,A020,2022-04-25,2024-05-20,New client
H01390,A011,2022-04-24,,New client
H01391,A008,2016-03-01,2024-09-13,New client
H01391,A010,2024-09-16,,Advisor departure
H01392,A001,2019-02-15,,New client
H01393,A002,2018-07-12,,New client
H01394,A027,2018-10-21,2025-06-06,New client
H01395,A025,2013-06-16,2025-06-30,New client
H01395,A026,2025-07-03,,Advisor succession
H01396,A009,2015-09-05,,New client
H01397,A001,2009-10-05,,New client
H01398,A025,2022-11-02,2025-06-30,New client
H01398,A026,2025-07-03,,Advisor succession
H01399,A020,2017-07-31,2023-11-10,New client
H01400,A015,2013-04-17,2025-03-21,New client
H01400,A016,2025-03-24,,Advisor departure
H01401,A020,2015-02-22,,New client
H01402,A016,2021-10-11,,New client
H01403,A023,2022-04-20,,New client
H01404,A015,2012-02-28,2025-03-21,New client
H01404,A019,2025-03-24,2025-06-11,Advisor departure
H01405,A002,2012-07-14,,New client
H01406,A016,2020-06-07,,New client
H01407,A001,2016-10-31,,New client
H01408,A022,2019-09-20,,New client
H01409,A004,2019-11-13,,New client
H01410,A020,2018-12-11,,New client
H01411,A015,2020-02-22,2025-03-21,New client
H01411,A019,2025-03-24,,Advisor departure
H01412,A005,2013-10-20,,New client
H01413,A005,2015-03-01,,New client
H01414,A025,2010-06-15,2025-06-30,New client
H01414,A026,2025-07-03,,Advisor succession
H01415,A027,2022-05-22,,New client
H01416,A015,2017-11-07,2025-03-21,New client
H01416,A016,2025-03-24,,Advisor departure
H01417,A004,2019-09-29,,New client
H01418,A003,2019-10-25,2023-12-12,New client
H01419,A026,2019-11-28,,New client
H01420,A025,2016-07-21,2025-06-30,New client
H01420,A026,2025-07-03,,Advisor succession
H01421,A003,2021-04-06,,New client
H01422,A021,2022-04-16,,New client
H01423,A025,2016-05-02,2025-06-30,New client
H01423,A026,2025-07-03,,Advisor succession
H01424,A021,2017-06-18,,New client
H01425,A008,2017-02-06,2024-09-13,New client
H01425,A010,2024-09-16,2025-06-25,Advisor departure
H01426,A005,2019-02-13,,New client
H01427,A027,2017-05-22,2024-10-09,New client
H01428,A016,2022-02-09,,New client
H01429,A005,2014-09-26,,New client
H01430,A018,2019-10-05,,New client
H01431,A025,2010-08-08,2025-06-30,New client
H01431,A026,2025-07-03,,Advisor succession
H01432,A002,2019-05-29,2023-08-07,New client
H01433,A020,2017-05-25,,New client
H01434,A010,2020-10-29,2025-12-17,New client
H01435,A005,2014-11-29,2025-06-06,New client
H01436,A004,2017-02-02,2025-02-13,New client
H01437,A020,2022-05-13,,New client
H01438,A020,2014-03-04,,New client
H01439,A008,2015-12-25,2024-09-13,New client
H01439,A010,2024-09-16,,Advisor departure
H01440,A015,2011-07-16,2025-03-21,New client
H01440,A016,2025-03-24,,Advisor departure
H01441,A008,2022-04-15,2024-09-13,New client
H01441,A011,2024-09-16,,Advisor departure
H01442,A025,2008-12-31,2025-06-30,New client
H01442,A026,2025-07-03,,Advisor succession
H01443,A021,2022-02-26,,New client
H01444,A020,2022-04-16,,New client
H01445,A020,2014-12-15,2025-06-21,New client
H01446,A002,2016-08-28,,New client
H01447,A021,2022-05-09,2023-03-21,New client
H01448,A018,2020-09-06,,New client
H01449,A009,2021-03-10,,New client
H01450,A001,2013-06-02,2023-05-14,New client
H01451,A008,2010-03-14,2024-09-13,New client
H01451,A010,2024-09-16,2024-12-15,Advisor departure
H01452,A022,2022-05-07,,New client
H01453,A020,2022-04-24,2024-01-12,New client
H01454,A027,2017-01-27,,New client
H01455,A001,2019-06-24,,New client
H01456,A011,2021-07-13,,New client
H01457,A020,2022-04-06,,New client
H01458,A014,2015-09-22,,New client
H01459,A001,2022-04-19,,New client
H01460,A008,2016-01-04,2024-09-13,New client
H01460,A011,2024-09-16,,Advisor departure
H01461,A008,2015-09-09,2024-09-13,New client
H01461,A011,2024-09-16,2025-01-08,Advisor departure
H01462,A027,2017-09-16,,New client
H01463,A014,2020-04-08,,New client
H01464,A021,2022-04-04,,New client
H01465,A025,2018-09-30,2025-06-30,New client
H01465,A026,2025-07-03,,Advisor succession
H01466,A025,2019-04-15,2025-06-30,New client
H01466,A026,2025-07-03,,Advisor succession
H01467,A004,2020-12-15,,New client
H01468,A001,2016-04-09,,New client
H01469,A003,2019-02-28,,New client
H01470,A002,2019-08-28,2025-06-05,New client
H01471,A001,2013-03-05,,New client
H01472,A028,2019-11-11,2024-08-21,New client
H01473,A025,2021-01-28,2025-06-30,New client
H01473,A026,2025-07-03,,Advisor succession
H01474,A001,2015-07-07,,New client
H01475,A001,2013-02-13,,New client
H01476,A011,2022-02-14,,New client
H01477,A020,2015-05-23,,New client
H01478,A003,2021-10-03,,New client
H01479,A005,2016-01-04,2025-12-20,New client
H01480,A015,2019-02-28,2025-03-21,New client
H01480,A019,2025-03-24,,Advisor departure
H01481,A028,2020-02-23,,New client
H01482,A002,2019-06-22,,New client
H01483,A001,2009-05-06,,New client
H01484,A025,2018-09-28,2025-06-30,New client
H01484,A026,2025-07-03,,Advisor succession
H01485,A002,2011-08-17,,New client
H01486,A027,2021-11-16,2025-04-18,New client
H01487,A020,2022-04-14,,New client
H01488,A020,2020-02-26,,New client
H01489,A025,2019-10-17,2025-06-30,New client
H01489,A026,2025-07-03,,Advisor succession
H01490,A022,2019-07-18,,New client
H01491,A025,2007-08-07,2025-06-30,New client
H01491,A026,2025-07-03,,Advisor succession
H01492,A025,2014-01-28,2025-06-30,New client
H01492,A026,2025-07-03,2025-12-08,Advisor succession
H01493,A008,2014-07-27,2024-09-13,New client
H01493,A010,2024-09-16,,Advisor departure
H01494,A001,2014-11-02,,New client
H01495,A021,2022-04-19,,New client
H01496,A027,2020-11-15,,New client
H01497,A027,2017-06-16,,New client
H01498,A015,2010-06-26,2025-03-21,New client
H01498,A016,2025-03-24,,Advisor departure
H01499,A010,2015-08-20,,New client
H01500,A010,2021-11-24,,New client
H01501,A005,2020-07-07,,New client
H01502,A025,2013-10-29,2025-06-30,New client
H01502,A026,2025-07-03,,Advisor succession
H01503,A008,2011-04-13,2024-09-13,New client
H01503,A010,2024-09-16,2024-11-13,Advisor departure
H01504,A007,2022-12-24,,New client
H01505,A028,2021-02-08,,New client
H01506,A015,2021-04-26,2025-03-21,New client
H01506,A019,2025-03-24,2025-08-22,Advisor departure
H01507,A018,2021-02-17,,New client
H01508,A003,2019-06-14,,New client
H01509,A021,2022-05-04,2025-03-23,New client
H01510,A010,2020-05-11,2024-01-25,New client
H01511,A009,2013-01-14,,New client
H01512,A025,2020-05-04,2025-06-30,New client
H01512,A026,2025-07-03,,Advisor succession
H01513,A001,2011-02-28,,New client
H01514,A005,2012-11-04,,New client
H01515,A005,2018-12-10,2024-07-18,New client
H01516,A002,2014-04-08,,New client
H01517,A011,2019-05-08,2025-01-05,New client
H01518,A002,2017-03-03,2025-11-19,New client
H01519,A009,2016-08-27,,New client
H01520,A001,2012-04-16,,New client
H01521,A025,2014-01-30,2025-06-30,New client
H01521,A026,2025-07-03,,Advisor succession
H01522,A022,2022-04-11,,New client
H01523,A014,2016-01-12,,New client
H01524,A002,2017-09-17,,New client
H01525,A009,2019-10-04,,New client
H01526,A028,2022-05-18,,New client
H01527,A003,2021-07-12,,New client
H01528,A010,2020-12-12,2024-08-16,New client
H01529,A020,2015-09-15,,New client
H01530,A025,2008-06-27,2025-06-30,New client
H01530,A026,2025-07-03,,Advisor succession
H01531,A002,2020-10-06,,New client
H01532,A008,2011-04-12,2024-09-13,New client
H01532,A011,2024-09-16,,Advisor departure
H01533,A026,2022-04-07,,New client
H01534,A005,2013-12-28,,New client
H01535,A027,2015-02-21,,New client
H01536,A005,2009-07-23,,New client
H01537,A027,2019-07-31,,New client
H01538,A014,2016-02-23,,New client
H01539,A005,2018-09-14,,New client
H01540,A002,2011-07-19,,New client
H01541,A008,2021-12-20,2024-09-13,New client
H01541,A010,2024-09-16,2024-12-14,Advisor departure
H01542,A005,2012-03-03,,New client
H01543,A018,2022-02-15,,New client
H01544,A026,2016-01-24,,New client
H01545,A014,2018-04-23,,New client
H01546,A011,2019-03-16,,New client
H01547,A025,2010-05-11,2025-06-30,New client
H01547,A026,2025-07-03,,Advisor succession
H01548,A015,2016-11-06,2025-03-21,New client
H01548,A016,2025-03-24,,Advisor departure
H01549,A005,2015-03-14,,New client
H01550,A002,2013-06-30,,New client
H01551,A009,2018-11-09,,New client
H01552,A015,2017-08-21,2024-03-19,New client
H01553,A003,2015-11-10,,New client
H01554,A008,2016-10-26,2024-09-13,New client
H01554,A012,2024-09-16,,Advisor departure
H01555,A011,2019-09-11,,New client
H01556,A005,2018-04-15,,New client
H01557,A020,2022-04-28,,New client
H01558,A015,2016-10-30,2025-03-21,New client
H01558,A016,2025-03-24,,Advisor departure
H01559,A028,2018-06-18,,New client
H01560,A005,2019-02-04,,New client
H01561,A010,2019-11-21,,New client
H01562,A002,2014-05-31,,New client
H01563,A008,2015-06-10,2024-09-13,New client
H01563,A010,2024-09-16,,Advisor departure
H01564,A009,2018-09-08,2025-04-09,New client
H01565,A020,2014-02-11,,New client
H01566,A015,2013-03-25,2025-03-21,New client
H01566,A016,2025-03-24,,Advisor departure
H01567,A021,2022-04-10,2024-11-08,New client
H01568,A005,2017-12-22,,New client
H01569,A008,2010-08-27,2024-09-13,New client
H01569,A012,2024-09-16,,Advisor departure
H01570,A008,2013-07-01,2024-08-12,New client
H01571,A022,2022-04-05,,New client
H01572,A008,2013-12-26,2024-09-13,New client
H01572,A010,2024-09-16,2025-04-16,Advisor departure
H01573,A002,2015-01-08,,New client
H01574,A025,2020-03-02,2025-06-30,New client
H01574,A026,2025-07-03,,Advisor succession
H01575,A020,2015-11-29,,New client
H01576,A021,2022-04-15,,New client
H01577,A026,2020-10-07,,New client
H01578,A028,2022-05-09,,New client
H01579,A003,2016-06-25,,New client
H01580,A020,2013-06-28,,New client
H01581,A004,2021-08-16,,New client
H01582,A001,2009-01-18,,New client
H01583,A020,2019-09-23,,New client
H01584,A010,2016-06-25,,New client
H01585,A005,2010-02-24,2025-03-15,New client
H01586,A027,2019-06-29,,New client
H01587,A005,2012-09-13,,New client
H01588,A025,2021-03-26,2025-06-30,New client
H01588,A026,2025-07-03,,Advisor succession
H01589,A020,2022-04-15,,New client
H01590,A014,2014-09-21,2024-09-15,New client
H01591,A015,2011-11-27,2024-11-25,New client
H01592,A023,2022-04-17,,New client
H01593,A014,2018-03-30,,New client
H01594,A015,2018-04-01,2025-03-21,New client
H01594,A019,2025-03-24,2025-05-20,Advisor departure
H01595,A027,2021-03-21,,New client
H01596,A008,2013-12-10,2024-09-13,New client
H01596,A012,2024-09-16,2025-01-22,Advisor departure
H01597,A005,2016-06-13,,New client
H01598,A002,2022-04-28,,New client
H01599,A015,2016-05-07,2025-03-21,New client
H01599,A019,2025-03-24,,Advisor departure
H01600,A001,2016-07-04,,New client
H01601,A011,2019-02-15,,New client
H01602,A005,2009-05-09,,New client
H01603,A008,2013-09-18,2024-09-13,New client
H01603,A011,2024-09-16,2025-01-16,Advisor departure
H01604,A008,2018-09-29,2024-09-13,New client
H01604,A011,2024-09-16,2024-12-16,Advisor departure
H01605,A001,2010-11-09,,New client
H01606,A001,2013-02-28,,New client
H01607,A020,2022-04-04,,New client
H01608,A003,2021-05-06,,New client
H01609,A005,2016-10-03,,New client
H01610,A005,2010-01-06,,New client
H01611,A016,2019-11-17,,New client
H01612,A020,2022-05-01,,New client
H01613,A008,2020-05-16,2024-09-13,New client
H01613,A010,2024-09-16,2025-03-14,Advisor departure
H01614,A005,2022-11-02,,New client
H01615,A026,2018-12-27,,New client
H01616,A016,2018-12-08,,New client
H01617,A009,2018-12-27,,New client
H01618,A023,2022-04-26,,New client
H01619,A022,2022-04-15,2024-11-05,New client
H01620,A027,2018-01-07,,New client
H01621,A023,2022-05-09,,New client
H01622,A001,2017-07-09,,New client
H01623,A015,2012-04-30,2025-03-21,New client
H01623,A019,2025-03-24,,Advisor departure
H01624,A025,2015-04-07,2025-06-30,New client
H01624,A026,2025-07-03,,Advisor succession
H01625,A002,2014-06-24,2025-02-14,New client
H01626,A020,2013-09-11,,New client
H01627,A005,2014-05-16,,New client
H01628,A018,2022-02-05,,New client
H01629,A015,2021-08-21,2025-03-21,New client
H01629,A019,2025-03-24,,Advisor departure
H01630,A021,2019-04-30,,New client
H01631,A011,2020-10-08,,New client
H01632,A027,2015-11-23,,New client
H01633,A003,2019-02-28,,New client
H01634,A008,2016-04-24,2024-09-13,New client
H01634,A011,2024-09-16,,Advisor departure
H01635,A001,2018-08-26,,New client
H01636,A001,2012-02-01,,New client
H01637,A016,2021-03-02,,New client
H01638,A008,2018-08-03,2024-09-13,New client
H01638,A010,2024-09-16,2024-11-21,Advisor departure
H01639,A022,2022-04-27,,New client
H01640,A002,2020-07-14,,New client
H01641,A025,2009-12-14,2025-02-14,New client
H01642,A010,2018-02-15,,New client
H01643,A017,2021-08-20,,New client
H01644,A021,2019-09-07,,New client
H01645,A028,2022-05-11,,New client
H01646,A009,2017-05-21,,New client
H01647,A004,2016-09-15,,New client
H01648,A005,2010-10-05,,New client
H01649,A025,2007-07-25,2025-06-30,New client
H01649,A026,2025-07-03,,Advisor succession
H01650,A023,2022-05-01,,New client
H01651,A014,2016-08-05,,New client
H01652,A021,2017-09-30,,New client
H01653,A020,2015-02-06,,New client
H01654,A005,2015-09-20,2025-04-17,New client
H01655,A011,2020-04-22,,New client
H01656,A001,2008-07-10,2024-02-13,New client
H01657,A005,2019-09-22,,New client
H01658,A020,2013-02-25,,New client
H01659,A008,2021-10-08,2024-09-13,New client
H01659,A011,2024-09-16,2024-11-16,Advisor departure
H01660,A008,2010-05-06,2024-09-13,New client
H01660,A010,2024-09-16,2024-11-14,Advisor departure
H01661,A010,2019-12-23,,New client
H01662,A027,2015-03-20,2023-12-05,New client
H01663,A008,2010-02-19,2024-09-13,New client
H01663,A012,2024-09-16,,Advisor departure
H01664,A022,2022-04-13,,New client
H01665,A015,2017-08-29,2025-03-21,New client
H01665,A016,2025-03-24,2025-07-11,Advisor departure
H01666,A001,2012-08-11,2025-02-24,New client
H01667,A016,2017-04-24,2023-12-05,New client
H01668,A001,2012-11-08,,New client
H01669,A020,2022-04-15,,New client
H01670,A002,2016-05-01,,New client
H01671,A005,2015-10-04,,New client
H01672,A003,2015-07-02,,New client
H01673,A020,2015-04-30,,New client
H01674,A027,2018-08-28,,New client
H01675,A008,2015-10-03,2024-09-13,New client
H01675,A010,2024-09-16,,Advisor departure
H01676,A008,2016-04-24,2024-09-13,New client
H01676,A011,2024-09-16,2025-03-25,Advisor departure
H01677,A020,2022-04-08,,New client
H01678,A015,2010-09-29,2025-03-21,New client
H01678,A016,2025-03-24,,Advisor departure
H01679,A014,2014-10-20,,New client
H01680,A005,2019-10-04,,New client
H01681,A014,2020-09-21,,New client
H01682,A001,2010-11-22,,New client
H01683,A008,2013-04-11,2024-09-13,New client
H01683,A011,2024-09-16,,Advisor departure
H01684,A025,2008-04-01,2025-06-30,New client
H01684,A026,2025-07-03,,Advisor succession
H01685,A009,2015-11-15,,New client
H01686,A009,2015-01-10,2024-10-17,New client
H01687,A015,2018-10-30,2025-03-21,New client
H01687,A019,2025-03-24,,Advisor departure
H01688,A014,2014-04-29,,New client
H01689,A027,2014-12-21,,New client
H01690,A005,2011-04-13,,New client
H01691,A027,2021-01-10,,New client
H01692,A026,2017-07-16,,New client
H01693,A025,2017-02-18,2025-06-30,New client
H01693,A026,2025-07-03,,Advisor succession
H01694,A008,2010-06-17,2024-09-13,New client
H01694,A010,2024-09-16,,Advisor departure
H01695,A005,2009-07-12,,New client
H01696,A008,2011-05-03,2024-09-13,New client
H01696,A010,2024-09-16,,Advisor departure
H01697,A008,2015-09-24,2024-09-13,New client
H01697,A010,2024-09-16,,Advisor departure
H01698,A020,2022-04-24,,New client
H01699,A020,2022-04-20,,New client
H01700,A020,2016-12-15,,New client
H01701,A020,2022-04-10,2025-07-16,New client
H01702,A008,2010-03-16,2024-09-13,New client
H01702,A012,2024-09-16,2025-01-24,Advisor departure
H01703,A015,2018-12-02,2025-03-21,New client
H01703,A016,2025-03-24,,Advisor departure
H01704,A026,2019-01-02,,New client
H01705,A020,2017-04-24,,New client
H01706,A005,2017-03-04,,New client
H01707,A008,2015-12-13,2024-09-13,New client
H01707,A011,2024-09-16,2025-01-07,Advisor departure
H01708,A025,2008-08-07,2025-06-30,New client
H01708,A026,2025-07-03,,Advisor succession
H01709,A005,2017-08-12,,New client
H01710,A021,2018-01-05,,New client
H01711,A022,2022-04-15,,New client
H01712,A010,2022-04-13,2025-03-11,New client
H01713,A022,2022-05-06,,New client
H01714,A009,2015-08-07,,New client
H01715,A020,2022-05-09,,New client
H01716,A008,2011-09-10,2024-09-13,New client
H01716,A010,2024-09-16,2024-11-12,Advisor departure
H01717,A025,2007-10-07,2025-06-30,New client
H01717,A026,2025-07-03,,Advisor succession
H01718,A021,2022-05-03,,New client
H01719,A015,2020-11-06,2025-03-21,New client
H01719,A016,2025-03-24,,Advisor departure
H01720,A020,2022-04-20,,New client
H01721,A004,2016-10-02,,New client
H01722,A020,2013-04-19,,New client
H01723,A025,2020-12-10,2024-02-24,New client
H01724,A004,2017-01-03,,New client
H01725,A025,2020-04-10,2025-06-30,New client
H01725,A026,2025-07-03,,Advisor succession
H01726,A008,2022-06-11,2024-09-13,New client
H01726,A011,2024-09-16,2024-11-20,Advisor departure
H01727,A008,2013-02-13,2024-08-17,New client
H01728,A025,2015-03-30,2025-06-30,New client
H01728,A026,2025-07-03,,Advisor succession
H01729,A021,2022-04-13,2024-02-06,New client
H01730,A023,2022-04-15,2024-02-06,New client
H01731,A020,2022-04-16,2023-06-17,New client
H01732,A004,2020-10-15,,New client
H01733,A025,2018-07-10,2025-06-30,New client
H01733,A026,2025-07-03,,Advisor succession
H01734,A027,2016-02-24,,New client
H01735,A020,2022-11-29,,New client
H01736,A016,2019-02-16,,New client
H01737,A025,2016-08-11,2025-06-30,New client
H01737,A026,2025-07-03,,Advisor succession
H01738,A014,2017-04-24,,New client
H01739,A025,2011-10-18,2025-06-30,New client
H01739,A026,2025-07-03,,Advisor succession
H01740,A026,2015-12-03,,New client
H01741,A025,2007-02-13,2025-06-30,New client
H01741,A026,2025-07-03,,Advisor succession
H01742,A002,2020-02-07,,New client
H01743,A005,2021-02-05,,New client
H01744,A016,2022-07-25,,New client
H01745,A008,2021-04-16,2024-09-13,New client
H01745,A010,2024-09-16,2024-12-24,Advisor departure
H01746,A022,2020-01-23,2025-07-05,New client
H01747,A025,2009-05-29,2025-06-30,New client
H01747,A026,2025-07-03,,Advisor succession
H01748,A005,2019-01-18,,New client
H01749,A005,2016-06-19,,New client
H01750,A003,2021-04-15,,New client
H01751,A014,2014-05-26,2024-06-14,New client
H01752,A008,2010-11-09,2024-09-13,New client
H01752,A010,2024-09-16,,Advisor departure
H01753,A022,2022-04-28,2023-09-21,New client
H01754,A009,2012-12-10,,New client
H01755,A025,2019-05-16,2025-06-30,New client
H01755,A026,2025-07-03,2025-07-11,Advisor succession
H01756,A020,2022-05-03,,New client
H01757,A009,2016-03-05,,New client
H01758,A020,2016-09-25,,New client
H01759,A020,2013-04-24,,New client
H01760,A009,2015-10-10,,New client
H01761,A001,2010-09-05,,New client
H01762,A020,2020-01-27,,New client
H01763,A003,2016-05-20,,New client
H01764,A020,2014-01-27,,New client
H01765,A016,2022-08-22,,New client
H01766,A016,2020-05-21,,New client
H01767,A020,2022-04-22,,New client
H01768,A005,2022-05-03,,New client
H01769,A002,2019-01-12,,New client
H01770,A008,2013-03-27,2024-09-13,New client
H01770,A011,2024-09-16,2024-10-22,Advisor departure
H01771,A008,2016-03-21,2024-09-13,New client
H01771,A010,2024-09-16,2024-10-25,Advisor departure
H01772,A022,2022-05-04,,New client
H01773,A008,2011-05-07,2024-09-13,New client
H01773,A012,2024-09-16,2025-06-24,Advisor departure
H01774,A015,2014-10-10,2025-03-21,New client
H01774,A016,2025-03-24,2025-05-22,Advisor departure
H01775,A001,2011-08-11,,New client
H01776,A026,2015-12-14,,New client
H01777,A014,2014-12-20,2025-07-20,New client
H01778,A022,2022-04-13,,New client
H01779,A015,2017-10-06,2025-03-21,New client
H01779,A019,2025-03-24,,Advisor departure
H01780,A025,2012-02-10,2025-06-30,New client
H01780,A026,2025-07-03,,Advisor succession
H01781,A025,2017-11-12,2025-06-30,New client
H01781,A026,2025-07-03,,Advisor succession
H01782,A025,2015-11-29,2025-06-30,New client
H01782,A026,2025-07-03,,Advisor succession
H01783,A025,2014-08-22,2025-06-30,New client
H01783,A026,2025-07-03,,Advisor succession
H01784,A026,2020-04-14,,New client
H01785,A025,2006-04-22,2025-06-30,New client
H01785,A026,2025-07-03,,Advisor succession
H01786,A025,2015-01-16,2025-06-30,New client
H01786,A026,2025-07-03,,Advisor succession
H01787,A025,2009-09-28,2025-06-30,New client
H01787,A026,2025-07-03,,Advisor succession
H01788,A001,2010-05-29,,New client
H01789,A025,2012-11-16,2025-06-30,New client
H01789,A026,2025-07-03,,Advisor succession
H01790,A021,2022-04-09,,New client
H01791,A025,2009-10-01,2025-06-30,New client
H01791,A026,2025-07-03,,Advisor succession
H01792,A008,2017-07-03,2024-09-13,New client
H01792,A012,2024-09-16,2024-10-06,Advisor departure
H01793,A015,2015-09-03,2025-03-21,New client
H01793,A016,2025-03-24,2025-07-16,Advisor departure
H01794,A022,2022-05-14,,New client
H01795,A020,2017-10-14,,New client
H01796,A020,2022-04-07,,New client
H01797,A003,2019-03-01,,New client
H01798,A008,2010-01-16,2024-09-13,New client
H01798,A010,2024-09-16,,Advisor departure
H01799,A008,2010-12-27,2024-09-13,New client
H01799,A011,2024-09-16,2024-10-15,Advisor departure
H01800,A015,2010-07-25,2025-03-21,New client
H01800,A019,2025-03-24,2025-08-13,Advisor departure
H01801,A011,2020-02-27,,New client
H01802,A025,2008-12-22,2025-06-30,New client
H01802,A026,2025-07-03,,Advisor succession
H01803,A002,2022-01-31,,New client
H01804,A001,2015-05-28,,New client
H01805,A005,2015-08-05,,New client
H01806,A021,2022-05-09,,New client
H01807,A014,2019-07-21,,New client
H01808,A002,2014-09-11,2024-11-11,New client
H01809,A002,2019-12-26,,New client
H01810,A008,2016-08-27,2024-09-13,New client
H01810,A010,2024-09-16,,Advisor departure
H01811,A009,2014-12-06,,New client
H01812,A008,2017-07-21,2024-09-13,New client
H01812,A010,2024-09-16,,Advisor departure
H01813,A008,2013-08-11,2024-09-13,New client
H01813,A011,2024-09-16,2025-02-15,Advisor departure
H01814,A020,2022-04-30,,New client
H01815,A025,2018-03-17,2025-06-30,New client
H01815,A026,2025-07-03,2025-10-21,Advisor succession
H01816,A025,2009-08-02,2025-06-30,New client
H01816,A026,2025-07-03,,Advisor succession
H01817,A026,2018-10-29,,New client
H01818,A001,2007-02-21,,New client
H01819,A015,2011-06-19,2025-03-21,New client
H01819,A016,2025-03-24,,Advisor departure
H01820,A011,2022-11-20,,New client
H01821,A015,2016-05-14,2025-03-21,New client
H01821,A019,2025-03-24,,Advisor departure
H01822,A028,2022-12-25,,New client
H01823,A005,2011-10-17,,New client
H01824,A025,2019-07-23,2025-06-30,New client
H01824,A026,2025-07-03,,Advisor succession
H01825,A020,2022-05-04,,New client
H01826,A018,2021-02-01,,New client
H01827,A008,2017-01-04,2023-09-15,New client
H01828,A025,2012-11-03,2025-06-30,New client
H01828,A026,2025-07-03,,Advisor succession
H01829,A005,2017-12-15,,New client
H01830,A022,2022-05-02,,New client
H01831,A026,2022-05-22,,New client
H01832,A025,2013-08-16,2025-06-30,New client
H01832,A026,2025-07-03,,Advisor succession
H01833,A005,2012-05-05,,New client
H01834,A015,2012-02-21,2025-03-21,New client
H01834,A016,2025-03-24,,Advisor departure
H01835,A015,2013-04-08,2025-03-21,New client
H01835,A016,2025-03-24,2025-06-25,Advisor departure
H01836,A025,2009-12-19,2025-06-30,New client
H01836,A026,2025-07-03,,Advisor succession
H01837,A025,2015-01-02,2025-06-30,New client
H01837,A026,2025-07-03,,Advisor succession
H01838,A002,2011-09-16,,New client
H01839,A014,2016-05-19,,New client
H01840,A005,2013-01-14,,New client
H01841,A020,2022-05-03,,New client
H01842,A020,2018-01-21,2025-10-09,New client
H01843,A020,2020-10-06,,New client
H01844,A015,2021-03-25,2025-03-21,New client
H01844,A019,2025-03-24,,Advisor departure
H01845,A009,2018-03-24,,New client
H01846,A020,2020-03-07,,New client
H01847,A008,2015-06-13,2024-09-13,New client
H01847,A011,2024-09-16,2025-09-07,Advisor departure
H01848,A025,2010-03-06,2025-06-30,New client
H01848,A026,2025-07-03,,Advisor succession
H01849,A008,2009-11-20,2024-09-13,New client
H01849,A010,2024-09-16,,Advisor departure
H01850,A020,2022-04-14,,New client
H01851,A025,2011-07-06,2025-06-30,New client
H01851,A026,2025-07-03,,Advisor succession
H01852,A008,2010-11-29,2024-09-13,New client
H01852,A010,2024-09-16,2024-12-16,Advisor departure
H01853,A025,2021-03-23,2025-06-30,New client
H01853,A026,2025-07-03,2025-07-17,Advisor succession
H01854,A015,2010-06-24,2025-03-21,New client
H01854,A016,2025-03-24,,Advisor departure
H01855,A026,2016-06-05,,New client
H01856,A020,2013-06-16,2024-05-15,New client
H01857,A009,2020-01-20,,New client
H01858,A014,2018-05-13,,New client
H01859,A020,2016-12-27,,New client
H01860,A001,2015-12-29,,New client
H01861,A008,2019-11-17,2024-09-13,New client
H01861,A011,2024-09-16,,Advisor departure
H01862,A004,2021-03-14,,New client
H01863,A009,2014-06-23,,New client
H01864,A023,2022-04-27,2023-06-05,New client
H01865,A005,2019-07-02,,New client
H01866,A014,2017-05-29,,New client
H01867,A027,2022-05-05,,New client
H01868,A016,2019-05-27,,New client
H01869,A008,2012-01-03,2024-09-13,New client
H01869,A010,2024-09-16,,Advisor departure
H01870,A020,2022-05-02,,New client
H01871,A022,2022-05-06,,New client
H01872,A028,2021-01-15,2023-12-11,New client
H01873,A005,2018-01-13,,New client
H01874,A028,2021-04-24,,New client
H01875,A001,2014-06-05,,New client
H01876,A004,2022-09-11,,New client
H01877,A004,2020-11-14,,New client
H01878,A022,2022-04-08,2024-07-08,New client
H01879,A020,2022-04-20,2023-06-24,New client
H01880,A015,2018-11-11,2025-03-21,New client
H01880,A019,2025-03-24,,Advisor departure
H01881,A015,2015-02-02,2025-03-21,New client
H01881,A016,2025-03-24,,Advisor departure
H01882,A003,2017-03-30,,New client
H01883,A026,2017-03-14,2025-02-09,New client
H01884,A026,2022-03-16,,New client
H01885,A025,2009-04-11,2025-06-30,New client
H01885,A026,2025-07-03,,Advisor succession
H01886,A005,2019-01-20,,New client
H01887,A021,2018-10-28,,New client
H01888,A025,2006-11-08,2025-06-30,New client
H01888,A026,2025-07-03,2025-10-22,Advisor succession
H01889,A010,2017-02-12,,New client
H01890,A027,2020-06-01,,New client
H01891,A008,2016-05-27,2024-09-13,New client
H01891,A011,2024-09-16,,Advisor departure
H01892,A008,2018-05-16,2024-09-13,New client
H01892,A011,2024-09-16,,Advisor departure
H01893,A014,2013-06-30,,New client
H01894,A015,2015-04-19,2025-03-21,New client
H01894,A019,2025-03-24,,Advisor departure
H01895,A022,2022-05-12,2025-03-18,New client
H01896,A014,2014-04-11,,New client
H01897,A001,2011-11-07,,New client
H01898,A014,2022-03-06,2024-10-17,New client
H01899,A005,2013-04-25,,New client
H01900,A008,2017-03-28,2024-06-22,New client
H01901,A002,2015-05-27,,New client
H01902,A026,2022-10-31,,New client
H01903,A001,2011-12-02,,New client
H01904,A027,2022-05-17,,New client
H01905,A005,2011-01-22,,New client
H01906,A008,2016-11-04,2024-09-13,New client
H01906,A010,2024-09-16,2024-12-25,Advisor departure
H01907,A008,2015-05-11,2024-09-13,New client
H01907,A011,2024-09-16,,Advisor departure
H01908,A005,2009-11-20,,New client
H01909,A026,2022-01-17,,New client
H01910,A016,2019-08-17,,New client
H01911,A016,2020-03-11,,New client
H01912,A021,2016-10-29,2025-06-10,New client
H01913,A020,2013-05-27,,New client
H01914,A005,2018-07-20,,New client
H01915,A025,2015-04-15,2025-06-30,New client
H01915,A026,2025-07-03,,Advisor succession
H01916,A009,2017-01-30,,New client
H01917,A009,2013-11-05,,New client
H01918,A008,2016-07-26,2024-09-13,New client
H01918,A010,2024-09-16,2025-09-21,Advisor departure
H01919,A014,2015-07-23,,New client
H01920,A001,2008-03-16,,New client
H01921,A016,2020-03-30,,New client
H01922,A001,2021-11-09,2025-09-11,New client
H01923,A028,2022-10-23,,New client
H01924,A009,2018-12-26,,New client
H01925,A005,2020-01-10,,New client
H01926,A005,2016-02-20,,New client
H01927,A015,2012-11-08,2025-03-21,New client
H01927,A016,2025-03-24,,Advisor departure
H01928,A025,2019-11-02,2025-06-30,New client
H01928,A026,2025-07-03,,Advisor succession
H01929,A022,2022-04-15,,New client
H01930,A022,2021-09-20,,New client
H01931,A008,2021-05-22,2024-09-13,New client
H01931,A012,2024-09-16,2025-01-25,Advisor departure
H01932,A022,2022-05-05,,New client
H01933,A015,2013-10-24,2025-03-21,New client
H01933,A019,2025-03-24,2025-06-19,Advisor departure
H01934,A026,2017-10-31,,New client
H01935,A014,2021-03-01,,New client
H01936,A008,2013-02-17,2024-09-13,New client
H01936,A010,2024-09-16,,Advisor departure
H01937,A002,2014-02-22,,New client
H01938,A020,2022-04-24,,New client
H01939,A016,2022-05-06,,New client
H01940,A008,2018-12-20,2024-09-13,New client
H01940,A010,2024-09-16,2024-11-08,Advisor departure
H01941,A003,2015-01-29,,New client
H01942,A001,2019-04-23,2024-05-22,New client
H01943,A025,2022-05-19,2025-06-30,New client
H01943,A026,2025-07-03,,Advisor succession
H01944,A018,2022-10-26,,New client
H01945,A028,2018-08-29,,New client
H01946,A010,2022-05-06,,New client
H01947,A008,2011-05-10,2024-09-13,New client
H01947,A010,2024-09-16,2025-02-05,Advisor departure
H01948,A014,2017-12-04,,New client
H01949,A015,2021-11-08,2025-03-21,New client
H01949,A016,2025-03-24,,Advisor departure
H01950,A008,2011-02-10,2024-09-13,New client
H01950,A011,2024-09-16,,Advisor departure
H01951,A021,2022-04-05,,New client
H01952,A022,2022-04-08,,New client
H01953,A005,2017-07-16,,New client
H01954,A001,2021-09-21,2024-05-09,New client
H01955,A015,2014-08-29,2025-03-21,New client
H01955,A016,2025-03-24,2025-10-10,Advisor departure
H01956,A030,2021-01-31,,New client
H01957,A025,2022-01-16,2025-06-30,New client
H01957,A026,2025-07-03,,Advisor succession
H01958,A002,2013-05-25,2023-09-05,New client
H01959,A015,2017-05-24,2025-03-21,New client
H01959,A019,2025-03-24,2025-08-24,Advisor departure
H01960,A015,2012-03-12,2024-01-18,New client
H01961,A008,2011-07-03,2024-09-13,New client
H01961,A010,2024-09-16,,Advisor departure
H01962,A028,2021-03-14,,New client
H01963,A014,2015-09-21,,New client
H01964,A015,2020-12-04,2025-03-21,New client
H01964,A019,2025-03-24,,Advisor departure
H01965,A025,2007-02-18,2025-06-30,New client
H01965,A026,2025-07-03,,Advisor succession
H01966,A011,2020-10-05,,New client
H01967,A022,2022-04-05,2024-02-24,New client
H01968,A027,2020-08-26,,New client
H01969,A015,2021-07-14,2025-03-21,New client
H01969,A019,2025-03-24,2025-09-20,Advisor departure
H01970,A020,2019-09-23,,New client
H01971,A020,2014-07-13,,New client
H01972,A027,2018-10-07,,New client
H01973,A011,2020-10-26,,New client
H01974,A009,2019-01-30,,New client
H01975,A026,2015-11-08,,New client
H01976,A022,2022-05-10,,New client
H01977,A009,2016-07-16,,New client
H01978,A001,2022-04-17,,New client
H01979,A011,2019-02-07,,New client
H01980,A004,2021-09-24,,New client
H01981,A005,2010-10-18,,New client
H01982,A001,2011-01-04,,New client
H01983,A008,2013-02-12,2024-09-13,New client
H01983,A010,2024-09-16,2024-12-05,Advisor departure
H01984,A015,2014-02-27,2025-03-21,New client
H01984,A016,2025-03-24,2025-06-19,Advisor departure
H01985,A005,2015-08-25,,New client
H01986,A028,2021-07-20,,New client
H01987,A025,2011-12-23,2025-06-30,New client
H01987,A026,2025-07-03,,Advisor succession
H01988,A008,2010-06-27,2024-09-13,New client
H01988,A010,2024-09-16,2025-02-16,Advisor departure
H01989,A014,2016-02-20,,New client
H01990,A016,2022-06-08,2025-02-07,New client
H01991,A005,2011-12-14,2024-03-21,New client
H01992,A020,2022-07-04,,New client
H01993,A010,2020-10-18,,New client
H01994,A008,2011-12-02,2024-09-13,New client
H01994,A010,2024-09-16,,Advisor departure
H01995,A005,2014-10-08,,New client
H01996,A005,2020-01-26,,New client
H01997,A001,2007-07-30,2024-05-12,New client
H01998,A008,2020-02-11,2024-09-13,New client
H01998,A011,2024-09-16,,Advisor departure
H01999,A022,2022-05-06,,New client
H02000,A002,2021-12-02,,New client
H02001,A009,2013-06-08,,New client
H02002,A001,2007-03-28,,New client
H02003,A016,2020-03-21,,New client
H02004,A027,2017-03-11,,New client
H02005,A009,2013-11-01,,New client
H02006,A005,2011-12-19,2025-09-25,New client
H02007,A001,2011-04-09,,New client
H02008,A003,2015-04-03,,New client
H02009,A020,2022-04-28,,New client
H02010,A001,2012-06-29,,New client
H02011,A001,2008-02-24,2024-04-18,New client
H02012,A008,2011-03-14,2024-09-13,New client
H02012,A010,2024-09-16,2025-01-12,Advisor departure
H02013,A004,2018-01-25,,New client
H02014,A025,2010-09-01,2025-06-30,New client
H02014,A026,2025-07-03,,Advisor succession
H02015,A028,2021-07-03,,New client
H02016,A016,2017-07-01,,New client
H02017,A005,2014-11-08,,New client
H02018,A005,2021-12-09,,New client
H02019,A011,2020-03-21,,New client
H02020,A025,2021-04-15,2025-06-30,New client
H02020,A026,2025-07-03,,Advisor succession
H02021,A015,2022-08-16,2025-03-21,New client
H02021,A019,2025-03-24,,Advisor departure
H02022,A008,2011-08-22,2024-09-13,New client
H02022,A011,2024-09-16,,Advisor departure
H02023,A001,2007-03-30,,New client
H02024,A022,2022-02-06,,New client
H02025,A020,2022-04-08,2025-02-23,New client
H02026,A022,2022-06-29,,New client
H02027,A009,2018-12-11,,New client
H02028,A002,2020-11-11,,New client
H02029,A001,2012-02-05,,New client
H02030,A008,2020-07-14,2024-09-13,New client
H02030,A011,2024-09-16,,Advisor departure
H02031,A010,2016-04-25,,New client
H02032,A003,2018-04-20,,New client
H02033,A001,2015-07-28,,New client
H02034,A011,2020-11-15,,New client
H02035,A022,2022-04-22,,New client
H02036,A018,2022-08-29,,New client
H02037,A003,2020-10-13,,New client
H02038,A022,2022-04-07,2024-05-12,New client
H02039,A015,2014-02-20,2025-03-21,New client
H02039,A019,2025-03-24,,Advisor departure
H02040,A020,2022-04-11,,New client
H02041,A022,2022-09-19,,New client
H02042,A018,2022-05-14,,New client
H02043,A025,2013-02-25,2025-06-30,New client
H02043,A026,2025-07-03,2025-09-25,Advisor succession
H02044,A020,2019-04-02,,New client
H02045,A023,2022-04-05,2025-01-23,New client
H02046,A030,2021-01-20,,New client
H02047,A020,2022-04-07,,New client
H02048,A002,2019-07-16,,New client
H02049,A022,2022-04-10,2025-02-24,New client
H02050,A016,2019-10-27,,New client
H02051,A025,2009-09-19,2025-06-30,New client
H02051,A026,2025-07-03,,Advisor succession
H02052,A015,2020-06-04,2025-03-21,New client
H02052,A016,2025-03-24,2025-10-05,Advisor departure
H02053,A001,2021-04-29,,New client
H02054,A027,2020-02-11,,New client
H02055,A023,2022-04-29,,New client
H02056,A001,2010-09-14,,New client
H02057,A002,2017-11-01,,New client
H02058,A023,2022-04-11,,New client
H02059,A011,2019-04-28,,New client
H02060,A002,2012-03-26,2024-12-07,New client
H02061,A001,2013-04-08,,New client
H02062,A028,2019-10-17,,New client
H02063,A027,2022-04-09,,New client
H02064,A025,2015-05-24,2025-06-30,New client
H02064,A026,2025-07-03,,Advisor succession
H02065,A028,2019-11-14,,New client
H02066,A001,2022-07-05,,New client
H02067,A005,2019-06-27,,New client
H02068,A005,2017-06-21,2025-11-13,New client
H02069,A014,2014-03-10,,New client
H02070,A025,2011-11-16,2025-06-30,New client
H02070,A026,2025-07-03,,Advisor succession
H02071,A021,2022-04-05,,New client
H02072,A022,2020-07-13,,New client
H02073,A009,2015-09-07,,New client
H02074,A014,2016-11-13,,New client
H02075,A026,2016-04-14,,New client
H02076,A008,2020-07-16,2024-09-13,New client
H02076,A010,2024-09-16,,Advisor departure
H02077,A009,2014-12-04,,New client
H02078,A008,2010-04-12,2024-09-13,New client
H02078,A010,2024-09-16,,Advisor departure
H02079,A002,2011-09-17,2023-12-17,New client
H02080,A020,2017-08-14,,New client
H02081,A015,2014-05-30,2025-03-21,New client
H02081,A016,2025-03-24,,Advisor departure
H02082,A027,2017-12-16,,New client
H02083,A001,2008-04-19,,New client
H02084,A028,2018-10-17,2024-02-12,New client
H02085,A014,2019-02-10,,New client
H02086,A026,2017-07-28,,New client
H02087,A011,2018-05-07,2025-06-05,New client
H02088,A003,2022-11-11,,New client
H02089,A025,2017-12-08,2025-06-30,New client
H02089,A026,2025-07-03,,Advisor succession
H02090,A021,2021-10-21,,New client
H02091,A021,2022-03-08,,New client
H02092,A015,2016-06-29,2025-03-21,New client
H02092,A016,2025-03-24,,Advisor departure
H02093,A018,2021-03-27,,New client
H02094,A022,2022-04-06,,New client
H02095,A015,2022-03-02,2025-03-21,New client
H02095,A016,2025-03-24,,Advisor departure
H02096,A009,2017-09-17,,New client
H02097,A001,2011-12-21,2025-04-11,New client
H02098,A027,2019-03-09,,New client
H02099,A020,2022-05-03,,New client
H02100,A014,2017-04-19,,New client
H02101,A001,2013-06-08,,New client
H02102,A003,2020-04-15,,New client
H02103,A025,2014-10-10,2025-06-30,New client
H02103,A026,2025-07-03,,Advisor succession
H02104,A020,2022-04-30,2023-04-06,New client
H02105,A001,2017-04-13,,New client
H02106,A009,2019-07-02,,New client
H02107,A010,2019-01-22,,New client
H02108,A016,2017-12-31,,New client
H02109,A001,2018-11-08,,New client
H02110,A023,2022-05-07,,New client
H02111,A025,2017-07-28,2025-06-30,New client
H02111,A026,2025-07-03,,Advisor succession
H02112,A020,2021-11-02,,New client
H02113,A027,2018-06-28,2025-09-18,New client
H02114,A021,2022-04-06,2024-07-21,New client
H02115,A020,2018-03-11,,New client
H02116,A014,2019-10-04,,New client
H02117,A009,2016-03-20,,New client
H02118,A008,2021-05-01,2024-09-13,New client
H02118,A010,2024-09-16,,Advisor departure
H02119,A010,2016-11-04,,New client
H02120,A022,2022-04-17,,New client
H02121,A008,2018-03-02,2024-09-13,New client
H02121,A011,2024-09-16,2024-11-12,Advisor departure
H02122,A020,2022-05-09,2023-08-14,New client
H02123,A008,2017-06-21,2024-09-13,New client
H02123,A011,2024-09-16,2024-11-12,Advisor departure
H02124,A025,2016-01-17,2025-06-30,New client
H02124,A026,2025-07-03,,Advisor succession
H02125,A010,2018-06-03,2025-01-16,New client
H02126,A014,2022-04-16,,New client
H02127,A020,2019-09-02,,New client
H02128,A025,2022-07-23,2025-06-30,New client
H02128,A026,2025-07-03,,Advisor succession
H02129,A025,2011-12-31,2024-11-13,New client
H02130,A020,2015-12-31,,New client
H02131,A001,2016-09-21,,New client
H02132,A008,2015-07-05,2024-09-13,New client
H02132,A011,2024-09-16,2025-01-17,Advisor departure
H02133,A008,2018-02-09,2024-09-13,New client
H02133,A012,2024-09-16,2024-10-22,Advisor departure
H02134,A020,2022-04-22,2024-01-07,New client
H02135,A001,2021-01-30,,New client
H02136,A009,2014-07-20,,New client
H02137,A001,2022-09-29,,New client
H02138,A014,2014-03-03,,New client
H02139,A008,2017-03-23,2024-09-13,New client
H02139,A012,2024-09-16,,Advisor departure
H02140,A005,2013-12-03,,New client
H02141,A010,2022-03-25,,New client
H02142,A008,2022-05-18,2024-09-13,New client
H02142,A010,2024-09-16,2025-03-22,Advisor departure
H02143,A020,2020-12-06,,New client
H02144,A003,2017-08-28,,New client
H02145,A023,2022-04-21,,New client
H02146,A025,2012-10-02,2025-06-30,New client
H02146,A026,2025-07-03,,Advisor succession
H02147,A009,2020-08-20,,New client
H02148,A020,2012-10-01,2024-03-25,New client
H02149,A005,2011-06-16,,New client
H02150,A021,2022-04-02,,New client
H02151,A015,2023-01-13,2025-03-21,New client
H02151,A016,2025-03-24,,Advisor departure
H02152,A015,2023-01-19,2025-03-21,New client
H02152,A016,2025-03-24,2025-06-25,Advisor departure
H02153,A010,2023-01-02,,New client
H02154,A008,2023-01-20,2024-09-13,New client
H02154,A010,2024-09-16,2025-04-21,Advisor departure
H02155,A004,2023-01-19,,New client
H02156,A028,2023-01-11,,New client
H02157,A004,2023-01-10,2025-03-21,New client
H02158,A020,2023-01-15,,New client
H02159,A029,2023-01-15,,New client
H02160,A020,2023-01-07,,New client
H02161,A021,2023-02-05,,New client
H02162,A023,2023-02-19,,New client
H02163,A011,2023-02-08,,New client
H02164,A001,2023-02-05,,New client
H02165,A015,2023-02-06,2025-03-21,New client
H02165,A016,2025-03-24,,Advisor departure
H02166,A016,2023-02-10,,New client
H02167,A008,2023-02-12,2024-09-13,New client
H02167,A010,2024-09-16,2024-12-07,Advisor departure
H02168,A010,2023-02-12,,New client
H02169,A029,2023-02-01,,New client
H02170,A025,2023-02-18,2025-06-30,New client
H02170,A026,2025-07-03,,Advisor succession
H02171,A026,2023-02-18,,New client
H02172,A026,2023-02-19,,New client
H02173,A021,2023-02-04,2025-09-14,New client
H02174,A012,2023-02-17,,New client
H02175,A017,2023-02-18,,New client
H02176,A004,2023-02-11,,New client
H02177,A021,2023-02-16,,New client
H02178,A010,2023-02-19,,New client
H02179,A002,2023-03-02,,New client
H02180,A014,2023-03-13,2023-10-07,New client
H02181,A008,2023-03-14,2024-09-13,New client
H02181,A011,2024-09-16,,Advisor departure
H02182,A006,2023-03-19,,New client
H02183,A020,2023-03-04,,New client
H02184,A015,2023-03-05,2025-03-21,New client
H02184,A019,2025-03-24,,Advisor departure
H02185,A018,2023-03-06,,New client
H02186,A026,2023-03-05,2024-01-20,New client
H02187,A016,2023-03-09,,New client
H02188,A008,2023-03-09,2024-09-13,New client
H02188,A010,2024-09-16,,Advisor departure
H02189,A018,2023-03-19,2023-11-19,New client
H02190,A025,2023-03-02,2025-06-30,New client
H02190,A026,2025-07-03,,Advisor succession
H02191,A008,2023-03-06,2024-09-13,New client
H02191,A012,2024-09-16,2025-01-15,Advisor departure
H02192,A001,2023-03-04,,New client
H02193,A008,2023-03-19,2024-09-13,New client
H02193,A010,2024-09-16,2024-10-23,Advisor departure
H02194,A015,2023-03-13,2025-03-21,New client
H02194,A016,2025-03-24,,Advisor departure
H02195,A005,2023-03-08,,New client
H02196,A018,2023-03-18,,New client
H02197,A009,2023-04-09,,New client
H02198,A025,2023-04-07,2025-06-30,New client
H02198,A026,2025-07-03,,Advisor succession
H02199,A008,2023-04-04,2024-09-13,New client
H02199,A011,2024-09-16,2025-01-12,Advisor departure
H02200,A012,2023-04-12,,New client
H02201,A029,2023-04-18,,New client
H02202,A028,2023-04-10,,New client
H02203,A020,2023-04-02,2024-07-13,New client
H02204,A012,2023-04-12,,New client
H02205,A003,2023-04-16,,New client
H02206,A022,2023-04-20,,New client
H02207,A023,2023-04-03,,New client
H02208,A027,2023-05-05,2024-08-14,New client
H02209,A025,2023-05-17,2025-06-30,New client
H02209,A026,2025-07-03,,Advisor succession
H02210,A018,2023-05-13,,New client
H02211,A014,2023-05-06,,New client
H02212,A020,2023-05-05,,New client
H02213,A016,2023-05-20,,New client
H02214,A008,2023-05-02,2024-09-13,New client
H02214,A010,2024-09-16,,Advisor departure
H02215,A004,2023-05-14,,New client
H02216,A021,2023-05-17,,New client
H02217,A028,2023-05-18,2025-10-25,New client
H02218,A020,2023-05-12,,New client
H02219,A020,2023-05-12,,New client
H02220,A027,2023-05-16,,New client
H02221,A009,2023-05-11,,New client
H02222,A013,2023-05-04,,New client
H02223,A022,2023-05-17,,New client
H02224,A020,2023-05-08,,New client
H02225,A026,2023-05-04,,New client
H02226,A009,2023-05-18,2024-11-11,New client
H02227,A007,2023-06-04,,New client
H02228,A008,2023-06-18,2024-09-13,New client
H02228,A010,2024-09-16,2024-10-09,Advisor departure
H02229,A028,2023-06-04,2024-11-10,New client
H02230,A003,2023-06-03,,New client
H02231,A020,2023-06-20,,New client
H02232,A005,2023-06-12,,New client
H02233,A011,2023-06-11,2025-04-20,New client
H02234,A020,2023-06-06,,New client
H02235,A020,2023-06-15,,New client
H02236,A020,2023-06-04,,New client
H02237,A013,2023-06-05,,New client
H02238,A001,2023-06-13,,New client
H02239,A008,2023-06-10,2024-09-13,New client
H02239,A012,2024-09-16,,Advisor departure
H02240,A008,2023-06-15,2024-09-13,New client
H02240,A010,2024-09-16,,Advisor departure
H02241,A004,2023-06-09,,New client
H02242,A004,2023-07-11,,New client
H02243,A028,2023-07-12,,New client
H02244,A009,2023-07-18,2025-01-20,New client
H02245,A005,2023-07-08,,New client
H02246,A009,2023-07-07,,New client
H02247,A016,2023-07-03,,New client
H02248,A005,2023-07-14,,New client
H02249,A001,2023-07-06,,New client
H02250,A022,2023-07-09,,New client
H02251,A022,2023-07-11,,New client
H02252,A017,2023-07-09,,New client
H02253,A011,2023-07-02,,New client
H02254,A020,2023-07-13,,New client
H02255,A017,2023-07-04,,New client
H02256,A002,2023-08-01,,New client
H02257,A029,2023-08-16,2025-12-24,New client
H02258,A008,2023-08-07,2024-09-13,New client
H02258,A012,2024-09-16,2025-01-24,Advisor departure
H02259,A005,2023-08-12,,New client
H02260,A005,2023-08-04,,New client
H02261,A025,2023-08-05,2024-04-25,New client
H02262,A008,2023-08-09,2024-09-13,New client
H02262,A011,2024-09-16,,Advisor departure
H02263,A025,2023-08-13,2025-06-30,New client
H02263,A026,2025-07-03,,Advisor succession
H02264,A015,2023-08-11,2025-03-21,New client
H02264,A019,2025-03-24,2025-06-14,Advisor departure
H02265,A030,2023-08-15,,New client
H02266,A011,2023-08-19,,New client
H02267,A013,2023-08-11,,New client
H02268,A020,2023-08-19,,New client
H02269,A017,2023-08-04,,New client
H02270,A010,2023-08-09,,New client
H02271,A016,2023-08-16,,New client
H02272,A005,2023-08-15,,New client
H02273,A024,2023-08-17,,New client
H02274,A019,2023-08-03,,New client
H02275,A005,2023-08-15,,New client
H02276,A021,2023-09-12,,New client
H02277,A008,2023-09-11,2024-09-13,New client
H02277,A011,2024-09-16,2024-11-23,Advisor departure
H02278,A004,2023-09-19,,New client
H02279,A009,2023-09-17,,New client
H02280,A011,2023-09-05,,New client
H02281,A015,2023-09-09,2025-03-21,New client
H02281,A019,2025-03-24,,Advisor departure
H02282,A025,2023-09-07,2024-04-12,New client
H02283,A001,2023-09-06,,New client
H02284,A015,2023-09-02,2025-03-21,New client
H02284,A019,2025-03-24,,Advisor departure
H02285,A005,2023-09-08,,New client
H02286,A019,2023-09-14,,New client
H02287,A004,2023-10-20,,New client
H02288,A001,2023-10-17,,New client
H02289,A008,2023-10-07,2024-09-13,New client
H02289,A010,2024-09-16,,Advisor departure
H02290,A021,2023-10-16,,New client
H02291,A026,2023-10-08,2025-05-23,New client
H02292,A002,2023-10-06,,New client
H02293,A025,2023-10-16,2025-06-30,New client
H02293,A026,2025-07-03,,Advisor succession
H02294,A026,2023-10-09,,New client
H02295,A010,2023-10-10,,New client
H02296,A006,2023-10-09,,New client
H02297,A026,2023-10-07,,New client
H02298,A009,2023-10-05,,New client
H02299,A028,2023-10-06,,New client
H02300,A010,2023-10-19,2024-12-16,New client
H02301,A026,2023-11-19,,New client
H02302,A015,2023-11-18,2025-03-21,New client
H02302,A016,2025-03-24,,Advisor departure
H02303,A002,2023-11-02,,New client
H02304,A008,2023-11-04,2024-09-13,New client
H02304,A010,2024-09-16,,Advisor departure
H02305,A021,2023-11-08,,New client
H02306,A015,2023-11-05,2025-03-21,New client
H02306,A016,2025-03-24,2025-05-13,Advisor departure
H02307,A007,2023-11-14,,New client
H02308,A023,2023-11-16,,New client
H02309,A020,2023-11-19,,New client
H02310,A003,2023-11-14,2024-09-05,New client
H02311,A028,2023-11-14,,New client
H02312,A001,2023-11-15,,New client
H02313,A017,2023-11-20,,New client
H02314,A014,2023-12-13,,New client
H02315,A025,2023-12-13,2025-06-30,New client
H02315,A026,2025-07-03,,Advisor succession
H02316,A015,2023-12-15,2025-01-11,New client
H02317,A008,2023-12-08,2024-09-13,New client
H02317,A012,2024-09-16,2024-12-19,Advisor departure
H02318,A022,2023-12-19,,New client
H02319,A023,2023-12-05,,New client
H02320,A015,2023-12-18,2025-03-21,New client
H02320,A016,2025-03-24,,Advisor departure
H02321,A011,2023-12-06,,New client
H02322,A004,2023-12-14,,New client
H02323,A013,2023-12-16,,New client
H02324,A009,2023-12-01,2024-11-25,New client
H02325,A015,2023-12-10,2025-03-21,New client
H02325,A016,2025-03-24,,Advisor departure
H02326,A027,2023-12-10,,New client
H02327,A008,2023-12-20,2024-09-13,New client
H02327,A012,2024-09-16,2025-03-24,Advisor departure
H02328,A014,2023-12-14,,New client
H02329,A005,2023-12-17,,New client
H02330,A019,2024-01-19,,New client
H02331,A002,2024-01-12,,New client
H02332,A008,2024-01-17,2024-09-13,New client
H02332,A010,2024-09-16,,Advisor departure
H02333,A001,2024-01-15,,New client
H02334,A011,2024-01-05,,New client
H02335,A018,2024-01-16,,New client
H02336,A028,2024-01-12,,New client
H02337,A001,2024-01-18,,New client
H02338,A016,2024-01-14,,New client
H02339,A020,2024-01-10,,New client
H02340,A002,2024-01-12,,New client
H02341,A008,2024-01-03,2024-09-13,New client
H02341,A010,2024-09-16,2025-02-10,Advisor departure
H02342,A008,2024-02-17,2024-09-13,New client
H02342,A010,2024-09-16,2025-01-21,Advisor departure
H02343,A019,2024-02-04,,New client
H02344,A016,2024-02-11,,New client
H02345,A003,2024-02-02,,New client
H02346,A026,2024-02-08,,New client
H02347,A025,2024-02-18,2025-06-30,New client
H02347,A026,2025-07-03,,Advisor succession
H02348,A028,2024-02-10,,New client
H02349,A015,2024-02-09,2025-03-21,New client
H02349,A016,2025-03-24,,Advisor departure
H02350,A016,2024-02-13,,New client
H02351,A002,2024-02-03,,New client
H02352,A025,2024-02-15,2025-06-30,New client
H02352,A026,2025-07-03,,Advisor succession
H02353,A010,2024-02-12,,New client
H02354,A002,2024-02-04,,New client
H02355,A003,2024-02-05,,New client
H02356,A023,2024-02-19,,New client
H02357,A012,2024-02-03,,New client
H02358,A012,2024-02-07,,New client
H02359,A026,2024-02-10,,New client
H02360,A025,2024-02-24,2025-03-08,Inherited relationship
H02361,A008,2024-03-06,2024-09-13,New client
H02361,A010,2024-09-16,,Advisor departure
H02362,A002,2024-03-20,,New client
H02363,A004,2024-03-07,,New client
H02364,A026,2024-03-07,,New client
H02365,A011,2024-03-01,,New client
H02366,A001,2024-03-19,,New client
H02367,A021,2024-03-20,,New client
H02368,A012,2024-03-07,,New client
H02369,A003,2024-03-12,,New client
H02370,A003,2024-03-09,,Inherited relationship
H02371,A016,2024-04-18,,New client
H02372,A002,2024-04-19,,New client
H02373,A001,2024-04-20,,New client
H02374,A009,2024-04-03,,New client
H02375,A022,2024-04-04,,New client
H02376,A015,2024-04-17,2025-03-21,New client
H02376,A016,2025-03-24,,Advisor departure
H02377,A001,2024-04-19,,New client
H02378,A016,2024-04-02,,New client
H02379,A029,2024-04-04,,New client
H02380,A003,2024-04-16,,New client
H02381,A025,2024-04-09,2025-06-30,New client
H02381,A026,2025-07-03,,Advisor succession
H02382,A010,2024-04-08,,New client
H02383,A026,2024-04-11,2025-09-23,New client
H02384,A001,2024-04-23,,Inherited relationship
H02385,A001,2024-04-23,,Inherited relationship
H02386,A001,2024-04-23,,Inherited relationship
H02387,A016,2024-05-18,,New client
H02388,A013,2024-05-20,,New client
H02389,A011,2024-05-18,,New client
H02390,A027,2024-05-01,,New client
H02391,A030,2024-05-12,,New client
H02392,A015,2024-05-12,2025-03-21,New client
H02392,A016,2025-03-24,2025-05-22,Advisor departure
H02393,A003,2024-05-17,,New client
H02394,A001,2024-05-09,,Inherited relationship
H02395,A022,2024-06-04,,New client
H02396,A027,2024-06-03,,New client
H02397,A014,2024-06-04,,New client
H02398,A015,2024-06-18,2025-03-21,New client
H02398,A016,2025-03-24,2025-07-05,Advisor departure
H02399,A004,2024-06-08,,New client
H02400,A003,2024-06-19,,New client
H02401,A005,2024-06-02,,New client
H02402,A025,2024-06-14,2025-06-30,New client
H02402,A026,2025-07-03,,Advisor succession
H02403,A018,2024-06-08,,New client
H02404,A011,2024-06-08,,New client
H02405,A029,2024-06-06,,New client
H02406,A020,2024-06-13,,New client
H02407,A015,2024-06-20,2025-03-21,New client
H02407,A019,2025-03-24,,Advisor departure
H02408,A002,2024-06-20,,New client
H02409,A022,2024-06-07,,New client
H02410,A009,2024-06-01,,New client
H02411,A020,2024-07-17,,New client
H02412,A018,2024-07-07,,New client
H02413,A019,2024-07-20,,New client
H02414,A003,2024-07-15,2025-02-05,New client
H02415,A025,2024-07-07,2025-06-30,New client
H02415,A026,2025-07-03,,Advisor succession
H02416,A016,2024-07-01,,New client
H02417,A015,2024-07-06,2025-03-21,New client
H02417,A019,2025-03-24,,Advisor departure
H02418,A015,2024-07-14,2025-03-21,New client
H02418,A019,2025-03-24,2025-06-05,Advisor departure
H02419,A014,2024-07-15,,New client
H02420,A016,2024-07-14,,Inherited relationship
H02421,A011,2024-08-11,,New client
H02422,A026,2024-08-06,,New client
H02423,A010,2024-08-10,,New client
H02424,A001,2024-08-17,,New client
H02425,A008,2024-08-09,2024-09-13,New client
H02425,A010,2024-09-16,2024-11-15,Advisor departure
H02426,A018,2024-08-15,,New client
H02427,A018,2024-08-19,,New client
H02428,A008,2024-08-12,2024-09-13,Inherited relationship
H02428,A011,2024-09-16,,Advisor departure
H02429,A008,2024-08-12,2024-09-13,Inherited relationship
H02429,A010,2024-09-16,,Advisor departure
H02430,A002,2024-09-01,,New client
H02431,A025,2024-09-18,2025-06-30,New client
H02431,A026,2025-07-03,,Advisor succession
H02432,A024,2024-09-19,2025-04-15,New client
H02433,A025,2024-09-02,2025-06-30,New client
H02433,A026,2025-07-03,,Advisor succession
H02434,A007,2024-09-02,,New client
H02435,A020,2024-09-01,,New client
H02436,A003,2024-09-20,,New client
H02437,A013,2024-09-08,,New client
H02438,A009,2024-09-12,,New client
H02439,A022,2024-09-18,,New client
H02440,A006,2024-10-01,,New client
H02441,A005,2024-10-07,,New client
H02442,A010,2024-10-20,,New client
H02443,A021,2024-10-10,,New client
H02444,A025,2024-10-04,2025-06-30,New client
H02444,A026,2025-07-03,2025-08-07,Advisor succession
H02445,A014,2024-10-04,,New client
H02446,A001,2024-10-20,,New client
H02447,A025,2024-10-01,2025-06-30,New client
H02447,A026,2025-07-03,,Advisor succession
H02448,A005,2024-10-14,,New client
H02449,A027,2024-10-03,,New client
H02450,A016,2024-10-02,,New client
H02451,A001,2024-10-09,,New client
H02452,A026,2024-10-08,,New client
H02453,A013,2024-10-20,,New client
H02454,A009,2024-10-03,,New client
H02455,A001,2024-10-11,,New client
H02456,A014,2024-10-17,,Inherited relationship
H02457,A020,2024-11-02,,New client
H02458,A025,2024-11-14,2025-06-30,New client
H02458,A026,2025-07-03,,Advisor succession
H02459,A025,2024-11-17,2025-06-30,New client
H02459,A026,2025-07-03,,Advisor succession
H02460,A026,2024-11-03,,New client
H02461,A011,2024-11-04,,New client
H02462,A009,2024-11-19,,New client
H02463,A015,2024-11-05,2025-03-21,New client
H02463,A019,2025-03-24,,Advisor departure
H02464,A015,2024-11-05,2025-03-21,New client
H02464,A016,2025-03-24,2025-07-19,Advisor departure
H02465,A023,2024-11-12,,New client
H02466,A011,2024-11-05,,New client
H02467,A015,2024-11-15,2025-03-21,New client
H02467,A016,2025-03-24,,Advisor departure
H02468,A004,2024-11-17,,New client
H02469,A002,2024-12-20,,New client
H02470,A027,2024-12-10,,New client
H02471,A015,2024-12-19,2025-03-21,New client
H02471,A019,2025-03-24,,Advisor departure
H02472,A011,2024-12-09,,New client
H02473,A009,2024-12-04,,New client
H02474,A010,2024-12-14,,New client
H02475,A001,2024-12-11,,New client
H02476,A022,2024-12-10,,New client
H02477,A004,2025-01-19,,New client
H02478,A003,2025-01-20,,New client
H02479,A024,2025-01-12,,New client
H02480,A026,2025-01-13,,New client
H02481,A025,2025-01-04,2025-06-30,New client
H02481,A026,2025-07-03,,Advisor succession
H02482,A026,2025-01-10,,New client
H02483,A026,2025-01-11,,New client
H02484,A021,2025-01-13,,New client
H02485,A021,2025-01-19,,New client
H02486,A009,2025-01-20,,Inherited relationship
H02487,A009,2025-01-20,,Inherited relationship
H02488,A005,2025-02-03,,New client
H02489,A007,2025-02-02,,New client
H02490,A004,2025-02-18,,New client
H02491,A016,2025-02-06,,New client
H02492,A015,2025-02-14,2025-03-21,New client
H02492,A019,2025-03-24,,Advisor departure
H02493,A011,2025-02-10,,New client
H02494,A015,2025-02-14,2025-03-21,New client
H02494,A019,2025-03-24,2025-11-14,Advisor departure
H02495,A022,2025-02-08,,New client
H02496,A011,2025-02-06,,New client
H02497,A012,2025-02-17,,Inherited relationship
H02498,A029,2025-03-08,,New client
H02499,A020,2025-03-12,,New client
H02500,A016,2025-03-18,,New client
H02501,A015,2025-03-13,,New client
H02502,A015,2025-03-13,,New client
H02503,A020,2025-03-04,,New client
H02504,A023,2025-03-06,,New client
H02505,A001,2025-03-13,,New client
H02506,A015,2025-03-18,,New client
H02507,A014,2025-03-10,,New client
H02508,A026,2025-03-17,,New client
H02509,A030,2025-03-15,,New client
H02510,A016,2025-03-08,,New client
H02511,A016,2025-04-17,,New client
H02512,A003,2025-04-08,,New client
H02513,A022,2025-04-05,,New client
H02514,A026,2025-04-10,,New client
H02515,A028,2025-04-06,,New client
H02516,A017,2025-04-14,,New client
H02517,A009,2025-04-04,,New client
H02518,A007,2025-04-20,,New client
H02519,A025,2025-04-09,2025-06-30,New client
H02519,A026,2025-07-03,,Advisor succession
H02520,A020,2025-04-21,,Inherited relationship
H02521,A018,2025-05-18,,New client
H02522,A030,2025-05-16,,New client
H02523,A026,2025-05-07,,New client
H02524,A003,2025-05-13,,New client
H02525,A017,2025-05-10,,New client
H02526,A009,2025-05-02,,New client
H02527,A016,2025-05-01,,New client
H02528,A017,2025-05-16,,New client
H02529,A016,2025-05-03,,New client
H02530,A021,2025-05-18,,New client
H02531,A027,2025-05-13,,New client
H02532,A004,2025-05-13,,New client
H02533,A009,2025-05-11,,New client
H02534,A011,2025-05-09,,New client
H02535,A030,2025-05-01,,New client
H02536,A025,2025-06-01,,New client
H02537,A027,2025-06-20,,New client
H02538,A016,2025-06-02,,New client
H02539,A010,2025-06-13,,New client
H02540,A014,2025-06-17,,New client
H02541,A022,2025-06-11,,New client
H02542,A027,2025-06-08,,New client
H02543,A018,2025-06-15,,New client
H02544,A001,2025-06-03,,New client
H02545,A029,2025-06-06,,New client
H02546,A006,2025-06-02,,New client
H02547,A017,2025-06-13,,New client
H02548,A005,2025-07-03,,New client
H02549,A021,2025-07-08,,New client
H02550,A014,2025-07-04,,New client
H02551,A023,2025-07-18,,New client
H02552,A007,2025-07-13,,New client
H02553,A009,2025-07-05,,New client
H02554,A005,2025-07-09,,New client
H02555,A028,2025-07-04,,New client
H02556,A027,2025-07-02,,New client
H02557,A020,2025-08-04,,New client
H02558,A005,2025-08-10,,New client
H02559,A011,2025-08-18,,New client
H02560,A022,2025-08-15,,New client
H02561,A029,2025-08-09,,New client
H02562,A013,2025-08-20,,New client
H02563,A001,2025-08-12,,New client
H02564,A009,2025-08-20,,New client
H02565,A014,2025-08-09,,New client
H02566,A014,2025-08-18,,New client
H02567,A010,2025-08-11,,New client
H02568,A005,2025-08-08,,New client
H02569,A005,2025-08-04,,New client
H02570,A005,2025-08-03,,New client
H02571,A021,2025-08-16,,Inherited relationship
H02572,A021,2025-08-16,,Inherited relationship
H02573,A019,2025-08-24,,Inherited relationship
H02574,A022,2025-09-02,,New client
H02575,A010,2025-09-10,,New client
H02576,A017,2025-09-19,,New client
H02577,A028,2025-09-01,,New client
H02578,A028,2025-09-12,,New client
H02579,A017,2025-09-14,,New client
H02580,A020,2025-09-18,,New client
H02581,A001,2025-09-06,,New client
H02582,A010,2025-09-02,,New client
H02583,A001,2025-09-15,,New client
H02584,A007,2025-09-19,,New client
H02585,A026,2025-09-15,,New client
H02586,A030,2025-09-04,,New client
H02587,A028,2025-09-04,,New client
H02588,A001,2025-09-19,,New client
H02589,A002,2025-09-04,,New client
H02590,A014,2025-10-05,,New client
H02591,A002,2025-10-04,,New client
H02592,A020,2025-10-03,,New client
H02593,A013,2025-10-12,,New client
H02594,A026,2025-10-06,,New client
H02595,A027,2025-10-17,,New client
H02596,A005,2025-10-18,,New client
H02597,A001,2025-10-03,,New client
H02598,A011,2025-10-05,,New client
H02599,A029,2025-10-05,,New client
H02600,A004,2025-10-07,,New client
H02601,A005,2025-10-19,,New client
H02602,A020,2025-10-18,,Inherited relationship
H02603,A001,2025-11-08,,New client
H02604,A026,2025-11-12,,New client
H02605,A014,2025-11-07,,New client
H02606,A029,2025-11-04,,New client
H02607,A021,2025-11-11,,New client
H02608,A016,2025-11-16,,New client
H02609,A001,2025-11-01,,New client
H02610,A009,2025-11-08,,New client
H02611,A028,2025-12-10,,New client
H02612,A002,2025-12-02,,New client
H02613,A027,2025-12-10,,New client
H02614,A011,2025-12-05,,New client
H02615,A001,2025-12-20,,New client
H02616,A001,2025-12-11,,New client
H02617,A001,2025-12-06,,New client
H02618,A003,2025-12-20,,New client
H02619,A010,2025-12-12,,New client
H02620,A016,2025-12-10,,New client
H02621,A028,2025-12-17,,New client
H02622,A005,2025-12-15,,New client
