household_id,household_name,primary_birth_year,marital_status,state,acquisition_channel,client_since,service_tier,risk_profile,fee_schedule,negotiated_fee_bps,household_status,primary_advisor_id
H00001,Holloway Household,1958,Divorced,TX,Lakeside Acquisition (2022),2022-04-23,Premier,Moderate,Standard,,Active,A022
H00002,Eriksen Household,1954,Married,WY,CPA/Attorney Referral,2017-02-20,Core,Moderate,Standard,,Active,A014
H00003,Iverson Household,1973,Married,WY,Digital/Web,2020-11-03,Premier,Aggressive,Standard,,Active,A016
H00004,Nakamura Household,1972,Married,MA,Digital/Web,2020-03-08,Premier,Growth,Negotiated,90,Active,A001
H00005,Delgado Household,1966,Widowed,RI,Client Referral,2017-04-24,Core,Moderate,Standard,,Active,A003
H00006,Sullivan Household,1962,Divorced,IL,Digital/Web,2010-04-09,Core,Growth,Standard,,Active,A010
H00007,Callahan Household,1974,Married,TX,CPA/Attorney Referral,2012-08-06,Core,Conservative,Standard,,Active,A020
H00008,Marchetti Household,1955,Married,NV,Client Referral,2009-08-18,Core,Moderate,Standard,,Active,A026
H00009,Sullivan Household,1983,Married,WY,Digital/Web,2021-12-07,Premier,Growth,Negotiated,75,Active,A016
H00010,Quinlan Household,1959,Single,TX,Client Referral,2012-10-23,Premier,Moderate,Standard,,Active,A020
H00011,Marchetti Household,1978,Married,WY,Client Referral,2022-02-28,Core,Aggressive,Standard,,Active,A016
H00012,Delgado Household,,Married,TX,Lakeside Acquisition (2022),2022-05-11,Core,Moderate,Standard,,Closed,A023
H00013,Marchetti Household,1964,Married,MA,CPA/Attorney Referral,2017-11-23,Premier,Moderate,Negotiated,65,Active,A004
H00014,Haverford Household,1974,Single,RI,Seminar/Event,2015-05-11,Premier,Aggressive,Standard,,Active,A005
H00015,Abernathy Household,1973,Married,NC,Client Referral,2016-11-16,Premier,Growth,Standard,,Closed,A010
H00016,Whitaker Household,1990,Married,TX,Lakeside Acquisition (2022),2022-04-28,Premier,Moderate,Standard,,Active,A021
H00017,Holloway Household,1948,Married,CO,Client Referral,2020-08-08,Private Client,Conservative,Standard,,Active,A016
H00018,Brennan Household,1963,Married,NH,Client Referral,2022-09-13,Core,Conservative,Standard,,Active,A006
H00019,Radcliffe Household,1959,Married,MA,Client Referral,2022-04-30,Core,Moderate,Standard,,Closed,A003
H00020,Marchetti Household,1979,Married,CO,Client Referral,2014-01-21,Premier,Growth,Standard,,Closed,A015
H00021,Prescott Household,,Widowed,WY,CPA/Attorney Referral,2017-03-19,Premier,Growth,Standard,,Closed,A014
H00022,Gallagher Household,1953,Widowed,MA,CPA/Attorney Referral,2022-07-15,Core,Conservative,Standard,,Active,A003
H00023,Marchetti Household,1954,Married,TX,CPA/Attorney Referral,2016-11-29,Premier,Conservative,Standard,,Closed,A021
H00024,Haverford Household,1965,Married,MA,Client Referral,2012-12-19,Core,Moderate,Standard,,Active,A002
H00025,Fitzgerald Household,1955,Married,RI,Client Referral,2020-05-31,Core,Growth,Standard,,Active,A001
H00026,Callahan Household,1931,Widowed,AZ,CPA/Attorney Referral,2011-02-12,Core,Moderate,Standard,,Active,A026
H00027,Quinlan Household,1948,Widowed,IN,Client Referral,2013-08-18,Private Client,Conservative,Negotiated,65,Active,A009
H00028,Raman Household,1969,Married,NH,Client Referral,2008-05-06,Core,Moderate,Standard,,Active,A005
H00029,Haverford Household,1950,Widowed,TX,Client Referral,2015-11-04,Core,Conservative,Standard,,Active,A020
H00030,Rinaldi Household,1958,Married,AZ,Digital/Web,2017-01-17,Core,Moderate,Standard,,Active,A026
H00031,Radcliffe Household,1947,Single,CO,Client Referral,2022-01-09,Core,Conservative,Standard,,Closed,A016
H00032,Pemberton Household,1957,Married,TX,Lakeside Acquisition (2022),2022-04-29,Core,Growth,Standard,,Closed,A020
H00033,Marchetti Household,1959,Married,MA,Client Referral,2007-06-19,Core,Conservative,Standard,,Active,A001
H00034,Lindqvist Household,1957,Married,WY,Client Referral,2014-12-18,Core,Moderate,Negotiated,90,Active,A019
H00035,Gallagher Household,1969,Single,MA,Lakeside Acquisition (2022),2022-04-15,Core,Growth,Standard,,Active,A001
H00036,Novak Household,1957,Married,IL,Other,2015-02-10,Premier,Moderate,Negotiated,90,Active,A009
H00037,Whitaker Household,1965,Single,TX,Lakeside Acquisition (2022),2022-04-23,Core,Moderate,Standard,,Active,A021
H00038,Nakamura Household,1964,Single,IL,CPA/Attorney Referral,2017-02-08,Premier,Aggressive,Negotiated,90,Active,A011
H00039,Okafor Household,,Married,IL,Client Referral,2016-09-29,Core,Moderate,Standard,,Active,A010
H00040,Vasquez Household,1974,Married,CO,Client Referral,2019-12-11,Premier,Moderate,Standard,,Active,A014
H00041,Ashworth Household,1963,Single,TX,Lakeside Acquisition (2022),2022-04-14,Core,Growth,Standard,,Active,A021
H00042,Iverson Household,,Married,CO,Client Referral,2021-10-31,Core,Growth,Standard,,Active,A016
H00043,Holloway Household,1964,Married,RI,Client Referral,2014-01-15,Premier,Growth,Standard,,Active,A003
H00044,Castellano Household,,Married,MA,Client Referral,2021-12-31,Core,Growth,Standard,,Active,A005
H00045,Radcliffe Household,1981,Married,TX,Lakeside Acquisition (2022),2022-04-15,Core,Growth,Standard,,Active,A020
H00046,Holloway Household,1969,Married,TX,Digital/Web,2016-06-28,Core,Moderate,Standard,,Active,A020
H00047,Castellano Household,1965,Widowed,IL,CPA/Attorney Referral,2022-09-28,Core,Growth,Standard,,Closed,A011
H00048,Castellano Household,1983,Single,NC,Client Referral,2021-09-19,Private Client,Aggressive,Standard,,Active,A028
H00049,Prescott Household,1961,Married,CO,CPA/Attorney Referral,2013-09-20,Core,Moderate,Standard,,Active,A016
H00050,Quinlan Household,1962,Widowed,NY,CPA/Attorney Referral,2019-09-24,Premier,Moderate,Standard,,Active,A016
H00051,Kowalski Household,1970,Married,WY,Client Referral,2011-05-19,Premier,Growth,Standard,,Active,A016
H00052,Kowalski Household,1964,Divorced,RI,CPA/Attorney Referral,2012-05-13,Core,Moderate,Standard,,Closed,A005
H00053,Haverford Household,1958,Married,TX,CPA/Attorney Referral,2015-09-15,Core,Growth,Standard,,Active,A020
H00054,Quinlan Household,1949,Married,NY,CPA/Attorney Referral,2007-07-09,Premier,Moderate,Negotiated,90,Active,A026
H00055,Ashworth Household,1964,Married,CO,Client Referral,2014-01-23,Core,Growth,Standard,,Closed,A019
H00056,Ashworth Household,1976,Married,FL,Client Referral,2016-04-11,Core,Growth,Standard,,Active,A019
H00057,Kensington Household,1973,Married,AZ,Other,2016-01-12,Premier,Moderate,Standard,,Active,A026
H00058,Callahan Household,1947,Married,TX,CPA/Attorney Referral,2020-06-11,Premier,Conservative,Negotiated,90,Active,A020
H00059,Abernathy Household,1951,Divorced,MA,CPA/Attorney Referral,2015-06-08,Core,Moderate,Standard,,Active,A005
H00060,Iverson Household,1961,Married,IN,CPA/Attorney Referral,2016-05-13,Private Client,Growth,Standard,,Active,A010
H00061,Marchetti Household,1953,Married,CO,Client Referral,2020-02-26,Premier,Conservative,Standard,,Active,A018
H00062,Nakamura Household,1959,Married,MA,Client Referral,2015-10-27,Core,Moderate,Standard,,Active,A005
H00063,Pemberton Household,1961,Single,MA,Seminar/Event,2008-11-26,Core,Growth,Standard,,Active,A005
H00064,Nakamura Household,1946,Married,AZ,Client Referral,2018-10-13,Core,Aggressive,Standard,,Active,A028
H00065,Brennan Household,1984,Married,NV,CPA/Attorney Referral,2013-01-09,Core,Growth,Standard,,Active,A026
H00066,Sullivan Household,1966,Single,RI,Client Referral,2019-03-20,Premier,Growth,Standard,,Active,A002
H00067,Whitaker Household,1947,Married,CO,Client Referral,2020-09-18,Core,Growth,Standard,,Active,A018
H00068,Fitzgerald Household,,Divorced,AZ,CPA/Attorney Referral,2022-06-20,Core,Moderate,Standard,,Active,A026
H00069,Holloway Household,1961,Single,AZ,Client Referral,2009-02-15,Core,Moderate,Standard,,Active,A026
H00070,Pemberton Household,1966,Married,MA,Client Referral,2019-01-26,Core,Growth,Standard,,Active,A001
H00071,Raman Household,1959,Divorced,MA,Client Referral,2013-08-15,Core,Growth,Negotiated,75,Active,A002
H00072,Holloway Household,1977,Married,NC,Seminar/Event,2022-03-13,Premier,Growth,Standard,,Active,A029
H00073,Abernathy Household,1970,Divorced,MA,Client Referral,2014-10-12,Core,Moderate,Standard,,Active,A005
H00074,Vasquez Household,1945,Widowed,IL,Client Referral,2012-06-17,Premier,Conservative,Standard,,Closed,A008
H00075,Rinaldi Household,1961,Married,TX,Seminar/Event,2022-02-06,Premier,Growth,Standard,,Active,A021
H00076,Harrington Household,,Married,IL,Seminar/Event,2013-01-17,Premier,Aggressive,Negotiated,80,Active,A010
H00077,Vasquez Household,1962,Married,WI,CPA/Attorney Referral,2020-12-14,Core,Growth,Standard,,Active,A009
H00078,Holloway Household,1963,Married,MA,Digital/Web,2014-12-12,Private Client,Aggressive,Negotiated,80,Active,A002
H00079,Vasquez Household,1958,Divorced,TX,Lakeside Acquisition (2022),2022-05-15,Core,Moderate,Standard,,Closed,A021
H00080,Kensington Household,1963,Single,IL,Client Referral,2022-07-12,Core,Growth,Standard,,Active,A011
H00081,Montgomery Household,1959,Divorced,RI,CPA/Attorney Referral,2015-10-25,Core,Growth,Standard,,Active,A001
H00082,Chaudhry Household,1934,Divorced,MA,Client Referral,2015-04-03,Premier,Growth,Standard,,Closed,A001
H00083,Gallagher Household,1933,Single,NV,Other,2008-06-24,Core,Growth,Standard,,Active,A026
H00084,Harrington Household,1962,Single,TX,Lakeside Acquisition (2022),2022-04-03,Core,Aggressive,Standard,,Active,A020
H00085,Abernathy Household,1978,Married,MA,CPA/Attorney Referral,2020-11-08,Premier,Growth,Negotiated,75,Active,A005
H00086,Abernathy Household,1949,Widowed,MA,Seminar/Event,2018-07-01,Core,Moderate,Standard,,Active,A005
H00087,Harrington Household,1978,Married,MA,Client Referral,2020-05-04,Core,Moderate,Standard,,Active,A003
H00088,Montgomery Household,1944,Widowed,NH,Client Referral,2019-05-30,Private Client,Moderate,Standard,,Active,A001
H00089,Beaumont Household,1976,Married,RI,Digital/Web,2019-08-16,Core,Growth,Standard,,Active,A001
H00090,Montgomery Household,1956,Married,CO,Client Referral,2019-12-07,Premier,Moderate,Standard,,Active,A014
H00091,Thornton Household,1948,Widowed,AZ,Seminar/Event,2009-05-05,Private Client,Moderate,Negotiated,90,Active,A026
H00092,Chaudhry Household,1955,Married,NH,Other,2015-12-18,Core,Moderate,Standard,,Closed,A003
H00093,Moreau Household,1957,Married,NC,Client Referral,2014-03-13,Core,Growth,Standard,,Active,A020
H00094,Pemberton Household,1949,Widowed,TX,Client Referral,2021-06-25,Premier,Growth,Standard,,Active,A020
H00095,Donnelly Household,1989,Married,AZ,Client Referral,2022-01-15,Core,Growth,Standard,,Closed,A026
H00096,Donnelly Household,1948,Widowed,CO,Seminar/Event,2019-03-30,Core,Conservative,Standard,,Active,A016
H00097,Ashworth Household,1963,Married,FL,Seminar/Event,2019-07-15,Core,Conservative,Standard,,Closed,A028
H00098,Delgado Household,1961,Widowed,CO,Seminar/Event,2022-01-20,Premier,Growth,Negotiated,80,Active,A019
H00099,Thornton Household,1950,Married,NY,Client Referral,2014-04-28,Premier,Moderate,Standard,,Closed,A010
H00100,Rinaldi Household,1959,Married,TX,Lakeside Acquisition (2022),2022-04-26,Core,Aggressive,Standard,,Closed,A021
H00101,Iverson Household,1960,Married,CO,Client Referral,2014-08-17,Core,Conservative,Negotiated,80,Active,A014
H00102,Quinlan Household,1969,Married,NV,Digital/Web,2020-10-21,Premier,Growth,Standard,,Active,A027
H00103,Harrington Household,1994,Single,AZ,Client Referral,2019-03-08,Core,Aggressive,Standard,,Active,A026
H00104,Sullivan Household,1970,Married,CO,Client Referral,2020-02-18,Core,Moderate,Standard,,Active,A018
H00105,Nakamura Household,1962,Married,MA,Client Referral,2020-03-20,Premier,Growth,Negotiated,90,Active,A004
H00106,Callahan Household,1947,Widowed,NV,Client Referral,2020-02-20,Premier,Conservative,Standard,,Active,A027
H00107,Whitaker Household,1971,Married,MA,Client Referral,2019-01-23,Premier,Growth,Negotiated,75,Active,A002
H00108,Callahan Household,1953,Married,CO,Client Referral,2020-05-23,Core,Moderate,Negotiated,75,Active,A018
H00109,Quinlan Household,1963,Single,MA,Client Referral,2014-07-04,Core,Moderate,Standard,,Active,A005
H00110,Donnelly Household,1961,Married,MA,CPA/Attorney Referral,2007-07-23,Core,Growth,Standard,,Active,A001
H00111,Haverford Household,1967,Married,RI,CPA/Attorney Referral,2014-02-21,Core,Growth,Standard,,Active,A002
H00112,Novak Household,1955,Divorced,CO,Client Referral,2016-07-24,Core,Moderate,Standard,,Closed,A019
H00113,Eriksen Household,1948,Divorced,TX,Lakeside Acquisition (2022),2022-04-06,Core,Growth,Standard,,Active,A020
H00114,Castellano Household,1974,Single,MA,Seminar/Event,2017-11-10,Core,Moderate,Standard,,Active,A004
H00115,Montgomery Household,1970,Married,MA,CPA/Attorney Referral,2015-01-13,Private Client,Moderate,Standard,,Active,A001
H00116,Haverford Household,1957,Married,WY,Client Referral,2022-04-16,Core,Growth,Standard,,Active,A016
H00117,Brennan Household,1951,Married,IL,Client Referral,2015-04-07,Core,Moderate,Standard,,Closed,A010
H00118,Chaudhry Household,1950,Married,CO,CPA/Attorney Referral,2019-05-14,Premier,Growth,Standard,,Active,A016
H00119,Fitzgerald Household,1961,Married,AZ,CPA/Attorney Referral,2020-02-23,Core,Conservative,Standard,,Active,A026
H00120,Moreau Household,1956,Married,FL,Client Referral,2017-05-28,Premier,Growth,Standard,,Closed,A019
H00121,Holloway Household,1955,Divorced,TX,CPA/Attorney Referral,2021-03-14,Core,Conservative,Standard,,Active,A021
H00122,Marchetti Household,1973,Married,TX,Lakeside Acquisition (2022),2022-05-13,Premier,Aggressive,Negotiated,90,Active,A020
H00123,Nakamura Household,1960,Married,AZ,Client Referral,2021-05-29,Core,Moderate,Standard,,Active,A026
H00124,Fitzgerald Household,1988,Married,CO,Client Referral,2020-08-18,Core,Aggressive,Standard,,Active,A018
H00125,Gallagher Household,1951,Married,TX,Lakeside Acquisition (2022),2022-04-29,Core,Moderate,Standard,,Active,A020
H00126,Nakamura Household,1967,Married,MA,Client Referral,2012-03-01,Premier,Growth,Standard,,Active,A002
H00127,Donnelly Household,1963,Divorced,MA,Seminar/Event,2015-06-18,Premier,Growth,Negotiated,80,Active,A001
H00128,Montgomery Household,1969,Divorced,MA,Client Referral,2011-06-26,Core,Moderate,Standard,,Active,A001
H00129,Nakamura Household,1960,Married,TX,Lakeside Acquisition (2022),2022-05-01,Premier,Conservative,Standard,,Active,A021
H00130,Prescott Household,1974,Married,MA,CPA/Attorney Referral,2014-01-16,Premier,Aggressive,Negotiated,75,Active,A002
H00131,Novak Household,1946,Divorced,AZ,Digital/Web,2013-11-13,Core,Moderate,Standard,,Closed,A025
H00132,Okafor Household,1965,Single,NH,CPA/Attorney Referral,2010-10-14,Premier,Moderate,Negotiated,90,Active,A005
H00133,Castellano Household,1957,Married,IN,CPA/Attorney Referral,2022-06-13,Core,Growth,Standard,,Active,A011
H00134,Holloway Household,1971,Married,WY,Client Referral,2022-04-22,Core,Growth,Standard,,Active,A017
H00135,Vasquez Household,1950,Divorced,TX,Lakeside Acquisition (2022),2022-04-03,Core,Conservative,Standard,,Active,A020
H00136,Lindqvist Household,1960,Married,FL,Other,2020-09-10,Core,Growth,Standard,,Active,A010
H00137,Pemberton Household,1963,Married,AZ,Seminar/Event,2018-07-23,Premier,Growth,Standard,,Active,A026
H00138,Chaudhry Household,1951,Married,TX,Lakeside Acquisition (2022),2022-04-11,Premier,Moderate,Negotiated,65,Active,A022
H00139,Abernathy Household,1944,Divorced,MA,CPA/Attorney Referral,2007-11-27,Core,Growth,Standard,,Active,A001
H00140,Kensington Household,1965,Married,TX,Lakeside Acquisition (2022),2022-05-13,Core,Moderate,Standard,,Active,A022
H00141,Thornton Household,1968,Married,MA,Client Referral,2020-06-19,Premier,Growth,Standard,,Active,A004
H00142,Sullivan Household,1971,Married,MA,Client Referral,2014-04-11,Premier,Growth,Standard,,Active,A002
H00143,Kensington Household,1952,Married,NH,CPA/Attorney Referral,2015-01-19,Premier,Moderate,Negotiated,75,Closed,A005
H00144,Vasquez Household,1961,Divorced,NH,Client Referral,2016-03-04,Premier,Growth,Standard,,Active,A005
H00145,Moreau Household,1949,Married,MA,Client Referral,2006-09-07,Premier,Moderate,Standard,,Active,A001
H00146,Rinaldi Household,1950,Married,IL,Client Referral,2010-02-25,Premier,Moderate,Standard,,Closed,A010
H00147,Larkin Household,1956,Married,RI,Other,2016-07-26,Premier,Aggressive,Standard,,Active,A003
H00148,Eriksen Household,1949,Single,RI,Client Referral,2017-11-17,Premier,Growth,Standard,,Closed,A002
H00149,Pemberton Household,1970,Married,MA,Seminar/Event,2009-04-24,Premier,Moderate,Standard,,Active,A005
H00150,Beaumont Household,1963,Married,FL,Client Referral,2012-04-05,Core,Conservative,Standard,,Closed,A025
H00151,Moreau Household,1964,Divorced,AZ,CPA/Attorney Referral,2022-01-17,Core,Aggressive,Standard,,Active,A026
H00152,Harrington Household,1961,Married,AZ,Seminar/Event,2015-02-06,Core,Moderate,Standard,,Active,A026
H00153,Prescott Household,1973,Married,AZ,Client Referral,2016-09-24,Core,Moderate,Standard,,Active,A026
H00154,Eriksen Household,1956,Married,RI,Client Referral,2009-04-28,Core,Moderate,Standard,,Active,A005
H00155,Sullivan Household,1982,Divorced,TX,Lakeside Acquisition (2022),2022-04-10,Core,Moderate,Standard,,Active,A022
H00156,Fitzgerald Household,1987,Married,IL,Client Referral,2018-09-23,Premier,Aggressive,Negotiated,80,Active,A012
H00157,Pemberton Household,1979,Widowed,IN,Client Referral,2015-05-03,Core,Aggressive,Standard,,Active,A009
H00158,Abernathy Household,1953,Married,RI,Client Referral,2021-11-10,Core,Conservative,Standard,,Active,A005
H00159,Marchetti Household,1957,Single,TX,Lakeside Acquisition (2022),2022-04-18,Core,Conservative,Standard,,Active,A022
H00160,Holloway Household,1952,Married,IL,Client Referral,2016-04-14,Core,Conservative,Standard,,Active,A010
H00161,Nakamura Household,1960,Married,AZ,Lakeside Acquisition (2022),2022-04-27,Core,Growth,Standard,,Closed,A027
H00162,Callahan Household,1959,Married,TX,Lakeside Acquisition (2022),2022-05-01,Premier,Growth,Standard,,Active,A020
H00163,Callahan Household,1966,Single,TX,Lakeside Acquisition (2022),2022-04-07,Core,Aggressive,Negotiated,65,Active,A021
H00164,Eriksen Household,1970,Single,MA,CPA/Attorney Referral,2017-01-30,Core,Growth,Standard,,Active,A004
H00165,Harrington Household,1955,Divorced,CO,Seminar/Event,2012-09-15,Core,Moderate,Standard,,Active,A016
H00166,Okafor Household,,Married,MA,Client Referral,2017-06-18,Core,Growth,Standard,,Active,A005
H00167,Holloway Household,1961,Married,CO,Client Referral,2016-09-03,Premier,Moderate,Negotiated,90,Active,A016
H00168,Lindqvist Household,1956,Divorced,WY,Digital/Web,2017-09-03,Core,Moderate,Standard,,Active,A014
H00169,Radcliffe Household,1969,Married,CO,Client Referral,2017-04-01,Premier,Aggressive,Standard,,Active,A016
H00170,Pemberton Household,1969,Divorced,TX,Lakeside Acquisition (2022),2022-04-23,Core,Moderate,Standard,,Active,A020
H00171,Iverson Household,1962,Widowed,AZ,Client Referral,2011-11-08,Premier,Conservative,Standard,,Active,A026
H00172,Eriksen Household,1975,Married,TX,Lakeside Acquisition (2022),2022-04-30,Core,Growth,Standard,,Active,A021
H00173,Vasquez Household,1968,Married,MA,Client Referral,2011-01-05,Premier,Aggressive,Standard,,Active,A001
H00174,Larkin Household,1958,Widowed,RI,Client Referral,2009-06-20,Premier,Moderate,Standard,,Active,A001
H00175,Kensington Household,1951,Divorced,TX,Client Referral,2018-03-11,Core,Growth,Standard,,Active,A021
H00176,Raman Household,1954,Single,NV,CPA/Attorney Referral,2019-07-02,Core,Moderate,Standard,,Active,A028
H00177,Vasquez Household,1964,Married,RI,Client Referral,2010-12-03,Premier,Growth,Negotiated,90,Active,A005
H00178,Thornton Household,1966,Married,IL,Client Referral,2014-10-07,Core,Aggressive,Standard,,Closed,A012
H00179,Raman Household,1966,Married,CO,Client Referral,2018-05-30,Premier,Conservative,Negotiated,65,Active,A016
H00180,Beaumont Household,1966,Single,TX,Seminar/Event,2017-05-10,Premier,Growth,Standard,,Active,A020
H00181,Brennan Household,1968,Married,TX,Client Referral,2015-09-13,Premier,Conservative,Standard,,Active,A020
H00182,Fitzgerald Household,1955,Married,FL,Other,2015-07-21,Premier,Growth,Standard,,Active,A005
H00183,Radcliffe Household,1976,Married,NH,CPA/Attorney Referral,2012-10-28,Premier,Growth,Negotiated,90,Active,A005
H00184,Sullivan Household,1976,Married,CO,Seminar/Event,2017-07-13,Premier,Moderate,Negotiated,65,Active,A014
H00185,Prescott Household,1948,Married,WI,CPA/Attorney Referral,2015-09-09,Premier,Moderate,Standard,,Active,A009
H00186,Callahan Household,1975,Married,MA,Client Referral,2018-01-21,Premier,Moderate,Standard,,Active,A001
H00187,Vasquez Household,1977,Married,FL,CPA/Attorney Referral,2021-09-19,Core,Aggressive,Standard,,Active,A004
H00188,Vasquez Household,1967,Married,NH,CPA/Attorney Referral,2016-12-18,Core,Moderate,Standard,,Active,A003
H00189,Sullivan Household,1945,Married,NH,Client Referral,2016-02-03,Core,Moderate,Standard,,Active,A001
H00190,Harrington Household,1976,Single,NV,Client Referral,2012-02-11,Core,Moderate,Standard,,Active,A026
H00191,Holloway Household,1971,Single,AZ,Client Referral,2019-06-23,Private Client,Moderate,Standard,,Active,A028
H00192,Whitaker Household,1968,Married,MA,Client Referral,2014-08-26,Core,Growth,Standard,,Active,A002
H00193,Brennan Household,1962,Married,IN,Digital/Web,2010-06-20,Core,Growth,Standard,,Active,A010
H00194,Beaumont Household,1963,Married,TX,CPA/Attorney Referral,2021-12-07,Core,Moderate,Standard,,Active,A020
H00195,Quinlan Household,1950,Divorced,CO,Digital/Web,2021-08-31,Premier,Conservative,Standard,,Active,A019
H00196,Okafor Household,1951,Married,AZ,Client Referral,2018-03-31,Premier,Moderate,Standard,,Active,A027
H00197,Abernathy Household,1956,Married,FL,Lakeside Acquisition (2022),2022-05-04,Core,Moderate,Standard,,Active,A021
H00198,Delgado Household,1963,Married,TX,Lakeside Acquisition (2022),2022-04-12,Core,Moderate,Standard,,Active,A020
H00199,Beaumont Household,1966,Married,RI,CPA/Attorney Referral,2013-02-02,Premier,Conservative,Standard,,Active,A002
H00200,Delgado Household,1961,Married,CA,Digital/Web,2017-12-16,Core,Moderate,Standard,,Active,A020
H00201,Whitaker Household,1940,Married,MA,Client Referral,2016-06-16,Core,Conservative,Standard,,Active,A005
H00202,Prescott Household,1960,Divorced,IL,Seminar/Event,2015-08-31,Core,Conservative,Standard,,Closed,A010
H00203,Castellano Household,1949,Married,MA,CPA/Attorney Referral,2013-05-16,Core,Moderate,Standard,,Active,A005
H00204,Rinaldi Household,1954,Married,TX,Lakeside Acquisition (2022),2022-04-19,Core,Growth,Standard,,Active,A021
H00205,Quinlan Household,1976,Married,WI,CPA/Attorney Referral,2012-07-30,Core,Growth,Standard,,Active,A012
H00206,Iverson Household,1971,Married,IL,Client Referral,2019-09-06,Core,Aggressive,Standard,,Active,A009
H00207,Lindqvist Household,1956,Single,CO,CPA/Attorney Referral,2019-10-30,Premier,Growth,Negotiated,75,Active,A016
H00208,Callahan Household,1966,Married,MA,Other,2018-08-30,Core,Conservative,Standard,,Active,A002
H00209,Thornton Household,1965,Married,RI,Client Referral,2014-07-16,Core,Growth,Standard,,Active,A001
H00210,Quinlan Household,1953,Single,IL,CPA/Attorney Referral,2015-09-20,Private Client,Growth,Standard,,Active,A012
H00211,Fitzgerald Household,1961,Single,CO,Client Referral,2021-10-22,Premier,Moderate,Standard,,Closed,A016
H00212,Holloway Household,1976,Married,TX,Client Referral,2013-12-08,Premier,Moderate,Standard,,Active,A020
H00213,Okafor Household,1952,Married,IL,Seminar/Event,2016-09-15,Core,Growth,Standard,,Active,A010
H00214,Eriksen Household,1969,Married,CO,CPA/Attorney Referral,2014-02-23,Premier,Growth,Standard,,Active,A014
H00215,Fitzgerald Household,1967,Widowed,IN,CPA/Attorney Referral,2021-12-06,Core,Growth,Standard,,Closed,A010
H00216,Eriksen Household,1978,Widowed,TX,Lakeside Acquisition (2022),2022-04-03,Core,Growth,Standard,,Closed,A021
H00217,Raman Household,1981,Married,CO,CPA/Attorney Referral,2010-07-24,Premier,Growth,Negotiated,65,Active,A016
H00218,Callahan Household,1955,Single,WY,Client Referral,2018-10-26,Premier,Growth,Standard,,Active,A014
H00219,Harrington Household,1963,Married,AZ,Seminar/Event,2007-06-28,Core,Moderate,Standard,,Active,A026
H00220,Raman Household,1965,Married,MA,Client Referral,2017-09-17,Core,Growth,Negotiated,80,Active,A001
H00221,Iverson Household,1960,Married,NC,Other,2017-07-03,Premier,Growth,Standard,,Active,A026
H00222,Quinlan Household,1958,Single,WI,Client Referral,2021-08-11,Premier,Conservative,Negotiated,65,Active,A012
H00223,Rinaldi Household,1952,Married,TX,Client Referral,2018-07-08,Core,Growth,Standard,,Active,A021
H00224,Abernathy Household,1966,Widowed,NC,Digital/Web,2017-03-24,Premier,Conservative,Standard,,Closed,A020
H00225,Radcliffe Household,1954,Married,NV,CPA/Attorney Referral,2012-08-15,Core,Conservative,Standard,,Closed,A026
H00226,Donnelly Household,1955,Divorced,CO,Digital/Web,2015-05-30,Core,Moderate,Standard,,Closed,A014
H00227,Rinaldi Household,1978,Married,TX,Lakeside Acquisition (2022),2022-05-10,Core,Growth,Standard,,Active,A022
H00228,Whitaker Household,1978,Married,CO,Client Referral,2020-04-24,Premier,Moderate,Standard,,Active,A016
H00229,Moreau Household,1975,Married,FL,Other,2017-02-11,Core,Growth,Standard,,Closed,A003
H00230,Okafor Household,1943,Married,NH,Digital/Web,2018-04-07,Premier,Moderate,Standard,,Active,A001
H00231,Prescott Household,1978,Divorced,MA,Client Referral,2021-04-11,Core,Growth,Standard,,Active,A004
H00232,Donnelly Household,1942,Divorced,NC,Seminar/Event,2020-08-02,Core,Conservative,Standard,,Active,A002
H00233,Chaudhry Household,1994,Divorced,TX,Client Referral,2014-11-27,Premier,Moderate,Standard,,Active,A020
H00234,Marchetti Household,,Married,MA,Client Referral,2012-10-25,Premier,Moderate,Standard,,Active,A005
H00235,Kensington Household,1955,Married,IN,Client Referral,2011-05-17,Core,Conservative,Standard,,Closed,A010
H00236,Novak Household,1947,Widowed,NC,Client Referral,2020-09-06,Core,Moderate,Standard,,Active,A009
H00237,Brennan Household,1953,Married,TX,Seminar/Event,2015-12-22,Core,Conservative,Standard,,Active,A020
H00238,Kensington Household,1965,Widowed,NH,Digital/Web,2011-03-30,Core,Conservative,Standard,,Active,A001
H00239,Eriksen Household,1962,Married,TX,Client Referral,2016-10-24,Core,Conservative,Standard,,Active,A021
H00240,Whitaker Household,1955,Divorced,WY,Client Referral,2022-05-08,Premier,Moderate,Standard,,Active,A014
H00241,Radcliffe Household,,Single,NH,Client Referral,2014-12-23,Core,Aggressive,Standard,,Active,A002
H00242,Lindqvist Household,1966,Married,RI,Digital/Web,2022-06-06,Core,Growth,Standard,,Active,A001
H00243,Beaumont Household,1960,Single,CO,Client Referral,2021-01-20,Core,Moderate,Standard,,Active,A019
H00244,Brennan Household,1965,Single,AZ,Digital/Web,2013-01-20,Core,Moderate,Standard,,Active,A026
H00245,Donnelly Household,1961,Married,CO,CPA/Attorney Referral,2013-02-11,Premier,Conservative,Negotiated,80,Active,A014
H00246,Kensington Household,1965,Divorced,IL,Client Referral,2020-12-17,Core,Conservative,Standard,,Closed,A010
H00247,Ashworth Household,1950,Widowed,MA,Client Referral,2014-04-14,Premier,Moderate,Standard,,Active,A001
H00248,Donnelly Household,1949,Married,IL,Client Referral,2014-11-28,Premier,Conservative,Negotiated,65,Active,A009
H00249,Nakamura Household,1943,Widowed,RI,Digital/Web,2020-01-30,Premier,Conservative,Standard,,Active,A003
H00250,Abernathy Household,1970,Married,TX,Client Referral,2018-11-22,Core,Growth,Standard,,Active,A021
H00251,Eriksen Household,1973,Married,TX,Lakeside Acquisition (2022),2022-05-07,Core,Growth,Negotiated,80,Active,A022
H00252,Castellano Household,1955,Married,CA,CPA/Attorney Referral,2022-06-09,Premier,Moderate,Standard,,Active,A016
H00253,Callahan Household,1952,Single,CA,Client Referral,2020-02-15,Premier,Moderate,Standard,,Active,A011
H00254,Kowalski Household,1938,Single,TX,Lakeside Acquisition (2022),2022-04-12,Core,Conservative,Standard,,Active,A020
H00255,Holloway Household,1973,Widowed,WI,Client Referral,2020-05-21,Core,Growth,Standard,,Active,A011
H00256,Abernathy Household,1958,Married,AZ,Client Referral,2018-09-01,Core,Moderate,Negotiated,90,Active,A028
H00257,Okafor Household,1957,Married,TX,Lakeside Acquisition (2022),2022-04-18,Core,Growth,Standard,,Active,A021
H00258,Donnelly Household,1955,Married,WI,Other,2020-11-02,Premier,Moderate,Negotiated,65,Active,A011
H00259,Holloway Household,1933,Divorced,TX,Lakeside Acquisition (2022),2022-04-17,Core,Conservative,Standard,,Closed,A021
H00260,Harrington Household,1983,Married,WY,Client Referral,2010-12-02,Core,Aggressive,Standard,,Closed,A019
H00261,Callahan Household,1966,Single,IL,Client Referral,2018-04-07,Core,Moderate,Standard,,Active,A010
H00262,Abernathy Household,1944,Widowed,IL,Client Referral,2018-10-29,Premier,Moderate,Negotiated,75,Active,A010
H00263,Vasquez Household,1964,Widowed,CA,Lakeside Acquisition (2022),2022-04-26,Premier,Moderate,Negotiated,65,Active,A020
H00264,Abernathy Household,1951,Divorced,AZ,CPA/Attorney Referral,2016-02-20,Premier,Moderate,Standard,,Active,A026
H00265,Nakamura Household,1982,Married,IL,Seminar/Event,2021-09-15,Core,Moderate,Standard,,Active,A009
H00266,Rinaldi Household,1947,Widowed,CO,Client Referral,2015-01-03,Core,Conservative,Standard,,Active,A014
H00267,Donnelly Household,1970,Married,MA,CPA/Attorney Referral,2010-10-11,Core,Moderate,Standard,,Active,A005
H00268,Ashworth Household,1951,Widowed,MA,CPA/Attorney Referral,2014-07-21,Core,Growth,Standard,,Active,A003
H00269,Marchetti Household,1951,Divorced,IL,Digital/Web,2022-05-02,Premier,Conservative,Negotiated,90,Closed,A012
H00270,Marchetti Household,1955,Divorced,MA,Seminar/Event,2015-07-09,Premier,Conservative,Standard,,Active,A005
H00271,Kensington Household,1963,Married,FL,Client Referral,2022-10-02,Core,Conservative,Standard,,Active,A003
H00272,Sullivan Household,1949,Married,TX,Lakeside Acquisition (2022),2022-05-10,Core,Conservative,Standard,,Active,A021
H00273,Kowalski Household,1954,Married,RI,Other,2015-09-21,Core,Moderate,Standard,,Active,A005
H00274,Marchetti Household,1968,Married,WI,Client Referral,2022-04-07,Premier,Moderate,Standard,,Closed,A009
H00275,Nakamura Household,1943,Single,AZ,Client Referral,2007-10-12,Core,Moderate,Standard,,Active,A026
H00276,Larkin Household,1954,Widowed,TX,Client Referral,2014-06-22,Core,Growth,Standard,,Active,A020
H00277,Larkin Household,1969,Married,TX,Lakeside Acquisition (2022),2022-04-03,Core,Moderate,Standard,,Active,A020
H00278,Sullivan Household,1951,Married,NV,Client Referral,2020-11-26,Premier,Moderate,Negotiated,90,Active,A026
H00279,Beaumont Household,1945,Single,MA,Client Referral,2020-07-12,Core,Conservative,Standard,,Active,A001
H00280,Fitzgerald Household,1962,Married,MA,Client Referral,2020-07-16,Core,Moderate,Standard,,Active,A005
H00281,Donnelly Household,1955,Married,IL,CPA/Attorney Referral,2015-10-25,Core,Moderate,Standard,,Active,A010
H00282,Moreau Household,1960,Single,CA,Client Referral,2013-12-19,Premier,Aggressive,Negotiated,75,Active,A026
H00283,Iverson Household,,Single,MA,CPA/Attorney Referral,2009-05-13,Premier,Conservative,Negotiated,75,Active,A005
H00284,Brennan Household,1954,Married,TX,CPA/Attorney Referral,2019-07-27,Core,Growth,Standard,,Active,A020
H00285,Montgomery Household,1955,Married,FL,Client Referral,2021-10-07,Core,Conservative,Standard,,Active,A005
H00286,Holloway Household,1953,Married,CO,Other,2022-06-16,Premier,Growth,Standard,,Active,A014
H00287,Quinlan Household,1968,Married,AZ,Seminar/Event,2017-08-11,Core,Aggressive,Standard,,Active,A027
H00288,Kensington Household,1947,Married,FL,Client Referral,2011-06-25,Premier,Growth,Standard,,Closed,A026
H00289,Sullivan Household,1980,Married,AZ,Client Referral,2015-12-13,Core,Growth,Standard,,Active,A027
H00290,Marchetti Household,1946,Married,TX,Lakeside Acquisition (2022),2022-04-25,Core,Conservative,Standard,,Active,A022
H00291,Holloway Household,1950,Widowed,MA,CPA/Attorney Referral,2016-03-28,Core,Moderate,Standard,,Active,A005
H00292,Okafor Household,1946,Widowed,MA,CPA/Attorney Referral,2019-09-21,Premier,Moderate,Standard,,Closed,A001
H00293,Moreau Household,1986,Married,AZ,Client Referral,2015-01-11,Premier,Moderate,Standard,,Active,A026
H00294,Gallagher Household,1943,Married,WY,CPA/Attorney Referral,2019-09-25,Premier,Moderate,Standard,,Active,A019
H00295,Donnelly Household,1963,Married,TX,Lakeside Acquisition (2022),2022-04-01,Core,Moderate,Standard,,Active,A020
H00296,Larkin Household,1970,Married,MA,Seminar/Event,2007-09-16,Core,Growth,Standard,,Active,A001
H00297,Vasquez Household,1968,Married,IL,Seminar/Event,2014-06-25,Core,Growth,Standard,,Active,A010
H00298,Gallagher Household,,Married,TX,Seminar/Event,2017-05-15,Core,Growth,Negotiated,65,Active,A020
H00299,Fitzgerald Household,1974,Single,TX,Seminar/Event,2013-11-20,Core,Conservative,Standard,,Active,A020
H00300,Quinlan Household,1955,Single,IL,CPA/Attorney Referral,2016-02-08,Premier,Aggressive,Standard,,Active,A009
H00301,Novak Household,1969,Married,WI,Client Referral,2018-01-30,Core,Moderate,Standard,,Active,A011
H00302,Vasquez Household,1965,Married,TX,Lakeside Acquisition (2022),2022-04-19,Premier,Moderate,Negotiated,80,Active,A022
H00303,Kensington Household,1981,Married,MA,Seminar/Event,2016-04-23,Core,Growth,Standard,,Active,A001
H00304,Vasquez Household,1951,Married,NY,Digital/Web,2022-07-04,Core,Conservative,Standard,,Active,A001
H00305,Beaumont Household,1966,Married,MA,Client Referral,2016-10-12,Premier,Growth,Standard,,Active,A002
H00306,Chaudhry Household,1947,Married,IL,Client Referral,2018-04-11,Core,Moderate,Standard,,Active,A009
H00307,Fitzgerald Household,1943,Widowed,CO,CPA/Attorney Referral,2015-02-04,Private Client,Moderate,Standard,,Active,A019
H00308,Haverford Household,1965,Single,TX,Lakeside Acquisition (2022),2022-05-05,Core,Growth,Standard,,Active,A022
H00309,Thornton Household,1945,Married,RI,Client Referral,2020-04-13,Core,Moderate,Standard,,Active,A002
H00310,Thornton Household,1963,Married,NC,Client Referral,2020-01-06,Core,Moderate,Standard,,Active,A021
H00311,Raman Household,1956,Divorced,MA,Client Referral,2022-03-07,Premier,Growth,Standard,,Active,A004
H00312,Haverford Household,1967,Single,TX,Seminar/Event,2017-01-15,Premier,Conservative,Negotiated,90,Active,A021
H00313,Chaudhry Household,1944,Married,NH,Client Referral,2010-05-29,Core,Moderate,Standard,,Active,A005
H00314,Brennan Household,1938,Divorced,TX,Client Referral,2019-07-27,Core,Conservative,Standard,,Closed,A021
H00315,Beaumont Household,1937,Widowed,WI,Digital/Web,2020-08-10,Core,Moderate,Standard,,Active,A010
H00316,Pemberton Household,1974,Married,MA,CPA/Attorney Referral,2015-06-17,Premier,Growth,Negotiated,75,Active,A002
H00317,Sullivan Household,1971,Married,IL,Digital/Web,2022-09-19,Premier,Growth,Standard,,Closed,A011
H00318,Castellano Household,1963,Single,TX,Lakeside Acquisition (2022),2022-05-11,Premier,Conservative,Standard,,Active,A020
H00319,Prescott Household,1954,Married,CA,Digital/Web,2017-02-18,Core,Growth,Standard,,Active,A020
H00320,Castellano Household,1950,Widowed,AZ,Client Referral,2014-12-29,Core,Aggressive,Standard,,Active,A026
H00321,Okafor Household,1960,Divorced,MA,Digital/Web,2015-08-14,Core,Growth,Standard,,Active,A005
H00322,Brennan Household,1974,Married,IL,Client Referral,2011-11-15,Premier,Growth,Negotiated,75,Active,A011
H00323,Iverson Household,1964,Married,NH,Seminar/Event,2015-01-03,Core,Moderate,Standard,,Active,A005
H00324,Brennan Household,1962,Married,MA,CPA/Attorney Referral,2017-01-04,Private Client,Conservative,Standard,,Active,A004
H00325,Gallagher Household,1976,Divorced,CO,Client Referral,2021-09-16,Core,Aggressive,Standard,,Active,A016
H00326,Marchetti Household,1980,Married,AZ,Client Referral,2019-10-11,Core,Moderate,Standard,,Active,A026
H00327,Quinlan Household,1960,Single,TX,Digital/Web,2016-05-23,Core,Moderate,Standard,,Active,A021
H00328,Nakamura Household,1968,Married,WI,CPA/Attorney Referral,2013-11-12,Core,Growth,Standard,,Active,A011
H00329,Prescott Household,1954,Single,TX,Lakeside Acquisition (2022),2022-04-07,Core,Moderate,Standard,,Active,A021
H00330,Abernathy Household,1951,Single,TX,Lakeside Acquisition (2022),2022-05-13,Core,Moderate,Standard,,Active,A023
H00331,Brennan Household,1961,Divorced,TX,Client Referral,2017-11-25,Core,Growth,Standard,,Active,A020
H00332,Kowalski Household,1956,Married,IL,Client Referral,2017-07-18,Premier,Conservative,Negotiated,75,Active,A010
H00333,Haverford Household,1967,Married,MA,CPA/Attorney Referral,2007-09-14,Premier,Growth,Standard,,Active,A001
H00334,Thornton Household,1960,Married,MA,Client Referral,2010-03-20,Premier,Moderate,Negotiated,75,Active,A001
H00335,Donnelly Household,1959,Married,RI,CPA/Attorney Referral,2022-01-09,Core,Moderate,Standard,,Active,A001
H00336,Nakamura Household,1967,Married,AZ,Digital/Web,2013-12-13,Core,Moderate,Standard,,Active,A026
H00337,Harrington Household,1948,Widowed,AZ,Seminar/Event,2019-06-10,Core,Moderate,Negotiated,75,Active,A028
H00338,Raman Household,1963,Widowed,NV,Seminar/Event,2013-01-15,Core,Growth,Standard,,Active,A026
H00339,Raman Household,1974,Divorced,CA,Client Referral,2022-02-07,Core,Growth,Standard,,Active,A010
H00340,Raman Household,1974,Married,CO,CPA/Attorney Referral,2021-04-28,Premier,Moderate,Standard,,Active,A019
H00341,Rinaldi Household,1971,Married,WY,Client Referral,2013-10-23,Core,Moderate,Standard,,Active,A014
H00342,Holloway Household,1977,Divorced,NH,Client Referral,2014-06-11,Core,Growth,Standard,,Active,A003
H00343,Haverford Household,1971,Married,IL,Client Referral,2021-05-30,Premier,Moderate,Standard,,Active,A009
H00344,Nakamura Household,1973,Single,WY,Digital/Web,2015-10-26,Core,Growth,Standard,,Active,A016
H00345,Thornton Household,1976,Single,IL,Client Referral,2017-02-28,Core,Growth,Standard,,Active,A011
H00346,Vasquez Household,1963,Married,TX,Lakeside Acquisition (2022),2022-05-05,Core,Aggressive,Standard,,Closed,A022
H00347,Gallagher Household,1967,Married,WY,CPA/Attorney Referral,2019-11-16,Premier,Growth,Negotiated,65,Active,A016
H00348,Quinlan Household,1900,Married,TX,CPA/Attorney Referral,2014-04-07,Core,Moderate,Standard,,Active,A020
H00349,Chaudhry Household,1935,Widowed,TX,Lakeside Acquisition (2022),2022-05-08,Premier,Conservative,Standard,,Active,A022
H00350,Sullivan Household,1962,Married,WI,Client Referral,2010-07-06,Premier,Moderate,Standard,,Active,A011
H00351,Vasquez Household,1985,Married,MA,Client Referral,2008-11-19,Premier,Growth,Negotiated,80,Active,A001
H00352,Lindqvist Household,1956,Widowed,MA,Seminar/Event,2014-10-07,Premier,Growth,Standard,,Active,A001
H00353,Montgomery Household,1942,Married,MA,Client Referral,2021-12-10,Premier,Conservative,Negotiated,80,Active,A004
H00354,Sullivan Household,1966,Married,TX,Lakeside Acquisition (2022),2022-04-13,Core,Moderate,Standard,,Closed,A022
H00355,Rinaldi Household,1943,Married,CO,Client Referral,2020-02-01,Private Client,Growth,Negotiated,90,Closed,A016
H00356,Brennan Household,1955,Married,IN,Client Referral,2017-06-13,Premier,Conservative,Standard,,Active,A010
H00357,Whitaker Household,1960,Married,TX,Lakeside Acquisition (2022),2022-05-03,Core,Moderate,Standard,,Closed,A023
H00358,Radcliffe Household,1961,Married,TX,Lakeside Acquisition (2022),2022-04-20,Core,Growth,Standard,,Active,A020
H00359,Haverford Household,1976,Married,CO,CPA/Attorney Referral,2021-09-19,Core,Growth,Standard,,Active,A016
H00360,Delgado Household,1970,Married,IN,Seminar/Event,2013-04-09,Core,Conservative,Standard,,Active,A012
H00361,Novak Household,1954,Single,NH,Client Referral,2009-02-14,Core,Growth,Standard,,Active,A001
H00362,Okafor Household,1962,Married,AZ,Lakeside Acquisition (2022),2022-04-06,Core,Moderate,Standard,,Active,A026
H00363,Okafor Household,1980,Married,AZ,Client Referral,2016-10-02,Premier,Moderate,Standard,,Active,A026
H00364,Novak Household,1956,Married,NC,Other,2011-01-22,Core,Moderate,Standard,,Active,A001
H00365,Fitzgerald Household,1988,Married,IN,Client Referral,2022-10-02,Core,Moderate,Standard,,Active,A009
H00366,Harrington Household,1981,Married,NH,CPA/Attorney Referral,2022-04-06,Core,Aggressive,Standard,,Active,A004
H00367,Holloway Household,1959,Married,AZ,Seminar/Event,2009-01-28,Premier,Growth,Negotiated,75,Active,A026
H00368,Okafor Household,1965,Married,MA,Seminar/Event,2019-07-09,Core,Growth,Standard,,Active,A004
H00369,Kowalski Household,1962,Married,CO,Client Referral,2022-03-30,Core,Growth,Negotiated,90,Closed,A016
H00370,Ashworth Household,1950,Married,IL,Lakeside Acquisition (2022),2022-04-27,Core,Conservative,Standard,,Active,A011
H00371,Delgado Household,1963,Married,WY,CPA/Attorney Referral,2022-01-21,Core,Moderate,Standard,,Active,A018
H00372,Iverson Household,1966,Single,RI,Client Referral,2021-04-05,Premier,Moderate,Negotiated,90,Active,A002
H00373,Haverford Household,,Married,MA,Other,2017-07-01,Core,Growth,Standard,,Active,A002
H00374,Quinlan Household,1953,Married,AZ,CPA/Attorney Referral,2009-04-07,Premier,Growth,Standard,,Active,A026
H00375,Marchetti Household,1960,Single,NV,Digital/Web,2015-02-28,Private Client,Conservative,Standard,,Active,A027
H00376,Raman Household,1955,Widowed,TX,Seminar/Event,2021-12-16,Core,Moderate,Standard,,Active,A020
H00377,Moreau Household,1959,Married,AZ,Client Referral,2021-10-07,Core,Growth,Standard,,Active,A029
H00378,Raman Household,1968,Married,WY,Seminar/Event,2014-09-20,Core,Conservative,Standard,,Active,A014
H00379,Montgomery Household,1967,Married,AZ,Client Referral,2020-07-08,Premier,Growth,Negotiated,80,Active,A027
H00380,Delgado Household,1982,Divorced,MA,Digital/Web,2009-05-17,Premier,Aggressive,Standard,,Active,A001
H00381,Whitaker Household,,Divorced,IL,Client Referral,2016-11-03,Premier,Conservative,Standard,,Active,A009
H00382,Whitaker Household,1964,Married,AZ,Client Referral,2008-11-16,Core,Conservative,Standard,,Active,A026
H00383,Holloway Household,1947,Single,CO,Client Referral,2016-08-08,Core,Moderate,Negotiated,80,Closed,A016
H00384,Novak Household,1960,Married,TX,Lakeside Acquisition (2022),2022-04-10,Core,Growth,Standard,,Active,A021
H00385,Iverson Household,1959,Married,NH,Lakeside Acquisition (2022),2022-04-15,Core,Moderate,Standard,,Active,A003
H00386,Abernathy Household,1968,Married,WY,CPA/Attorney Referral,2018-01-07,Core,Moderate,Standard,,Active,A019
H00387,Donnelly Household,1959,Widowed,MA,Client Referral,2018-02-08,Core,Growth,Standard,,Active,A004
H00388,Castellano Household,1965,Married,NY,Client Referral,2016-07-27,Core,Moderate,Standard,,Active,A011
H00389,Eriksen Household,1958,Divorced,TX,Client Referral,2013-10-15,Premier,Growth,Standard,,Active,A020
H00390,Thornton Household,1961,Married,TX,Seminar/Event,2020-09-02,Premier,Moderate,Standard,,Active,A021
H00391,Radcliffe Household,1947,Divorced,AZ,Digital/Web,2011-01-26,Core,Conservative,Standard,,Closed,A025
H00392,Holloway Household,1961,Married,IN,Seminar/Event,2016-08-29,Private Client,Growth,Standard,,Active,A009
H00393,Iverson Household,1973,Widowed,MA,CPA/Attorney Referral,2010-12-31,Core,Growth,Standard,,Active,A005
H00394,Vasquez Household,1949,Widowed,CO,CPA/Attorney Referral,2016-10-07,Core,Growth,Standard,,Closed,A016
H00395,Fitzgerald Household,1975,Single,RI,Digital/Web,2018-03-27,Core,Growth,Standard,,Active,A002
H00396,Prescott Household,1958,Single,RI,CPA/Attorney Referral,2007-09-16,Core,Growth,Standard,,Active,A001
H00397,Chaudhry Household,1966,Married,TX,Lakeside Acquisition (2022),2022-05-09,Core,Growth,Standard,,Active,A021
H00398,Abernathy Household,1959,Married,FL,CPA/Attorney Referral,2019-08-14,Premier,Moderate,Standard,,Active,A004
H00399,Haverford Household,1965,Widowed,WY,CPA/Attorney Referral,2014-11-21,Premier,Growth,Negotiated,90,Active,A016
H00400,Lindqvist Household,1950,Married,NV,Client Referral,2008-12-09,Premier,Growth,Standard,,Active,A026
H00401,Kensington Household,1958,Married,TX,Client Referral,2015-03-13,Premier,Growth,Standard,,Active,A020
H00402,Donnelly Household,1962,Divorced,AZ,Client Referral,2006-10-19,Premier,Conservative,Standard,,Active,A026
H00403,Beaumont Household,1949,Widowed,NV,Other,2020-02-06,Premier,Growth,Standard,,Closed,A026
H00404,Montgomery Household,1982,Married,AZ,Seminar/Event,2009-08-20,Core,Conservative,Standard,,Active,A026
H00405,Delgado Household,1963,Single,MA,Client Referral,2012-11-01,Core,Growth,Standard,,Active,A001
H00406,Sullivan Household,1958,Married,RI,CPA/Attorney Referral,2019-06-27,Premier,Moderate,Standard,,Active,A004
H00407,Callahan Household,1963,Married,IL,Client Referral,2015-12-14,Core,Growth,Standard,,Active,A010
H00408,Harrington Household,1900,Married,NC,CPA/Attorney Referral,2020-11-15,Core,Moderate,Standard,,Active,A001
H00409,Okafor Household,1948,Widowed,NH,Client Referral,2016-01-28,Premier,Growth,Negotiated,80,Active,A003
H00410,Callahan Household,1954,Married,WY,CPA/Attorney Referral,2018-07-23,Premier,Moderate,Standard,,Closed,A019
H00411,Harrington Household,1952,Married,NY,CPA/Attorney Referral,2009-01-05,Premier,Conservative,Standard,,Active,A026
H00412,Whitaker Household,1960,Married,FL,Lakeside Acquisition (2022),2022-04-29,Core,Moderate,Standard,,Active,A020
H00413,Okafor Household,1941,Married,WY,Client Referral,2020-08-23,Core,Conservative,Standard,,Active,A018
H00414,Montgomery Household,1948,Divorced,CO,Client Referral,2017-03-12,Core,Growth,Standard,,Active,A016
H00415,Quinlan Household,1958,Married,CO,Client Referral,2013-07-03,Core,Conservative,Standard,,Active,A019
H00416,Haverford Household,1965,Married,TX,Lakeside Acquisition (2022),2022-05-04,Premier,Growth,Standard,,Closed,A021
H00417,Holloway Household,1959,Married,TX,Client Referral,2022-05-23,Core,Moderate,Standard,,Active,A020
H00418,Haverford Household,1977,Married,MA,CPA/Attorney Referral,2012-06-14,Core,Growth,Standard,,Active,A001
H00419,Lindqvist Household,1964,Single,AZ,Other,2020-06-18,Core,Moderate,Standard,,Active,A028
H00420,Delgado Household,1976,Married,MA,Digital/Web,2021-08-23,Premier,Aggressive,Standard,,Active,A002
H00421,Nakamura Household,1965,Married,WI,Client Referral,2018-01-18,Core,Moderate,Standard,,Active,A010
H00422,Castellano Household,1982,Single,NV,Digital/Web,2015-03-03,Premier,Moderate,Standard,,Active,A027
H00423,Quinlan Household,1962,Married,TX,Lakeside Acquisition (2022),2022-04-22,Core,Conservative,Negotiated,65,Active,A020
H00424,Haverford Household,1970,Married,TX,Client Referral,2018-08-28,Core,Moderate,Standard,,Active,A021
H00425,Fitzgerald Household,1962,Married,MA,Client Referral,2017-01-15,Core,Growth,Standard,,Active,A001
H00426,Abernathy Household,1964,Single,TX,Client Referral,2012-09-09,Premier,Aggressive,Standard,,Active,A020
H00427,Ashworth Household,1988,Married,TX,Seminar/Event,2018-09-10,Premier,Aggressive,Negotiated,65,Active,A020
H00428,Haverford Household,1957,Married,IN,Client Referral,2013-04-10,Core,Moderate,Standard,,Closed,A012
H00429,Kowalski Household,1939,Widowed,TX,Client Referral,2019-06-27,Core,Moderate,Standard,,Active,A021
H00430,Thornton Household,1950,Divorced,MA,Client Referral,2012-02-10,Core,Moderate,Standard,,Closed,A005
H00431,Harrington Household,1979,Married,AZ,Client Referral,2014-12-19,Premier,Growth,Negotiated,65,Active,A026
H00432,Larkin Household,1958,Married,TX,Lakeside Acquisition (2022),2022-04-02,Core,Growth,Standard,,Active,A021
H00433,Ashworth Household,1966,Married,TX,Client Referral,2018-12-20,Core,Moderate,Standard,,Active,A021
H00434,Prescott Household,1964,Married,AZ,Seminar/Event,2006-08-18,Core,Growth,Standard,,Closed,A026
H00435,Raman Household,1979,Married,FL,Client Referral,2020-12-06,Core,Moderate,Standard,,Active,A004
H00436,Lindqvist Household,1953,Single,MA,Client Referral,2015-12-31,Core,Moderate,Negotiated,75,Active,A002
H00437,Iverson Household,1957,Single,TX,CPA/Attorney Referral,2021-11-15,Private Client,Moderate,Negotiated,80,Active,A020
H00438,Moreau Household,,Widowed,NH,Client Referral,2017-03-08,Core,Moderate,Standard,,Active,A001
H00439,Holloway Household,1968,Married,IL,CPA/Attorney Referral,2009-12-11,Core,Growth,Standard,,Active,A010
H00440,Brennan Household,1949,Married,FL,Seminar/Event,2016-06-11,Premier,Moderate,Standard,,Active,A026
H00441,Kensington Household,1970,Widowed,WI,Seminar/Event,2016-09-14,Core,Conservative,Standard,,Active,A009
H00442,Iverson Household,1940,Widowed,CO,Other,2017-07-28,Premier,Conservative,Standard,,Active,A014
H00443,Montgomery Household,1987,Married,TX,Client Referral,2016-11-24,Premier,Growth,Standard,,Active,A020
H00444,Iverson Household,1959,Married,AZ,Seminar/Event,2015-11-10,Core,Moderate,Standard,,Closed,A027
H00445,Beaumont Household,1959,Married,RI,Client Referral,2022-08-11,Core,Moderate,Standard,,Closed,A005
H00446,Eriksen Household,1961,Married,IN,CPA/Attorney Referral,2022-06-22,Premier,Growth,Standard,,Closed,A010
H00447,Castellano Household,1961,Widowed,WY,Digital/Web,2020-11-20,Premier,Growth,Negotiated,65,Active,A018
H00448,Castellano Household,1962,Married,MA,Lakeside Acquisition (2022),2022-05-06,Core,Growth,Negotiated,65,Closed,A002
H00449,Donnelly Household,1941,Widowed,CO,Client Referral,2015-09-02,Core,Moderate,Standard,,Active,A014
H00450,Prescott Household,1961,Widowed,RI,Client Referral,2014-06-05,Core,Moderate,Standard,,Active,A003
H00451,Prescott Household,1970,Married,MA,Client Referral,2009-09-24,Core,Aggressive,Standard,,Active,A005
H00452,Holloway Household,1971,Married,CA,Other,2017-07-04,Premier,Growth,Standard,,Active,A026
H00453,Vasquez Household,1965,Married,NV,Seminar/Event,2022-03-31,Core,Moderate,Standard,,Closed,A026
H00454,Harrington Household,1966,Married,CO,Seminar/Event,2018-03-21,Core,Moderate,Standard,,Active,A014
H00455,Marchetti Household,1957,Married,RI,CPA/Attorney Referral,2015-05-17,Core,Conservative,Standard,,Active,A005
H00456,Whitaker Household,1951,Married,AZ,Client Referral,2008-07-28,Premier,Moderate,Negotiated,65,Closed,A026
H00457,Nakamura Household,1955,Single,MA,Client Referral,2017-09-23,Premier,Conservative,Negotiated,75,Active,A002
H00458,Ashworth Household,1975,Married,IL,CPA/Attorney Referral,2016-09-27,Core,Growth,Standard,,Active,A010
H00459,Pemberton Household,1966,Married,FL,Client Referral,2013-06-23,Premier,Growth,Standard,,Active,A020
H00460,Ashworth Household,1965,Married,FL,Lakeside Acquisition (2022),2022-04-06,Core,Conservative,Standard,,Active,A022
H00461,Nakamura Household,1944,Married,CA,Client Referral,2018-04-22,Core,Conservative,Standard,,Active,A020
H00462,Harrington Household,1968,Divorced,TX,Other,2013-03-13,Core,Moderate,Standard,,Active,A020
H00463,Montgomery Household,1953,Married,NH,Client Referral,2007-04-24,Core,Conservative,Standard,,Active,A001
H00464,Eriksen Household,1964,Married,IN,Client Referral,2018-09-24,Core,Moderate,Standard,,Active,A010
H00465,Lindqvist Household,1961,Married,TX,Client Referral,2019-10-29,Premier,Growth,Standard,,Closed,A021
H00466,Brennan Household,1965,Widowed,TX,Lakeside Acquisition (2022),2022-04-10,Core,Growth,Standard,,Active,A023
H00467,Lindqvist Household,1968,Single,NH,CPA/Attorney Referral,2018-12-23,Core,Moderate,Standard,,Active,A004
H00468,Whitaker Household,1957,Married,TX,Lakeside Acquisition (2022),2022-04-04,Core,Growth,Standard,,Active,A020
H00469,Haverford Household,1967,Married,NY,Seminar/Event,2020-11-16,Premier,Growth,Standard,,Closed,A005
H00470,Abernathy Household,1954,Married,AZ,Client Referral,2010-02-10,Core,Moderate,Standard,,Active,A026
H00471,Sullivan Household,1983,Married,TX,Lakeside Acquisition (2022),2022-04-07,Core,Growth,Standard,,Active,A021
H00472,Lindqvist Household,1954,Married,TX,Lakeside Acquisition (2022),2022-04-12,Core,Conservative,Standard,,Active,A023
H00473,Gallagher Household,1960,Single,RI,CPA/Attorney Referral,2019-02-05,Core,Moderate,Standard,,Active,A001
H00474,Holloway Household,1959,Married,TX,Seminar/Event,2018-04-06,Private Client,Growth,Standard,,Active,A020
H00475,Radcliffe Household,,Married,TX,Lakeside Acquisition (2022),2022-04-29,Core,Growth,Standard,,Active,A022
H00476,Moreau Household,1968,Married,NH,Client Referral,2012-11-24,Premier,Aggressive,Standard,,Active,A005
H00477,Gallagher Household,1981,Single,TX,Digital/Web,2022-05-16,Core,Moderate,Standard,,Active,A020
H00478,Pemberton Household,1966,Divorced,IL,Digital/Web,2013-02-01,Premier,Growth,Negotiated,80,Active,A009
H00479,Novak Household,1946,Widowed,MA,Client Referral,2015-02-19,Premier,Growth,Standard,,Closed,A003
H00480,Prescott Household,1978,Single,IL,Client Referral,2012-11-02,Core,Growth,Standard,,Active,A009
H00481,Brennan Household,1943,Married,AZ,CPA/Attorney Referral,2009-12-08,Core,Moderate,Standard,,Active,A026
H00482,Iverson Household,1952,Married,TX,Lakeside Acquisition (2022),2022-05-14,Core,Moderate,Standard,,Active,A023
H00483,Beaumont Household,1967,Single,MA,Other,2018-09-01,Core,Conservative,Standard,,Active,A003
H00484,Chaudhry Household,1977,Single,IL,Seminar/Event,2019-02-05,Core,Moderate,Standard,,Closed,A011
H00485,Delgado Household,1956,Married,TX,Lakeside Acquisition (2022),2022-04-30,Core,Moderate,Standard,,Active,A021
H00486,Novak Household,1975,Married,FL,Client Referral,2012-04-29,Core,Growth,Standard,,Active,A011
H00487,Raman Household,1973,Married,IL,Client Referral,2019-12-18,Premier,Moderate,Standard,,Active,A010
H00488,Vasquez Household,1978,Widowed,TX,Lakeside Acquisition (2022),2022-04-17,Core,Growth,Standard,,Active,A020
H00489,Novak Household,1968,Married,MA,Seminar/Event,2014-01-28,Premier,Growth,Standard,,Active,A001
H00490,Marchetti Household,1972,Married,IL,CPA/Attorney Referral,2012-08-22,Premier,Aggressive,Standard,,Active,A012
H00491,Moreau Household,1973,Married,WY,Client Referral,2014-09-11,Core,Growth,Standard,,Active,A014
H00492,Fitzgerald Household,1960,Single,TX,Lakeside Acquisition (2022),2022-04-04,Core,Moderate,Standard,,Closed,A021
H00493,Beaumont Household,1962,Married,FL,CPA/Attorney Referral,2013-11-04,Core,Aggressive,Standard,,Active,A005
H00494,Larkin Household,1971,Widowed,WY,Lakeside Acquisition (2022),2022-05-07,Core,Growth,Standard,,Active,A016
H00495,Quinlan Household,1973,Married,CO,CPA/Attorney Referral,2016-10-17,Core,Aggressive,Standard,,Active,A016
H00496,Pemberton Household,1976,Married,CO,CPA/Attorney Referral,2016-03-25,Premier,Growth,Standard,,Closed,A016
H00497,Montgomery Household,1961,Single,CO,CPA/Attorney Referral,2013-05-26,Premier,Moderate,Negotiated,75,Active,A014
H00498,Novak Household,1949,Divorced,AZ,CPA/Attorney Referral,2019-06-02,Core,Moderate,Standard,,Active,A026
H00499,Whitaker Household,1964,Married,NV,Seminar/Event,2010-03-11,Core,Conservative,Negotiated,80,Active,A026
H00500,Raman Household,1960,Married,TX,Lakeside Acquisition (2022),2022-05-09,Core,Moderate,Standard,,Active,A022
H00501,Whitaker Household,1975,Married,CO,Client Referral,2016-01-24,Core,Aggressive,Standard,,Active,A019
H00502,Kensington Household,1985,Single,FL,Client Referral,2014-04-12,Core,Aggressive,Standard,,Active,A009
H00503,Sullivan Household,1976,Widowed,NV,Other,2006-05-23,Private Client,Moderate,Standard,,Active,A026
H00504,Brennan Household,1983,Single,TX,Lakeside Acquisition (2022),2022-04-18,Premier,Aggressive,Negotiated,80,Active,A020
H00505,Kensington Household,1963,Married,IL,CPA/Attorney Referral,2010-04-29,Core,Moderate,Standard,,Active,A012
H00506,Castellano Household,1969,Married,MA,Client Referral,2014-08-19,Private Client,Moderate,Standard,,Active,A005
H00507,Fitzgerald Household,1959,Single,IL,Client Referral,2013-02-13,Core,Moderate,Standard,,Closed,A010
H00508,Gallagher Household,1949,Divorced,IL,CPA/Attorney Referral,2014-12-25,Core,Conservative,Standard,,Active,A009
H00509,Vasquez Household,1952,Widowed,MA,Other,2014-08-12,Private Client,Moderate,Standard,,Active,A005
H00510,Fitzgerald Household,1970,Married,TX,Lakeside Acquisition (2022),2022-05-10,Core,Growth,Standard,,Active,A021
H00511,Lindqvist Household,1958,Divorced,AZ,Seminar/Event,2018-08-12,Core,Growth,Standard,,Active,A026
H00512,Kowalski Household,1988,Married,WY,Client Referral,2012-01-23,Premier,Growth,Standard,,Active,A016
H00513,Rinaldi Household,1952,Married,RI,Seminar/Event,2016-12-02,Core,Conservative,Standard,,Active,A001
H00514,Nakamura Household,1972,Married,TX,Seminar/Event,2018-10-24,Premier,Aggressive,Negotiated,65,Active,A020
H00515,Larkin Household,1974,Married,TX,Digital/Web,2018-05-18,Premier,Aggressive,Standard,,Active,A020
H00516,Harrington Household,1963,Married,MA,CPA/Attorney Referral,2014-10-09,Core,Growth,Standard,,Active,A002
H00517,Iverson Household,1963,Married,NH,Client Referral,2013-07-08,Core,Conservative,Standard,,Active,A001
H00518,Prescott Household,1968,Married,AZ,Seminar/Event,2016-12-26,Private Client,Growth,Negotiated,65,Active,A026
H00519,Pemberton Household,1961,Married,IL,Client Referral,2021-06-01,Premier,Moderate,Standard,,Active,A010
H00520,Delgado Household,1969,Married,FL,Client Referral,2017-01-13,Private Client,Growth,Standard,,Active,A005
H00521,Harrington Household,1949,Single,TX,Lakeside Acquisition (2022),2022-05-10,Core,Growth,Standard,,Closed,A022
H00522,Thornton Household,1960,Married,MA,Seminar/Event,2021-11-04,Core,Growth,Standard,,Active,A004
H00523,Larkin Household,1941,Married,IL,Client Referral,2012-03-10,Core,Growth,Negotiated,80,Active,A011
H00524,Eriksen Household,1967,Single,RI,Client Referral,2020-11-29,Private Client,Moderate,Standard,,Active,A001
H00525,Thornton Household,1962,Married,TX,Lakeside Acquisition (2022),2022-05-15,Core,Moderate,Standard,,Active,A020
H00526,Prescott Household,1971,Divorced,RI,Client Referral,2010-01-14,Premier,Growth,Standard,,Closed,A005
H00527,Gallagher Household,1977,Single,TX,Digital/Web,2014-02-03,Premier,Moderate,Standard,,Active,A020
H00528,Novak Household,1953,Widowed,TX,Lakeside Acquisition (2022),2022-04-04,Core,Moderate,Standard,,Active,A022
H00529,Radcliffe Household,1953,Married,IL,CPA/Attorney Referral,2019-07-02,Core,Moderate,Standard,,Closed,A011
H00530,Nakamura Household,1967,Married,MA,CPA/Attorney Referral,2008-11-07,Premier,Growth,Negotiated,80,Active,A005
H00531,Gallagher Household,1977,Divorced,TX,Lakeside Acquisition (2022),2022-05-10,Core,Growth,Standard,,Active,A020
H00532,Sullivan Household,1962,Married,WI,Digital/Web,2017-04-25,Private Client,Aggressive,Standard,,Closed,A011
H00533,Gallagher Household,1946,Widowed,FL,Seminar/Event,2012-07-09,Premier,Conservative,Negotiated,80,Active,A019
H00534,Pemberton Household,1945,Divorced,IL,Seminar/Event,2018-12-19,Premier,Growth,Negotiated,75,Active,A010
H00535,Radcliffe Household,1969,Single,TX,Client Referral,2019-08-24,Core,Conservative,Standard,,Active,A020
H00536,Kensington Household,1958,Widowed,IL,Client Referral,2022-05-21,Premier,Moderate,Negotiated,75,Active,A011
H00537,Fitzgerald Household,1971,Single,MA,Digital/Web,2007-08-08,Core,Growth,Standard,,Active,A001
H00538,Pemberton Household,1979,Married,NV,Digital/Web,2014-04-04,Premier,Growth,Negotiated,90,Active,A026
H00539,Prescott Household,1949,Widowed,TX,Digital/Web,2017-01-13,Premier,Conservative,Standard,,Active,A020
H00540,Thornton Household,1960,Divorced,RI,CPA/Attorney Referral,2018-12-28,Premier,Moderate,Negotiated,65,Active,A001
H00541,Okafor Household,1962,Married,AZ,Client Referral,2020-05-16,Premier,Moderate,Negotiated,80,Active,A026
H00542,Radcliffe Household,1982,Widowed,TX,Lakeside Acquisition (2022),2022-05-01,Core,Moderate,Standard,,Active,A021
H00543,Moreau Household,1955,Divorced,FL,CPA/Attorney Referral,2022-11-12,Core,Moderate,Standard,,Active,A005
H00544,Gallagher Household,1969,Married,IN,Seminar/Event,2021-11-01,Core,Growth,Standard,,Closed,A011
H00545,Chaudhry Household,1951,Divorced,TX,Lakeside Acquisition (2022),2022-04-08,Premier,Conservative,Negotiated,65,Active,A020
H00546,Vasquez Household,1963,Divorced,NH,CPA/Attorney Referral,2019-12-28,Premier,Moderate,Negotiated,75,Active,A001
H00547,Moreau Household,1957,Divorced,CO,Client Referral,2011-12-29,Premier,Moderate,Standard,,Active,A019
H00548,Sullivan Household,1971,Married,IN,CPA/Attorney Referral,2020-02-24,Premier,Growth,Negotiated,65,Active,A010
H00549,Larkin Household,1941,Married,MA,Seminar/Event,2017-08-10,Private Client,Moderate,Standard,,Active,A005
H00550,Ashworth Household,1950,Widowed,MA,Client Referral,2013-03-13,Core,Growth,Standard,,Active,A001
H00551,Raman Household,1959,Married,AZ,Client Referral,2015-08-31,Core,Growth,Standard,,Active,A027
H00552,Nakamura Household,,Married,IL,Seminar/Event,2013-01-10,Premier,Growth,Negotiated,90,Active,A011
H00553,Vasquez Household,1951,Widowed,NH,Other,2007-02-12,Core,Conservative,Standard,,Active,A001
H00554,Thornton Household,1956,Married,IL,Client Referral,2022-01-05,Core,Moderate,Standard,,Active,A011
H00555,Okafor Household,1975,Married,IL,Seminar/Event,2016-07-09,Core,Moderate,Standard,,Active,A009
H00556,Haverford Household,1957,Single,IL,CPA/Attorney Referral,2013-06-10,Core,Growth,Standard,,Closed,A010
H00557,Abernathy Household,1965,Married,RI,Client Referral,2017-12-25,Core,Moderate,Standard,,Active,A005
H00558,Eriksen Household,1960,Married,MA,Client Referral,2021-07-20,Core,Moderate,Standard,,Active,A001
H00559,Pemberton Household,1951,Married,IN,Client Referral,2019-03-20,Core,Conservative,Standard,,Closed,A010
H00560,Raman Household,1944,Widowed,CA,Client Referral,2008-11-25,Core,Conservative,Standard,,Active,A026
H00561,Larkin Household,1976,Single,WI,Client Referral,2022-08-26,Core,Moderate,Standard,,Active,A010
H00562,Kowalski Household,1959,Married,TX,Lakeside Acquisition (2022),2022-04-10,Core,Moderate,Standard,,Active,A020
H00563,Vasquez Household,1987,Married,TX,CPA/Attorney Referral,2016-07-26,Premier,Aggressive,Standard,,Closed,A020
H00564,Kensington Household,1975,Married,NC,Client Referral,2013-01-16,Core,Growth,Standard,,Active,A005
H00565,Gallagher Household,1979,Married,AZ,Client Referral,2017-04-04,Premier,Aggressive,Standard,,Active,A026
H00566,Donnelly Household,1954,Married,CO,Client Referral,2010-12-15,Core,Conservative,Standard,,Active,A019
H00567,Nakamura Household,1949,Married,AZ,Seminar/Event,2021-11-21,Premier,Growth,Standard,,Active,A028
H00568,Okafor Household,1977,Married,TX,Lakeside Acquisition (2022),2022-04-28,Premier,Moderate,Negotiated,65,Active,A020
H00569,Moreau Household,1965,Married,IL,Digital/Web,2017-04-19,Premier,Moderate,Standard,,Active,A011
H00570,Pemberton Household,1969,Married,FL,Seminar/Event,2019-06-12,Core,Moderate,Standard,,Active,A001
H00571,Kensington Household,1940,Married,WY,CPA/Attorney Referral,2016-08-04,Core,Moderate,Standard,,Active,A016
H00572,Vasquez Household,1972,Single,RI,Client Referral,2009-03-05,Core,Moderate,Standard,,Active,A005
H00573,Rinaldi Household,1946,Married,MA,Client Referral,2013-08-18,Core,Moderate,Negotiated,80,Active,A001
H00574,Beaumont Household,1990,Married,IN,Seminar/Event,2020-04-26,Core,Moderate,Standard,,Closed,A009
H00575,Novak Household,1967,Single,AZ,Client Referral,2020-12-21,Core,Growth,Standard,,Active,A028
H00576,Harrington Household,1973,Divorced,TX,Lakeside Acquisition (2022),2022-04-16,Core,Aggressive,Standard,,Active,A020
H00577,Montgomery Household,1959,Divorced,NH,Client Referral,2016-11-28,Premier,Moderate,Standard,,Closed,A003
H00578,Lindqvist Household,1955,Married,MA,Client Referral,2011-12-27,Core,Moderate,Standard,,Active,A005
H00579,Donnelly Household,1954,Widowed,NC,Client Referral,2013-05-06,Premier,Conservative,Negotiated,65,Active,A011
H00580,Beaumont Household,1965,Married,NV,Client Referral,2017-04-03,Core,Moderate,Standard,,Active,A026
H00581,Castellano Household,1955,Single,CO,CPA/Attorney Referral,2012-02-22,Premier,Moderate,Standard,,Closed,A016
H00582,Thornton Household,1931,Married,MA,Client Referral,2014-04-10,Core,Conservative,Standard,,Active,A001
H00583,Radcliffe Household,1969,Married,RI,Lakeside Acquisition (2022),2022-04-11,Core,Growth,Standard,,Closed,A004
H00584,Rinaldi Household,1951,Married,MA,Client Referral,2015-09-28,Core,Growth,Standard,,Active,A001
H00585,Haverford Household,1956,Widowed,TX,Lakeside Acquisition (2022),2022-04-08,Core,Growth,Standard,,Closed,A020
H00586,Callahan Household,,Married,TX,Client Referral,2016-07-29,Premier,Conservative,Standard,,Closed,A021
H00587,Marchetti Household,1956,Married,RI,Client Referral,2007-06-19,Core,Growth,Standard,,Active,A001
H00588,Abernathy Household,1971,Married,CO,Client Referral,2022-05-31,Premier,Moderate,Standard,,Active,A018
H00589,Donnelly Household,1963,Married,CA,Lakeside Acquisition (2022),2022-04-29,Core,Growth,Standard,,Closed,A023
H00590,Fitzgerald Household,1956,Married,MA,Client Referral,2011-03-14,Core,Moderate,Standard,,Active,A001
H00591,Marchetti Household,1977,Divorced,NV,Digital/Web,2020-05-28,Premier,Growth,Standard,,Closed,A026
H00592,Kensington Household,1966,Married,TX,Client Referral,2014-08-05,Private Client,Aggressive,Standard,,Active,A020
H00593,Holloway Household,1968,Married,IL,Client Referral,2014-07-03,Premier,Aggressive,Standard,,Active,A009
H00594,Callahan Household,1939,Widowed,CO,Client Referral,2012-05-15,Core,Moderate,Standard,,Closed,A016
H00595,Lindqvist Household,1947,Single,CO,Client Referral,2020-09-15,Premier,Conservative,Standard,,Active,A016
H00596,Iverson Household,1963,Single,AZ,CPA/Attorney Referral,2014-12-23,Private Client,Moderate,Standard,,Active,A026
H00597,Sullivan Household,1963,Married,NV,Client Referral,2018-06-21,Core,Moderate,Standard,,Active,A026
H00598,Fitzgerald Household,1964,Divorced,TX,Client Referral,2022-11-03,Premier,Moderate,Standard,,Active,A021
H00599,Kensington Household,1942,Widowed,MA,Client Referral,2016-12-30,Private Client,Conservative,Standard,,Active,A003
H00600,Iverson Household,1958,Single,MA,Client Referral,2014-04-09,Core,Moderate,Standard,,Active,A001
H00601,Harrington Household,1961,Married,FL,Client Referral,2013-06-18,Premier,Conservative,Negotiated,80,Closed,A025
H00602,Holloway Household,1965,Divorced,TX,Lakeside Acquisition (2022),2022-05-13,Premier,Moderate,Negotiated,90,Active,A020
H00603,Donnelly Household,1969,Married,IL,Client Referral,2013-04-03,Core,Moderate,Negotiated,75,Active,A011
H00604,Larkin Household,1964,Married,TX,Lakeside Acquisition (2022),2022-05-14,Premier,Moderate,Standard,,Active,A022
H00605,Fitzgerald Household,1957,Married,CO,Client Referral,2019-09-29,Premier,Moderate,Standard,,Active,A014
H00606,Montgomery Household,1900,Married,MA,Client Referral,2018-11-20,Core,Moderate,Standard,,Active,A001
H00607,Prescott Household,1956,Married,MA,Client Referral,2018-02-10,Premier,Aggressive,Negotiated,65,Active,A005
H00608,Pemberton Household,1970,Married,IL,Seminar/Event,2016-12-31,Core,Growth,Standard,,Active,A009
H00609,Radcliffe Household,1963,Married,TX,Lakeside Acquisition (2022),2022-04-18,Core,Conservative,Standard,,Closed,A023
H00610,Prescott Household,1973,Married,MA,Seminar/Event,2014-11-14,Premier,Moderate,Standard,,Active,A003
H00611,Gallagher Household,1984,Single,RI,CPA/Attorney Referral,2017-10-17,Core,Growth,Standard,,Active,A001
H00612,Kowalski Household,1970,Married,NY,Client Referral,2010-07-04,Core,Conservative,Standard,,Active,A026
H00613,Pemberton Household,,Widowed,CA,Lakeside Acquisition (2022),2022-04-30,Core,Moderate,Standard,,Closed,A020
H00614,Whitaker Household,1978,Married,TX,Client Referral,2017-08-13,Core,Aggressive,Standard,,Active,A021
H00615,Eriksen Household,1961,Single,TX,Lakeside Acquisition (2022),2022-04-06,Core,Growth,Standard,,Active,A021
H00616,Radcliffe Household,1945,Widowed,CO,Client Referral,2022-08-10,Core,Moderate,Standard,,Active,A014
H00617,Ashworth Household,1946,Married,FL,Client Referral,2010-04-01,Core,Aggressive,Standard,,Closed,A012
H00618,Abernathy Household,1963,Married,TX,Lakeside Acquisition (2022),2022-04-21,Core,Growth,Standard,,Active,A022
H00619,Prescott Household,1937,Widowed,IL,Digital/Web,2009-12-02,Premier,Moderate,Standard,,Closed,A010
H00620,Whitaker Household,1957,Married,AZ,Client Referral,2012-04-21,Core,Growth,Standard,,Active,A026
H00621,Moreau Household,1953,Widowed,MA,Digital/Web,2009-09-09,Premier,Conservative,Standard,,Closed,A001
H00622,Gallagher Household,1968,Widowed,MA,Digital/Web,2019-10-07,Core,Moderate,Standard,,Active,A002
H00623,Holloway Household,1966,Married,AZ,Digital/Web,2008-01-09,Core,Moderate,Standard,,Closed,A025
H00624,Vasquez Household,1962,Married,MA,Client Referral,2007-10-24,Premier,Moderate,Standard,,Active,A001
H00625,Castellano Household,,Divorced,NH,Client Referral,2014-04-02,Core,Growth,Standard,,Active,A003
H00626,Lindqvist Household,1958,Divorced,NH,Client Referral,2021-08-31,Premier,Growth,Negotiated,80,Active,A006
H00627,Moreau Household,1956,Single,WI,CPA/Attorney Referral,2013-11-11,Core,Moderate,Standard,,Active,A010
H00628,Delgado Household,1962,Married,NH,Digital/Web,2016-12-11,Core,Aggressive,Standard,,Active,A003
H00629,Quinlan Household,1965,Married,CA,Lakeside Acquisition (2022),2022-05-02,Core,Moderate,Standard,,Closed,A021
H00630,Raman Household,1959,Married,RI,Client Referral,2016-07-17,Core,Moderate,Standard,,Active,A005
H00631,Rinaldi Household,1947,Married,IL,Client Referral,2010-01-02,Core,Moderate,Negotiated,80,Closed,A012
H00632,Callahan Household,1955,Married,NH,Client Referral,2008-06-20,Core,Growth,Negotiated,80,Active,A001
H00633,Whitaker Household,1966,Married,AZ,Client Referral,2022-04-21,Premier,Moderate,Standard,,Closed,A027
H00634,Novak Household,1946,Married,WI,Client Referral,2020-02-16,Core,Moderate,Standard,,Active,A010
H00635,Montgomery Household,1950,Widowed,AZ,Client Referral,2017-03-10,Core,Moderate,Standard,,Active,A025
H00636,Okafor Household,1960,Single,IL,Client Referral,2015-08-12,Core,Growth,Standard,,Active,A011
H00637,Harrington Household,1939,Widowed,MA,Client Referral,2007-02-21,Core,Growth,Standard,,Closed,A001
H00638,Callahan Household,1968,Married,IN,Digital/Web,2017-11-14,Core,Moderate,Standard,,Active,A010
H00639,Pemberton Household,1972,Single,MA,Seminar/Event,2020-01-02,Premier,Aggressive,Negotiated,75,Active,A001
H00640,Radcliffe Household,1945,Widowed,IL,Client Referral,2019-12-08,Core,Growth,Standard,,Active,A011
H00641,Moreau Household,1963,Widowed,TX,Lakeside Acquisition (2022),2022-04-16,Core,Growth,Standard,,Active,A021
H00642,Ashworth Household,1953,Married,NY,Lakeside Acquisition (2022),2022-04-23,Premier,Moderate,Standard,,Closed,A022
H00643,Ashworth Household,1950,Widowed,AZ,Client Referral,2006-01-15,Core,Growth,Standard,,Active,A026
H00644,Beaumont Household,1952,Widowed,MA,Client Referral,2008-05-21,Core,Growth,Standard,,Active,A005
H00645,Harrington Household,1973,Divorced,AZ,Client Referral,2019-08-02,Private Client,Growth,Standard,,Active,A026
H00646,Eriksen Household,1959,Married,CO,Client Referral,2021-04-10,Core,Growth,Standard,,Active,A016
H00647,Radcliffe Household,1956,Married,AZ,Seminar/Event,2020-10-16,Core,Conservative,Standard,,Active,A028
H00648,Nakamura Household,1958,Married,TX,Digital/Web,2020-06-09,Premier,Moderate,Standard,,Active,A020
H00649,Raman Household,1976,Married,AZ,Client Referral,2022-03-19,Core,Aggressive,Standard,,Active,A030
H00650,Novak Household,1969,Divorced,TX,Lakeside Acquisition (2022),2022-04-01,Core,Moderate,Standard,,Active,A022
H00651,Abernathy Household,1945,Married,MA,Client Referral,2021-11-17,Premier,Moderate,Negotiated,75,Active,A006
H00652,Holloway Household,1959,Married,WY,Client Referral,2021-06-14,Premier,Moderate,Standard,,Closed,A016
H00653,Vasquez Household,1951,Single,CO,Client Referral,2018-06-08,Premier,Growth,Standard,,Closed,A016
H00654,Novak Household,1951,Married,AZ,Seminar/Event,2020-09-11,Core,Conservative,Standard,,Active,A028
H00655,Radcliffe Household,1939,Widowed,AZ,Client Referral,2018-04-05,Premier,Conservative,Standard,,Active,A026
H00656,Iverson Household,1972,Married,NH,Client Referral,2020-09-10,Core,Moderate,Standard,,Active,A003
H00657,Delgado Household,1963,Divorced,MA,CPA/Attorney Referral,2014-11-04,Premier,Moderate,Standard,,Active,A001
H00658,Kowalski Household,1971,Married,IL,CPA/Attorney Referral,2022-06-02,Premier,Moderate,Standard,,Closed,A012
H00659,Rinaldi Household,1967,Married,TX,Lakeside Acquisition (2022),2022-05-11,Premier,Growth,Negotiated,75,Active,A020
H00660,Larkin Household,1985,Single,CO,Other,2011-11-23,Core,Growth,Standard,,Active,A016
H00661,Larkin Household,1971,Married,WI,Seminar/Event,2022-09-16,Core,Aggressive,Standard,,Active,A010
H00662,Iverson Household,1960,Married,IL,Seminar/Event,2011-09-29,Premier,Conservative,Negotiated,80,Closed,A010
H00663,Nakamura Household,1962,Widowed,IL,Client Referral,2017-03-30,Premier,Moderate,Negotiated,65,Closed,A012
H00664,Fitzgerald Household,1971,Divorced,AZ,Digital/Web,2018-07-21,Private Client,Growth,Negotiated,80,Active,A026
H00665,Quinlan Household,1957,Widowed,RI,CPA/Attorney Referral,2020-06-19,Premier,Growth,Standard,,Active,A005
H00666,Whitaker Household,1952,Single,NV,Client Referral,2019-07-01,Core,Moderate,Standard,,Active,A026
H00667,Harrington Household,1969,Single,AZ,CPA/Attorney Referral,2016-11-03,Premier,Moderate,Standard,,Active,A026
H00668,Delgado Household,1947,Widowed,IN,Client Referral,2016-10-26,Private Client,Growth,Standard,,Active,A010
H00669,Kensington Household,1959,Married,MA,Digital/Web,2013-10-09,Core,Conservative,Standard,,Active,A005
H00670,Delgado Household,1933,Married,TX,CPA/Attorney Referral,2022-05-15,Core,Conservative,Standard,,Active,A023
H00671,Fitzgerald Household,1973,Married,NC,Seminar/Event,2022-09-14,Premier,Aggressive,Standard,,Active,A028
H00672,Novak Household,1967,Married,NV,CPA/Attorney Referral,2008-09-14,Core,Moderate,Standard,,Active,A026
H00673,Eriksen Household,1978,Married,AZ,Client Referral,2015-01-17,Core,Growth,Standard,,Active,A026
H00674,Harrington Household,1990,Married,IL,Lakeside Acquisition (2022),2022-04-11,Core,Growth,Standard,,Active,A009
H00675,Harrington Household,1963,Married,RI,Digital/Web,2019-02-24,Core,Moderate,Standard,,Active,A005
H00676,Vasquez Household,1971,Married,RI,Seminar/Event,2009-05-30,Core,Moderate,Standard,,Active,A005
H00677,Kensington Household,1945,Single,NH,Other,2015-11-03,Private Client,Aggressive,Standard,,Closed,A003
H00678,Eriksen Household,1964,Married,CO,Other,2020-06-06,Premier,Growth,Negotiated,65,Active,A016
H00679,Castellano Household,1967,Single,FL,Lakeside Acquisition (2022),2022-04-22,Core,Growth,Standard,,Active,A021
H00680,Rinaldi Household,1946,Married,CO,CPA/Attorney Referral,2018-01-10,Core,Conservative,Standard,,Active,A014
H00681,Larkin Household,1953,Single,TX,Lakeside Acquisition (2022),2022-04-17,Core,Moderate,Standard,,Active,A020
H00682,Holloway Household,1966,Married,TX,Other,2012-05-19,Core,Moderate,Standard,,Active,A020
H00683,Radcliffe Household,1952,Widowed,RI,Client Referral,2015-07-01,Core,Growth,Standard,,Active,A003
H00684,Larkin Household,1952,Married,TX,Lakeside Acquisition (2022),2022-04-28,Core,Growth,Standard,,Active,A022
H00685,Abernathy Household,1983,Widowed,MA,Client Referral,2015-08-07,Core,Aggressive,Standard,,Active,A002
H00686,Castellano Household,1969,Married,MA,Client Referral,2012-03-27,Core,Conservative,Standard,,Active,A005
H00687,Moreau Household,1953,Married,WY,Other,2011-03-16,Core,Conservative,Standard,,Active,A019
H00688,Marchetti Household,1963,Single,AZ,Client Referral,2007-04-24,Core,Growth,Standard,,Active,A026
H00689,Eriksen Household,1960,Married,NY,Client Referral,2016-07-27,Premier,Growth,Standard,,Active,A001
H00690,Larkin Household,1976,Divorced,TX,Lakeside Acquisition (2022),2022-04-18,Premier,Growth,Standard,,Closed,A021
H00691,Gallagher Household,1988,Widowed,AZ,Seminar/Event,2017-09-26,Core,Aggressive,Standard,,Closed,A025
H00692,Haverford Household,1962,Married,CO,Client Referral,2014-04-26,Core,Moderate,Standard,,Active,A014
H00693,Iverson Household,1963,Married,AZ,Lakeside Acquisition (2022),2022-04-08,Core,Growth,Standard,,Closed,A025
H00694,Brennan Household,1980,Single,CO,Client Referral,2020-02-16,Core,Moderate,Standard,,Active,A018
H00695,Abernathy Household,1961,Married,RI,Seminar/Event,2020-11-01,Core,Moderate,Standard,,Active,A002
H00696,Marchetti Household,1958,Single,CO,Client Referral,2020-02-13,Premier,Conservative,Negotiated,90,Active,A016
H00697,Thornton Household,1957,Married,TX,Lakeside Acquisition (2022),2022-04-06,Core,Moderate,Standard,,Closed,A021
H00698,Whitaker Household,1966,Divorced,TX,Seminar/Event,2014-12-17,Core,Growth,Standard,,Active,A020
H00699,Prescott Household,1946,Married,CO,Client Referral,2010-11-23,Premier,Growth,Standard,,Active,A016
H00700,Lindqvist Household,1973,Married,CO,Client Referral,2021-05-11,Core,Growth,Standard,,Active,A018
H00701,Prescott Household,1950,Married,WY,Seminar/Event,2018-06-02,Core,Moderate,Standard,,Active,A016
H00702,Rinaldi Household,1963,Single,NC,CPA/Attorney Referral,2016-12-24,Private Client,Moderate,Negotiated,65,Active,A016
H00703,Montgomery Household,1949,Widowed,TX,Client Referral,2019-06-26,Core,Aggressive,Negotiated,65,Closed,A020
H00704,Whitaker Household,1937,Widowed,TX,Lakeside Acquisition (2022),2022-04-21,Core,Moderate,Standard,,Active,A020
H00705,Sullivan Household,1954,Widowed,MA,CPA/Attorney Referral,2010-06-12,Core,Moderate,Negotiated,90,Active,A001
H00706,Moreau Household,1965,Single,TX,Seminar/Event,2021-07-20,Core,Conservative,Standard,,Active,A020
H00707,Gallagher Household,1959,Married,TX,Lakeside Acquisition (2022),2022-04-05,Core,Growth,Standard,,Active,A020
H00708,Pemberton Household,1976,Married,TX,Lakeside Acquisition (2022),2022-04-15,Core,Growth,Standard,,Active,A020
H00709,Castellano Household,1957,Divorced,IL,Client Referral,2014-02-26,Core,Growth,Standard,,Active,A011
H00710,Callahan Household,1953,Married,IN,Digital/Web,2017-02-05,Core,Growth,Standard,,Active,A011
H00711,Donnelly Household,1946,Widowed,MA,Digital/Web,2021-04-27,Core,Conservative,Standard,,Closed,A005
H00712,Holloway Household,1981,Divorced,WY,Client Referral,2018-12-05,Premier,Growth,Standard,,Active,A014
H00713,Quinlan Household,1955,Married,FL,Client Referral,2018-04-28,Private Client,Conservative,Standard,,Active,A014
H00714,Marchetti Household,1953,Widowed,IL,Client Referral,2012-10-19,Core,Growth,Standard,,Active,A009
H00715,Marchetti Household,1969,Married,RI,CPA/Attorney Referral,2014-12-27,Core,Conservative,Standard,,Closed,A001
H00716,Donnelly Household,1942,Single,MA,Client Referral,2012-10-11,Core,Growth,Negotiated,65,Active,A001
H00717,Larkin Household,1947,Married,WI,CPA/Attorney Referral,2018-07-09,Premier,Moderate,Negotiated,75,Active,A009
H00718,Holloway Household,1962,Married,TX,Lakeside Acquisition (2022),2022-04-24,Core,Aggressive,Negotiated,65,Active,A020
H00719,Beaumont Household,1969,Single,TX,CPA/Attorney Referral,2015-02-01,Core,Conservative,Standard,,Active,A020
H00720,Gallagher Household,1964,Married,CO,Digital/Web,2018-10-01,Premier,Moderate,Negotiated,75,Closed,A016
H00721,Radcliffe Household,1962,Married,RI,Seminar/Event,2017-02-21,Core,Moderate,Standard,,Active,A005
H00722,Lindqvist Household,1986,Married,IN,Client Referral,2014-03-18,Core,Moderate,Standard,,Closed,A010
H00723,Brennan Household,1944,Widowed,MA,Seminar/Event,2019-12-27,Premier,Conservative,Standard,,Active,A002
H00724,Sullivan Household,1961,Married,RI,Client Referral,2021-06-23,Core,Growth,Standard,,Active,A005
H00725,Radcliffe Household,1966,Married,MA,Client Referral,2009-07-05,Core,Growth,Standard,,Active,A001
H00726,Holloway Household,1960,Married,AZ,Other,2007-09-25,Premier,Aggressive,Standard,,Active,A026
H00727,Moreau Household,1964,Married,AZ,Client Referral,2013-09-30,Premier,Moderate,Standard,,Active,A026
H00728,Lindqvist Household,1964,Single,IN,Client Referral,2012-10-19,Premier,Moderate,Standard,,Active,A009
H00729,Larkin Household,1946,Married,TX,Digital/Web,2022-02-28,Premier,Moderate,Standard,,Active,A020
H00730,Lindqvist Household,1976,Married,WY,Client Referral,2020-08-08,Core,Aggressive,Standard,,Active,A016
H00731,Whitaker Household,1951,Married,IL,Lakeside Acquisition (2022),2022-04-14,Premier,Moderate,Negotiated,75,Closed,A010
H00732,Novak Household,1984,Married,TX,Lakeside Acquisition (2022),2022-04-22,Core,Growth,Standard,,Closed,A020
H00733,Iverson Household,1965,Married,CO,CPA/Attorney Referral,2013-08-21,Core,Growth,Standard,,Active,A016
H00734,Ashworth Household,1972,Married,RI,CPA/Attorney Referral,2013-09-07,Core,Conservative,Standard,,Active,A005
H00735,Thornton Household,1962,Married,CA,CPA/Attorney Referral,2020-04-26,Core,Aggressive,Standard,,Active,A011
H00736,Iverson Household,1955,Widowed,AZ,Client Referral,2006-11-17,Premier,Moderate,Standard,,Active,A026
H00737,Gallagher Household,1951,Married,CO,Other,2016-05-21,Core,Moderate,Standard,,Active,A016
H00738,Rinaldi Household,1955,Single,AZ,Client Referral,2010-08-04,Core,Moderate,Standard,,Active,A026
H00739,Chaudhry Household,1958,Married,MA,CPA/Attorney Referral,2015-08-25,Core,Moderate,Standard,,Active,A003
H00740,Larkin Household,,Married,MA,Seminar/Event,2019-09-05,Core,Conservative,Standard,,Active,A001
H00741,Beaumont Household,,Married,AZ,Seminar/Event,2015-11-26,Premier,Conservative,Standard,,Active,A027
H00742,Abernathy Household,1960,Married,CO,Client Referral,2016-02-10,Core,Moderate,Standard,,Active,A019
H00743,Novak Household,1976,Single,MA,CPA/Attorney Referral,2022-02-06,Core,Growth,Standard,,Active,A006
H00744,Larkin Household,1980,Widowed,MA,Client Referral,2022-02-12,Premier,Moderate,Negotiated,65,Active,A005
H00745,Okafor Household,1958,Married,IN,Client Referral,2019-09-28,Premier,Growth,Standard,,Active,A010
H00746,Rinaldi Household,1945,Married,CO,Seminar/Event,2018-10-31,Core,Moderate,Standard,,Closed,A016
H00747,Fitzgerald Household,1967,Single,FL,Lakeside Acquisition (2022),2022-04-23,Premier,Moderate,Standard,,Active,A009
H00748,Chaudhry Household,1971,Single,TX,Client Referral,2013-05-14,Premier,Conservative,Standard,,Active,A020
H00749,Brennan Household,1960,Widowed,WI,Seminar/Event,2015-02-16,Core,Conservative,Standard,,Active,A009
H00750,Rinaldi Household,1966,Married,AZ,Seminar/Event,2016-06-26,Core,Moderate,Standard,,Active,A026
H00751,Sullivan Household,1964,Widowed,AZ,Client Referral,2009-01-20,Core,Moderate,Standard,,Active,A026
H00752,Delgado Household,1951,Married,IL,Client Referral,2013-05-01,Core,Growth,Negotiated,80,Active,A011
H00753,Eriksen Household,1973,Married,AZ,Client Referral,2020-04-27,Premier,Aggressive,Standard,,Active,A028
H00754,Kowalski Household,1960,Married,MA,Client Referral,2011-03-16,Core,Moderate,Standard,,Active,A005
H00755,Chaudhry Household,1966,Married,TX,Lakeside Acquisition (2022),2022-04-02,Core,Conservative,Negotiated,80,Active,A021
H00756,Novak Household,1977,Widowed,TX,Lakeside Acquisition (2022),2022-04-15,Core,Conservative,Standard,,Active,A022
H00757,Lindqvist Household,1970,Married,IL,Client Referral,2020-12-16,Core,Growth,Standard,,Closed,A010
H00758,Ashworth Household,1963,Married,CO,Seminar/Event,2022-06-08,Core,Moderate,Standard,,Active,A019
H00759,Raman Household,1961,Single,MA,CPA/Attorney Referral,2019-07-17,Private Client,Growth,Standard,,Active,A004
H00760,Iverson Household,1962,Married,TX,Lakeside Acquisition (2022),2022-04-03,Core,Moderate,Standard,,Active,A021
H00761,Kowalski Household,1969,Married,CO,Client Referral,2013-08-13,Core,Moderate,Standard,,Closed,A014
H00762,Sullivan Household,1960,Widowed,AZ,Client Referral,2020-06-11,Core,Aggressive,Standard,,Active,A027
H00763,Thornton Household,1965,Divorced,IL,Client Referral,2018-03-02,Core,Growth,Negotiated,80,Active,A010
H00764,Lindqvist Household,1953,Married,TX,Lakeside Acquisition (2022),2022-05-14,Core,Moderate,Standard,,Active,A020
H00765,Novak Household,1962,Married,MA,CPA/Attorney Referral,2015-09-24,Premier,Growth,Standard,,Active,A002
H00766,Holloway Household,1972,Married,MA,CPA/Attorney Referral,2019-01-27,Core,Aggressive,Standard,,Active,A004
H00767,Beaumont Household,1976,Single,MA,Client Referral,2021-07-15,Premier,Moderate,Standard,,Active,A005
H00768,Larkin Household,1950,Married,IN,Client Referral,2018-10-04,Premier,Conservative,Standard,,Active,A009
H00769,Radcliffe Household,1965,Widowed,TX,Lakeside Acquisition (2022),2022-05-10,Premier,Conservative,Negotiated,65,Closed,A020
H00770,Abernathy Household,1963,Married,TX,Lakeside Acquisition (2022),2022-04-12,Core,Conservative,Standard,,Active,A020
H00771,Ashworth Household,1967,Married,TX,Lakeside Acquisition (2022),2022-05-14,Core,Moderate,Standard,,Closed,A022
H00772,Iverson Household,1956,Married,TX,Lakeside Acquisition (2022),2022-05-11,Core,Aggressive,Standard,,Active,A021
H00773,Whitaker Household,1954,Divorced,NV,CPA/Attorney Referral,2017-06-05,Premier,Conservative,Negotiated,75,Active,A026
H00774,Castellano Household,1958,Married,IL,Client Referral,2020-04-23,Premier,Moderate,Negotiated,75,Active,A009
H00775,Novak Household,,Widowed,MA,Client Referral,2011-10-31,Core,Growth,Standard,,Active,A002
H00776,Eriksen Household,1960,Married,TX,Lakeside Acquisition (2022),2022-04-01,Core,Growth,Standard,,Active,A020
H00777,Lindqvist Household,1976,Married,IN,Other,2011-02-28,Core,Growth,Standard,,Closed,A011
H00778,Callahan Household,1931,Widowed,TX,Client Referral,2015-10-01,Core,Moderate,Standard,,Active,A020
H00779,Lindqvist Household,1961,Married,MA,Client Referral,2015-03-25,Core,Moderate,Negotiated,80,Closed,A003
H00780,Holloway Household,1946,Widowed,WI,Other,2012-03-23,Core,Moderate,Standard,,Active,A009
H00781,Harrington Household,1951,Married,MA,Client Referral,2016-01-05,Core,Growth,Standard,,Active,A001
H00782,Beaumont Household,1960,Single,RI,Client Referral,2019-07-14,Premier,Aggressive,Negotiated,75,Active,A002
H00783,Callahan Household,1956,Single,TX,Lakeside Acquisition (2022),2022-05-03,Core,Moderate,Standard,,Active,A021
H00784,Quinlan Household,1953,Married,TX,Lakeside Acquisition (2022),2022-04-10,Premier,Moderate,Negotiated,65,Closed,A022
H00785,Prescott Household,1974,Married,MA,Client Referral,2021-06-05,Core,Growth,Negotiated,80,Active,A006
H00786,Castellano Household,1972,Married,MA,Digital/Web,2013-05-30,Core,Aggressive,Standard,,Closed,A005
H00787,Montgomery Household,1996,Widowed,NV,CPA/Attorney Referral,2010-10-19,Core,Growth,Standard,,Active,A026
H00788,Beaumont Household,1979,Married,WI,Client Referral,2019-08-04,Private Client,Growth,Standard,,Active,A009
H00789,Lindqvist Household,1960,Married,TX,Client Referral,2020-01-16,Core,Growth,Standard,,Active,A020
H00790,Iverson Household,1900,Married,IL,CPA/Attorney Referral,2020-04-05,Core,Aggressive,Negotiated,90,Active,A008
H00791,Fitzgerald Household,1961,Widowed,TX,Lakeside Acquisition (2022),2022-05-04,Core,Moderate,Standard,,Active,A020
H00792,Callahan Household,1962,Married,AZ,Client Referral,2021-12-22,Premier,Growth,Standard,,Active,A026
H00793,Callahan Household,1939,Widowed,CO,CPA/Attorney Referral,2010-09-24,Core,Moderate,Standard,,Active,A016
H00794,Marchetti Household,1954,Married,FL,Digital/Web,2021-07-23,Premier,Moderate,Standard,,Active,A017
H00795,Gallagher Household,1957,Married,WI,Client Referral,2014-08-16,Core,Moderate,Standard,,Active,A009
H00796,Kensington Household,1955,Married,MA,Seminar/Event,2008-10-21,Premier,Growth,Standard,,Active,A001
H00797,Kowalski Household,1956,Single,MA,Client Referral,2017-02-14,Core,Conservative,Standard,,Active,A004
H00798,Haverford Household,1958,Married,MA,Client Referral,2007-07-12,Core,Moderate,Standard,,Active,A001
H00799,Gallagher Household,1953,Single,NY,CPA/Attorney Referral,2010-05-20,Core,Moderate,Standard,,Active,A010
H00800,Montgomery Household,1941,Widowed,TX,CPA/Attorney Referral,2012-07-05,Premier,Moderate,Standard,,Active,A020
H00801,Sullivan Household,1956,Married,IN,Client Referral,2015-09-07,Premier,Moderate,Negotiated,65,Closed,A010
H00802,Haverford Household,1963,Married,AZ,CPA/Attorney Referral,2019-10-01,Core,Moderate,Standard,,Active,A026
H00803,Delgado Household,1972,Married,MA,Seminar/Event,2019-06-23,Premier,Growth,Standard,,Active,A005
H00804,Okafor Household,1949,Widowed,MA,Client Referral,2017-11-20,Core,Growth,Standard,,Active,A004
H00805,Beaumont Household,1959,Married,AZ,Digital/Web,2010-08-10,Core,Growth,Negotiated,80,Active,A026
H00806,Donnelly Household,1976,Single,WI,Client Referral,2015-01-12,Core,Aggressive,Standard,,Active,A010
H00807,Raman Household,1954,Divorced,RI,CPA/Attorney Referral,2022-09-11,Core,Moderate,Standard,,Active,A003
H00808,Nakamura Household,1961,Divorced,NH,Client Referral,2011-04-13,Core,Growth,Standard,,Active,A001
H00809,Nakamura Household,1968,Divorced,IL,CPA/Attorney Referral,2022-08-01,Premier,Growth,Standard,,Active,A011
H00810,Donnelly Household,1958,Married,WY,Client Referral,2017-05-05,Premier,Moderate,Negotiated,80,Active,A016
H00811,Thornton Household,1950,Widowed,RI,Client Referral,2009-07-14,Premier,Growth,Negotiated,90,Active,A001
H00812,Ashworth Household,1971,Married,MA,Client Referral,2020-01-18,Core,Growth,Standard,,Active,A005
H00813,Kowalski Household,1967,Widowed,AZ,Other,2019-06-13,Core,Moderate,Standard,,Active,A027
H00814,Radcliffe Household,1965,Married,MA,Client Referral,2009-03-08,Core,Growth,Standard,,Active,A001
H00815,Moreau Household,1956,Married,TX,Lakeside Acquisition (2022),2022-04-21,Core,Moderate,Standard,,Active,A021
H00816,Novak Household,1968,Married,IL,Client Referral,2011-05-31,Core,Aggressive,Standard,,Active,A011
H00817,Kensington Household,1948,Widowed,IN,Client Referral,2013-06-09,Premier,Conservative,Standard,,Active,A009
H00818,Rinaldi Household,1964,Married,IL,CPA/Attorney Referral,2017-08-18,Core,Conservative,Standard,,Active,A010
H00819,Lindqvist Household,1959,Married,TX,Lakeside Acquisition (2022),2022-04-18,Core,Moderate,Standard,,Closed,A020
H00820,Castellano Household,1965,Divorced,AZ,Client Referral,2016-06-23,Core,Moderate,Standard,,Active,A026
H00821,Iverson Household,1963,Married,CO,CPA/Attorney Referral,2019-10-08,Private Client,Moderate,Negotiated,65,Active,A016
H00822,Eriksen Household,1950,Married,IL,Client Referral,2019-12-22,Premier,Moderate,Negotiated,90,Active,A010
H00823,Thornton Household,1962,Single,AZ,Client Referral,2020-01-21,Core,Conservative,Standard,,Active,A027
H00824,Quinlan Household,1971,Divorced,NH,Seminar/Event,2019-02-21,Core,Aggressive,Standard,,Active,A001
H00825,Eriksen Household,1943,Single,CO,Client Referral,2013-06-05,Premier,Conservative,Standard,,Active,A019
H00826,Whitaker Household,1956,Married,CO,Client Referral,2020-03-24,Core,Conservative,Standard,,Active,A019
H00827,Radcliffe Household,1977,Divorced,TX,Client Referral,2012-09-14,Core,Growth,Standard,,Active,A020
H00828,Quinlan Household,1960,Married,FL,Other,2011-09-04,Premier,Moderate,Standard,,Active,A016
H00829,Moreau Household,1965,Single,MA,Client Referral,2009-05-25,Core,Moderate,Standard,,Active,A005
H00830,Pemberton Household,1981,Single,AZ,Client Referral,2017-09-20,Premier,Growth,Standard,,Active,A026
H00831,Okafor Household,1958,Divorced,WI,Client Referral,2014-06-30,Core,Moderate,Standard,,Active,A010
H00832,Abernathy Household,1958,Married,IL,Seminar/Event,2011-01-23,Premier,Moderate,Standard,,Closed,A008
H00833,Brennan Household,1956,Married,IL,Client Referral,2010-01-20,Premier,Growth,Standard,,Active,A010
H00834,Harrington Household,1970,Single,RI,Client Referral,2011-07-22,Core,Growth,Standard,,Active,A001
H00835,Brennan Household,1960,Single,TX,Lakeside Acquisition (2022),2022-05-02,Core,Moderate,Standard,,Active,A021
H00836,Nakamura Household,1977,Married,MA,Client Referral,2016-08-15,Core,Conservative,Negotiated,80,Active,A005
H00837,Whitaker Household,1956,Married,TX,Lakeside Acquisition (2022),2022-04-24,Premier,Conservative,Standard,,Closed,A020
H00838,Rinaldi Household,1956,Single,NH,CPA/Attorney Referral,2010-07-31,Core,Moderate,Standard,,Active,A001
H00839,Chaudhry Household,1938,Widowed,CO,CPA/Attorney Referral,2012-11-13,Core,Growth,Standard,,Active,A016
H00840,Eriksen Household,1970,Married,CO,Client Referral,2021-04-04,Premier,Growth,Standard,,Closed,A014
H00841,Raman Household,1968,Married,MA,Client Referral,2016-02-01,Premier,Conservative,Negotiated,90,Active,A003
H00842,Whitaker Household,1954,Married,TX,Lakeside Acquisition (2022),2022-05-03,Core,Moderate,Standard,,Active,A021
H00843,Iverson Household,1952,Divorced,TX,Lakeside Acquisition (2022),2022-05-08,Core,Moderate,Negotiated,65,Active,A021
H00844,Thornton Household,1981,Married,AZ,Client Referral,2013-11-12,Core,Growth,Standard,,Active,A026
H00845,Raman Household,1968,Divorced,IN,CPA/Attorney Referral,2021-06-24,Core,Moderate,Standard,,Closed,A010
H00846,Delgado Household,1959,Married,MA,Seminar/Event,2008-04-09,Private Client,Moderate,Negotiated,80,Closed,A001
H00847,Rinaldi Household,1966,Single,CO,Client Referral,2019-09-29,Core,Moderate,Standard,,Active,A019
H00848,Okafor Household,1956,Married,MA,CPA/Attorney Referral,2018-02-11,Premier,Growth,Negotiated,90,Active,A004
H00849,Castellano Household,1960,Married,TX,Lakeside Acquisition (2022),2022-04-05,Core,Aggressive,Standard,,Active,A022
H00850,Raman Household,1954,Single,TX,CPA/Attorney Referral,2022-10-04,Premier,Moderate,Standard,,Closed,A022
H00851,Eriksen Household,1955,Married,FL,CPA/Attorney Referral,2020-05-25,Core,Moderate,Standard,,Active,A011
H00852,Kensington Household,1982,Married,TX,Lakeside Acquisition (2022),2022-04-30,Premier,Aggressive,Negotiated,65,Closed,A021
H00853,Chaudhry Household,1971,Married,MA,Client Referral,2015-12-05,Core,Conservative,Standard,,Active,A002
H00854,Whitaker Household,1971,Married,IL,Other,2022-05-08,Core,Growth,Standard,,Active,A010
H00855,Montgomery Household,1952,Married,TX,Client Referral,2017-01-13,Premier,Conservative,Negotiated,90,Active,A020
H00856,Pemberton Household,1953,Single,MA,Client Referral,2021-01-02,Core,Moderate,Standard,,Active,A002
H00857,Beaumont Household,1976,Married,CO,CPA/Attorney Referral,2017-07-11,Core,Growth,Standard,,Active,A016
H00858,Nakamura Household,1960,Married,MA,CPA/Attorney Referral,2016-10-30,Private Client,Growth,Standard,,Active,A005
H00859,Quinlan Household,1987,Married,TX,Lakeside Acquisition (2022),2022-05-14,Core,Growth,Standard,,Closed,A020
H00860,Delgado Household,1940,Married,TX,Lakeside Acquisition (2022),2022-05-09,Premier,Moderate,Standard,,Active,A021
H00861,Holloway Household,1956,Married,TX,Lakeside Acquisition (2022),2022-04-26,Core,Growth,Standard,,Active,A020
H00862,Rinaldi Household,1962,Married,AZ,CPA/Attorney Referral,2022-08-13,Core,Moderate,Standard,,Active,A027
H00863,Okafor Household,1958,Married,IL,Digital/Web,2019-08-07,Core,Moderate,Standard,,Active,A010
H00864,Chaudhry Household,1981,Married,MA,Seminar/Event,2013-12-02,Core,Moderate,Standard,,Active,A001
H00865,Quinlan Household,1957,Married,MA,Client Referral,2018-10-13,Core,Moderate,Standard,,Active,A002
H00866,Callahan Household,1957,Widowed,AZ,Seminar/Event,2021-09-24,Premier,Growth,Standard,,Active,A026
H00867,Whitaker Household,1964,Married,CO,Client Referral,2018-11-12,Premier,Growth,Standard,,Active,A016
H00868,Nakamura Household,1931,Divorced,IL,CPA/Attorney Referral,2019-05-27,Core,Growth,Standard,,Closed,A010
H00869,Vasquez Household,1971,Divorced,IN,Seminar/Event,2016-05-23,Premier,Growth,Standard,,Active,A010
H00870,Kensington Household,1962,Single,IL,Client Referral,2021-08-26,Core,Moderate,Standard,,Active,A011
H00871,Fitzgerald Household,1952,Married,TX,Client Referral,2019-08-01,Core,Conservative,Standard,,Active,A021
H00872,Castellano Household,1966,Married,AZ,CPA/Attorney Referral,2019-01-17,Premier,Moderate,Standard,,Active,A026
H00873,Abernathy Household,1943,Widowed,IN,CPA/Attorney Referral,2012-01-15,Core,Conservative,Standard,,Active,A011
H00874,Holloway Household,,Married,IN,Client Referral,2017-02-07,Premier,Growth,Negotiated,80,Active,A010
H00875,Abernathy Household,1947,Married,RI,Client Referral,2015-06-09,Core,Conservative,Negotiated,90,Active,A003
H00876,Fitzgerald Household,1950,Married,WY,Digital/Web,2022-11-23,Premier,Conservative,Negotiated,65,Active,A019
H00877,Radcliffe Household,1961,Married,IL,Seminar/Event,2019-07-11,Core,Conservative,Standard,,Active,A011
H00878,Okafor Household,1959,Married,MA,Client Referral,2016-12-25,Core,Moderate,Standard,,Active,A002
H00879,Donnelly Household,1965,Married,TX,Client Referral,2015-12-29,Core,Moderate,Standard,,Active,A020
H00880,Pemberton Household,1961,Widowed,AZ,Client Referral,2009-06-14,Core,Moderate,Standard,,Active,A026
H00881,Moreau Household,1954,Married,FL,Seminar/Event,2021-12-31,Core,Moderate,Standard,,Active,A018
H00882,Abernathy Household,1950,Widowed,IL,CPA/Attorney Referral,2018-06-10,Core,Conservative,Standard,,Active,A011
H00883,Holloway Household,1965,Married,RI,Client Referral,2021-12-07,Private Client,Growth,Standard,,Active,A005
H00884,Brennan Household,1970,Divorced,AZ,CPA/Attorney Referral,2011-02-17,Premier,Growth,Standard,,Active,A026
H00885,Larkin Household,1953,Single,TX,Seminar/Event,2019-05-27,Core,Conservative,Standard,,Active,A020
H00886,Chaudhry Household,1960,Married,TX,Other,2020-05-16,Premier,Moderate,Standard,,Active,A021
H00887,Callahan Household,1970,Married,NY,Client Referral,2013-07-27,Core,Moderate,Standard,,Active,A019
H00888,Gallagher Household,1964,Single,IL,Client Referral,2014-07-04,Core,Moderate,Standard,,Active,A009
H00889,Iverson Household,1964,Married,CO,Client Referral,2022-07-18,Core,Moderate,Standard,,Active,A014
H00890,Larkin Household,1967,Married,NH,Other,2015-07-15,Core,Conservative,Standard,,Active,A003
H00891,Donnelly Household,1953,Married,CO,Lakeside Acquisition (2022),2022-05-14,Core,Moderate,Standard,,Closed,A018
H00892,Quinlan Household,1972,Married,CO,CPA/Attorney Referral,2021-12-17,Premier,Growth,Standard,,Active,A014
H00893,Iverson Household,1953,Married,RI,Digital/Web,2015-05-30,Core,Aggressive,Negotiated,75,Active,A001
H00894,Iverson Household,1955,Widowed,MA,Client Referral,2009-02-12,Core,Conservative,Standard,,Active,A001
H00895,Prescott Household,1941,Widowed,IL,CPA/Attorney Referral,2021-07-17,Premier,Moderate,Standard,,Active,A011
H00896,Moreau Household,1966,Married,TX,Other,2022-08-17,Premier,Moderate,Standard,,Active,A023
H00897,Sullivan Household,1960,Married,WI,Lakeside Acquisition (2022),2022-04-29,Premier,Growth,Standard,,Active,A011
H00898,Novak Household,1981,Divorced,CO,Client Referral,2019-11-22,Premier,Moderate,Standard,,Active,A014
H00899,Whitaker Household,1969,Married,MA,Client Referral,2007-06-11,Core,Moderate,Standard,,Active,A001
H00900,Iverson Household,1964,Married,TX,Digital/Web,2021-10-23,Core,Growth,Standard,,Active,A020
H00901,Kowalski Household,1961,Single,AZ,Seminar/Event,2021-10-15,Premier,Aggressive,Standard,,Active,A026
H00902,Holloway Household,1972,Single,TX,Seminar/Event,2016-05-01,Private Client,Conservative,Negotiated,80,Active,A020
H00903,Kowalski Household,1958,Married,AZ,Client Referral,2006-08-19,Core,Moderate,Standard,,Active,A026
H00904,Brennan Household,1955,Widowed,MA,Digital/Web,2022-02-18,Core,Growth,Standard,,Active,A004
H00905,Moreau Household,1973,Married,RI,Client Referral,2013-02-21,Premier,Moderate,Negotiated,80,Active,A005
H00906,Brennan Household,1947,Widowed,MA,Client Referral,2019-10-31,Private Client,Conservative,Standard,,Active,A004
H00907,Brennan Household,1967,Married,IL,Client Referral,2013-02-09,Core,Growth,Standard,,Active,A011
H00908,Lindqvist Household,1972,Married,MA,Seminar/Event,2019-03-24,Core,Growth,Standard,,Active,A003
H00909,Iverson Household,1975,Married,RI,Digital/Web,2012-07-25,Premier,Conservative,Standard,,Active,A005
H00910,Abernathy Household,1977,Married,CO,Digital/Web,2020-09-15,Premier,Aggressive,Negotiated,65,Active,A016
H00911,Pemberton Household,1960,Single,NV,Digital/Web,2014-11-27,Premier,Growth,Standard,,Active,A026
H00912,Marchetti Household,1964,Married,CO,Digital/Web,2019-11-20,Core,Moderate,Standard,,Active,A016
H00913,Rinaldi Household,1972,Married,TX,CPA/Attorney Referral,2014-03-26,Premier,Conservative,Negotiated,80,Closed,A020
H00914,Chaudhry Household,1951,Married,NH,Seminar/Event,2008-05-12,Core,Conservative,Standard,,Active,A005
H00915,Lindqvist Household,1942,Widowed,RI,Client Referral,2022-02-25,Core,Moderate,Standard,,Active,A002
H00916,Kowalski Household,1966,Widowed,FL,Lakeside Acquisition (2022),2022-04-29,Premier,Moderate,Negotiated,75,Active,A020
H00917,Rinaldi Household,1957,Married,TX,Lakeside Acquisition (2022),2022-05-02,Core,Conservative,Standard,,Active,A020
H00918,Kowalski Household,1954,Married,MA,Digital/Web,2018-03-17,Core,Conservative,Standard,,Active,A003
H00919,Montgomery Household,1965,Widowed,IL,Client Referral,2014-05-15,Core,Moderate,Standard,,Active,A009
H00920,Kowalski Household,1982,Married,IN,Client Referral,2014-05-22,Core,Moderate,Negotiated,80,Active,A010
H00921,Novak Household,1970,Married,TX,Client Referral,2021-06-27,Core,Growth,Standard,,Active,A022
H00922,Vasquez Household,1956,Widowed,RI,CPA/Attorney Referral,2013-06-28,Premier,Conservative,Standard,,Closed,A001
H00923,Eriksen Household,1980,Married,AZ,Client Referral,2017-08-09,Core,Growth,Standard,,Active,A026
H00924,Gallagher Household,1987,Married,AZ,Client Referral,2009-08-15,Core,Growth,Standard,,Active,A026
H00925,Quinlan Household,1966,Divorced,MA,Lakeside Acquisition (2022),2022-05-09,Premier,Moderate,Negotiated,75,Active,A001
H00926,Rinaldi Household,1979,Married,RI,Client Referral,2016-07-07,Premier,Aggressive,Standard,,Active,A001
H00927,Ashworth Household,1959,Married,IL,Digital/Web,2019-06-28,Premier,Moderate,Negotiated,65,Active,A009
H00928,Raman Household,1967,Married,NC,Client Referral,2009-06-04,Core,Aggressive,Standard,,Active,A005
H00929,Beaumont Household,1969,Married,AZ,Digital/Web,2018-05-09,Core,Moderate,Negotiated,65,Active,A026
H00930,Rinaldi Household,1975,Married,TX,Lakeside Acquisition (2022),2022-05-11,Core,Growth,Standard,,Closed,A020
H00931,Quinlan Household,1993,Married,CO,Other,2020-08-29,Core,Growth,Negotiated,65,Active,A018
H00932,Prescott Household,1944,Married,NY,CPA/Attorney Referral,2017-01-23,Core,Moderate,Standard,,Active,A009
H00933,Gallagher Household,1964,Single,NC,CPA/Attorney Referral,2009-01-06,Core,Growth,Standard,,Active,A001
H00934,Donnelly Household,1968,Married,MA,Client Referral,2016-02-08,Core,Growth,Standard,,Active,A001
H00935,Iverson Household,1958,Married,WI,CPA/Attorney Referral,2015-01-08,Core,Moderate,Standard,,Active,A009
H00936,Delgado Household,1973,Married,TX,Client Referral,2013-01-25,Premier,Growth,Standard,,Active,A020
H00937,Eriksen Household,1969,Married,AZ,Client Referral,2005-12-11,Premier,Moderate,Negotiated,90,Active,A026
H00938,Ashworth Household,1955,Divorced,TX,Client Referral,2018-02-19,Core,Moderate,Standard,,Active,A020
H00939,Raman Household,1956,Single,MA,CPA/Attorney Referral,2016-12-18,Premier,Moderate,Negotiated,80,Active,A005
H00940,Sullivan Household,1974,Single,MA,Digital/Web,2022-02-12,Core,Growth,Negotiated,90,Active,A004
H00941,Kowalski Household,1949,Married,NV,Digital/Web,2016-09-16,Core,Growth,Negotiated,75,Active,A026
H00942,Donnelly Household,1965,Single,CO,Client Referral,2019-04-13,Core,Growth,Standard,,Active,A019
H00943,Brennan Household,1968,Married,RI,Client Referral,2020-08-01,Core,Moderate,Standard,,Active,A005
H00944,Marchetti Household,1970,Married,IL,Client Referral,2015-09-03,Core,Moderate,Negotiated,80,Active,A012
H00945,Montgomery Household,1951,Married,TX,Client Referral,2014-04-04,Core,Conservative,Standard,,Active,A020
H00946,Kensington Household,1963,Married,NV,Client Referral,2010-09-05,Core,Conservative,Standard,,Active,A026
H00947,Whitaker Household,,Widowed,CO,Digital/Web,2010-12-21,Core,Aggressive,Negotiated,90,Active,A019
H00948,Iverson Household,1956,Married,NV,Client Referral,2016-07-05,Core,Conservative,Standard,,Active,A027
H00949,Montgomery Household,1966,Married,CO,Other,2017-04-08,Premier,Growth,Negotiated,90,Closed,A016
H00950,Callahan Household,1943,Married,CO,Client Referral,2019-09-12,Core,Conservative,Standard,,Active,A016
H00951,Kowalski Household,1978,Single,TX,Lakeside Acquisition (2022),2022-04-03,Core,Moderate,Standard,,Active,A022
H00952,Thornton Household,1979,Married,NH,Digital/Web,2022-11-23,Core,Moderate,Standard,,Active,A001
H00953,Rinaldi Household,1966,Married,IL,Seminar/Event,2019-03-15,Core,Conservative,Negotiated,75,Active,A012
H00954,Rinaldi Household,1969,Married,NV,Client Referral,2015-02-28,Core,Growth,Standard,,Active,A027
H00955,Quinlan Household,1966,Single,IL,Client Referral,2014-01-20,Core,Moderate,Negotiated,90,Active,A009
H00956,Thornton Household,1951,Widowed,CO,CPA/Attorney Referral,2022-07-05,Premier,Moderate,Negotiated,65,Active,A016
H00957,Novak Household,1963,Married,WI,Client Referral,2018-04-28,Core,Conservative,Standard,,Active,A011
H00958,Donnelly Household,1965,Married,NV,Digital/Web,2012-01-27,Core,Moderate,Standard,,Active,A026
H00959,Eriksen Household,1961,Single,TX,Seminar/Event,2018-12-22,Premier,Moderate,Standard,,Active,A021
H00960,Eriksen Household,,Widowed,NH,Client Referral,2020-08-17,Premier,Moderate,Standard,,Closed,A004
H00961,Brennan Household,1956,Single,NH,Client Referral,2015-06-14,Core,Moderate,Standard,,Active,A003
H00962,Gallagher Household,1953,Married,IL,Client Referral,2016-03-23,Core,Growth,Standard,,Active,A009
H00963,Nakamura Household,1951,Married,CO,Client Referral,2017-05-23,Core,Conservative,Standard,,Active,A016
H00964,Delgado Household,1949,Widowed,TX,Lakeside Acquisition (2022),2022-04-11,Premier,Conservative,Negotiated,65,Active,A023
H00965,Brennan Household,1973,Single,MA,CPA/Attorney Referral,2021-11-29,Core,Growth,Standard,,Active,A004
H00966,Iverson Household,1963,Married,MA,Client Referral,2020-01-23,Premier,Growth,Standard,,Active,A001
H00967,Haverford Household,1944,Divorced,CO,Seminar/Event,2022-02-10,Premier,Moderate,Standard,,Closed,A016
H00968,Pemberton Household,1960,Married,CA,Other,2021-01-31,Core,Conservative,Standard,,Closed,A022
H00969,Nakamura Household,1960,Single,NH,Client Referral,2021-08-15,Core,Moderate,Standard,,Active,A005
H00970,Marchetti Household,1953,Married,CO,Client Referral,2015-12-22,Core,Conservative,Standard,,Closed,A019
H00971,Thornton Household,1957,Single,TX,Digital/Web,2019-07-28,Core,Moderate,Standard,,Closed,A020
H00972,Iverson Household,1965,Widowed,CO,Client Referral,2011-05-13,Core,Conservative,Standard,,Active,A019
H00973,Delgado Household,1970,Married,CO,CPA/Attorney Referral,2015-06-11,Core,Growth,Standard,,Active,A016
H00974,Rinaldi Household,1939,Married,CO,Client Referral,2021-10-01,Core,Conservative,Standard,,Active,A016
H00975,Novak Household,1955,Married,MA,Seminar/Event,2015-02-26,Premier,Moderate,Standard,,Active,A002
H00976,Haverford Household,1962,Married,CO,Client Referral,2012-03-18,Premier,Conservative,Standard,,Active,A019
H00977,Delgado Household,1959,Married,MA,Seminar/Event,2018-11-25,Premier,Growth,Standard,,Active,A005
H00978,Haverford Household,1967,Married,WI,Seminar/Event,2019-10-23,Core,Moderate,Standard,,Closed,A008
H00979,Fitzgerald Household,1958,Divorced,TX,Lakeside Acquisition (2022),2022-05-03,Premier,Growth,Standard,,Active,A022
H00980,Iverson Household,1975,Divorced,AZ,Client Referral,2017-02-24,Core,Aggressive,Standard,,Closed,A026
H00981,Gallagher Household,1969,Married,TX,Client Referral,2019-01-23,Core,Growth,Standard,,Active,A021
H00982,Whitaker Household,1958,Married,TX,Client Referral,2016-03-06,Core,Aggressive,Standard,,Active,A020
H00983,Nakamura Household,1972,Married,NH,Client Referral,2014-08-20,Core,Growth,Standard,,Active,A001
H00984,Chaudhry Household,1965,Single,TX,CPA/Attorney Referral,2021-01-25,Core,Moderate,Standard,,Closed,A020
H00985,Lindqvist Household,1966,Married,WI,Seminar/Event,2022-02-15,Premier,Moderate,Standard,,Active,A010
H00986,Moreau Household,1948,Married,NY,Digital/Web,2016-04-02,Core,Growth,Standard,,Active,A003
H00987,Chaudhry Household,1977,Married,MA,Seminar/Event,2017-07-27,Core,Growth,Standard,,Active,A005
H00988,Novak Household,1968,Divorced,NV,Digital/Web,2015-06-27,Premier,Conservative,Standard,,Active,A027
H00989,Pemberton Household,1957,Married,CO,Seminar/Event,2012-09-05,Core,Moderate,Standard,,Active,A016
H00990,Chaudhry Household,1976,Married,MA,Digital/Web,2021-09-06,Premier,Moderate,Negotiated,80,Active,A001
H00991,Vasquez Household,1958,Married,TX,Seminar/Event,2020-05-01,Core,Growth,Standard,,Closed,A021
H00992,Whitaker Household,1959,Single,TX,CPA/Attorney Referral,2021-09-27,Core,Growth,Standard,,Active,A022
H00993,Abernathy Household,1948,Widowed,WY,Client Referral,2013-07-04,Premier,Conservative,Standard,,Active,A019
H00994,Castellano Household,1951,Widowed,NY,CPA/Attorney Referral,2022-06-08,Core,Aggressive,Standard,,Active,A026
H00995,Eriksen Household,1965,Married,NV,Digital/Web,2008-01-29,Core,Growth,Standard,,Active,A026
H00996,Haverford Household,1962,Widowed,AZ,CPA/Attorney Referral,2010-11-24,Private Client,Growth,Negotiated,80,Active,A026
H00997,Whitaker Household,1966,Divorced,MA,Client Referral,2015-09-13,Core,Moderate,Standard,,Active,A003
H00998,Harrington Household,1973,Married,WI,Client Referral,2013-09-26,Core,Moderate,Standard,,Active,A011
H00999,Kensington Household,1948,Widowed,TX,Lakeside Acquisition (2022),2022-04-15,Core,Moderate,Standard,,Closed,A021
H01000,Marchetti Household,1960,Married,TX,Client Referral,2013-09-28,Core,Moderate,Standard,,Active,A020
H01001,Marchetti Household,1966,Married,WY,Client Referral,2011-12-29,Core,Moderate,Standard,,Active,A016
H01002,Vasquez Household,1969,Married,AZ,Other,2022-02-11,Premier,Aggressive,Negotiated,90,Active,A026
H01003,Thornton Household,,Married,AZ,CPA/Attorney Referral,2022-06-19,Core,Moderate,Standard,,Active,A026
H01004,Fitzgerald Household,1966,Married,MA,Client Referral,2018-02-21,Premier,Growth,Standard,,Active,A003
H01005,Callahan Household,1987,Divorced,AZ,Client Referral,2013-06-30,Core,Moderate,Standard,,Active,A026
H01006,Ashworth Household,1969,Married,AZ,Client Referral,2007-02-01,Private Client,Growth,Standard,,Active,A026
H01007,Eriksen Household,1977,Married,FL,CPA/Attorney Referral,2021-05-22,Core,Moderate,Negotiated,75,Active,A022
H01008,Moreau Household,1961,Married,TX,Lakeside Acquisition (2022),2022-05-13,Core,Moderate,Standard,,Active,A021
H01009,Thornton Household,1965,Single,WI,Client Referral,2009-11-11,Premier,Moderate,Standard,,Active,A010
H01010,Lindqvist Household,1971,Married,CA,Lakeside Acquisition (2022),2022-04-07,Core,Aggressive,Standard,,Active,A023
H01011,Fitzgerald Household,1961,Single,MA,Client Referral,2014-07-30,Core,Growth,Negotiated,75,Closed,A005
H01012,Gallagher Household,1953,Married,CO,Seminar/Event,2019-09-09,Core,Conservative,Standard,,Active,A016
H01013,Whitaker Household,1961,Divorced,AZ,Seminar/Event,2013-05-26,Core,Aggressive,Standard,,Closed,A025
H01014,Brennan Household,1964,Single,TX,Lakeside Acquisition (2022),2022-04-04,Core,Moderate,Standard,,Active,A020
H01015,Radcliffe Household,1969,Married,TX,Lakeside Acquisition (2022),2022-05-03,Core,Moderate,Standard,,Closed,A022
H01016,Eriksen Household,1959,Married,TX,Lakeside Acquisition (2022),2022-04-28,Core,Conservative,Standard,,Active,A021
H01017,Eriksen Household,1966,Widowed,IL,Digital/Web,2012-01-10,Premier,Moderate,Standard,,Closed,A008
H01018,Nakamura Household,1959,Married,TX,Lakeside Acquisition (2022),2022-04-16,Core,Conservative,Standard,,Closed,A020
H01019,Beaumont Household,1969,Married,NH,Digital/Web,2019-02-20,Premier,Conservative,Standard,,Active,A004
H01020,Eriksen Household,1966,Married,NH,Client Referral,2015-06-11,Core,Growth,Standard,,Active,A001
H01021,Larkin Household,1947,Married,WY,Seminar/Event,2016-12-05,Premier,Moderate,Standard,,Closed,A016
H01022,Vasquez Household,1958,Married,NV,Seminar/Event,2007-04-12,Premier,Moderate,Standard,,Active,A026
H01023,Gallagher Household,1958,Divorced,NV,Client Referral,2017-06-09,Private Client,Moderate,Negotiated,65,Closed,A026
H01024,Fitzgerald Household,1949,Divorced,IL,Client Referral,2017-07-21,Core,Moderate,Standard,,Closed,A008
H01025,Quinlan Household,1966,Married,AZ,Seminar/Event,2017-07-20,Core,Conservative,Standard,,Active,A027
H01026,Okafor Household,1964,Married,MA,Digital/Web,2016-06-07,Premier,Aggressive,Standard,,Active,A005
H01027,Donnelly Household,1931,Widowed,CO,CPA/Attorney Referral,2022-07-15,Core,Growth,Negotiated,65,Active,A014
H01028,Novak Household,1973,Divorced,MA,Seminar/Event,2021-09-14,Core,Aggressive,Standard,,Active,A002
H01029,Quinlan Household,1973,Married,TX,Lakeside Acquisition (2022),2022-05-04,Premier,Moderate,Negotiated,75,Active,A022
H01030,Iverson Household,1950,Married,CO,Digital/Web,2019-04-13,Core,Growth,Standard,,Active,A018
H01031,Montgomery Household,1976,Married,NV,Digital/Web,2021-04-05,Premier,Growth,Standard,,Active,A026
H01032,Gallagher Household,1968,Married,AZ,Other,2017-09-07,Core,Growth,Negotiated,80,Active,A026
H01033,Rinaldi Household,1957,Married,TX,Client Referral,2020-04-23,Core,Moderate,Standard,,Active,A022
H01034,Rinaldi Household,1970,Married,NC,Client Referral,2015-09-07,Core,Moderate,Standard,,Closed,A011
H01035,Iverson Household,1964,Married,AZ,Client Referral,2018-02-28,Premier,Moderate,Standard,,Active,A027
H01036,Holloway Household,1951,Widowed,IL,Client Referral,2019-01-31,Private Client,Conservative,Negotiated,90,Active,A009
H01037,Raman Household,1968,Married,CO,Client Referral,2018-11-19,Premier,Moderate,Standard,,Active,A016
H01038,Iverson Household,1978,Married,AZ,Client Referral,2015-10-11,Private Client,Growth,Standard,,Active,A027
H01039,Lindqvist Household,1973,Divorced,WY,Digital/Web,2015-05-27,Premier,Growth,Standard,,Active,A016
H01040,Sullivan Household,1978,Widowed,TX,Lakeside Acquisition (2022),2022-04-12,Core,Moderate,Standard,,Active,A022
H01041,Rinaldi Household,1960,Married,IL,Client Referral,2020-09-14,Premier,Growth,Negotiated,80,Active,A010
H01042,Okafor Household,1955,Married,MA,Client Referral,2015-08-19,Premier,Moderate,Negotiated,65,Active,A002
H01043,Prescott Household,1955,Married,TX,Client Referral,2016-10-16,Core,Conservative,Standard,,Active,A021
H01044,Rinaldi Household,1947,Widowed,TX,Lakeside Acquisition (2022),2022-04-24,Core,Growth,Standard,,Active,A022
H01045,Holloway Household,1950,Married,RI,Client Referral,2008-03-10,Core,Growth,Standard,,Active,A001
H01046,Lindqvist Household,1969,Married,TX,Lakeside Acquisition (2022),2022-04-01,Core,Conservative,Standard,,Closed,A022
H01047,Donnelly Household,1971,Divorced,MA,Seminar/Event,2018-07-11,Core,Growth,Standard,,Active,A002
H01048,Castellano Household,1942,Married,IL,Seminar/Event,2021-10-23,Core,Conservative,Standard,,Active,A011
H01049,Donnelly Household,1965,Married,CA,Seminar/Event,2020-11-19,Premier,Moderate,Standard,,Closed,A010
H01050,Holloway Household,1983,Single,IN,Lakeside Acquisition (2022),2022-04-03,Core,Aggressive,Standard,,Closed,A008
H01051,Haverford Household,1966,Married,WI,CPA/Attorney Referral,2022-08-10,Core,Moderate,Standard,,Active,A011
H01052,Abernathy Household,,Married,FL,Seminar/Event,2015-07-26,Premier,Growth,Standard,,Active,A014
H01053,Callahan Household,1954,Married,AZ,Client Referral,2018-03-07,Core,Conservative,Standard,,Active,A027
H01054,Whitaker Household,1948,Widowed,MA,CPA/Attorney Referral,2013-06-09,Core,Moderate,Negotiated,80,Active,A002
H01055,Castellano Household,1959,Married,IL,CPA/Attorney Referral,2020-09-24,Core,Growth,Standard,,Active,A009
H01056,Fitzgerald Household,1956,Married,IL,Client Referral,2015-11-22,Premier,Moderate,Negotiated,65,Active,A009
H01057,Prescott Household,1943,Widowed,WI,Client Referral,2016-08-08,Premier,Conservative,Negotiated,80,Closed,A011
H01058,Marchetti Household,1970,Married,NC,Client Referral,2010-05-16,Premier,Moderate,Standard,,Active,A026
H01059,Chaudhry Household,1948,Married,IL,CPA/Attorney Referral,2014-10-16,Core,Conservative,Standard,,Active,A009
H01060,Lindqvist Household,1962,Married,WI,Digital/Web,2015-12-10,Core,Growth,Standard,,Closed,A010
H01061,Callahan Household,1962,Single,TX,Seminar/Event,2015-02-01,Core,Moderate,Standard,,Active,A020
H01062,Marchetti Household,1962,Married,IL,CPA/Attorney Referral,2016-04-12,Premier,Moderate,Standard,,Closed,A011
H01063,Eriksen Household,1943,Married,RI,CPA/Attorney Referral,2016-12-02,Core,Moderate,Standard,,Active,A004
H01064,Prescott Household,1953,Married,FL,Lakeside Acquisition (2022),2022-05-09,Core,Aggressive,Standard,,Active,A023
H01065,Eriksen Household,1972,Married,AZ,Client Referral,2013-08-28,Core,Aggressive,Standard,,Active,A026
H01066,Lindqvist Household,1986,Married,RI,Client Referral,2019-12-22,Core,Moderate,Standard,,Active,A002
H01067,Prescott Household,1956,Married,CO,Client Referral,2022-12-06,Core,Conservative,Standard,,Active,A016
H01068,Vasquez Household,1951,Married,IL,CPA/Attorney Referral,2014-07-31,Core,Conservative,Standard,,Active,A012
H01069,Castellano Household,1958,Married,WI,Seminar/Event,2014-11-17,Core,Conservative,Standard,,Active,A009
H01070,Eriksen Household,1960,Married,MA,Seminar/Event,2016-04-16,Premier,Moderate,Negotiated,80,Active,A003
H01071,Iverson Household,1945,Divorced,AZ,CPA/Attorney Referral,2019-05-03,Premier,Moderate,Standard,,Active,A026
H01072,Gallagher Household,1960,Married,FL,Client Referral,2020-10-02,Core,Growth,Standard,,Active,A005
H01073,Beaumont Household,1965,Married,AZ,Client Referral,2016-04-22,Premier,Conservative,Negotiated,65,Active,A026
H01074,Marchetti Household,1975,Married,IL,Seminar/Event,2021-11-23,Core,Aggressive,Standard,,Active,A010
H01075,Harrington Household,1945,Widowed,CO,Digital/Web,2016-07-28,Private Client,Moderate,Standard,,Active,A014
H01076,Donnelly Household,1944,Married,TX,Client Referral,2012-11-18,Core,Moderate,Standard,,Active,A020
H01077,Thornton Household,1955,Married,AZ,CPA/Attorney Referral,2020-02-24,Core,Conservative,Standard,,Closed,A028
H01078,Raman Household,1954,Married,MA,CPA/Attorney Referral,2006-11-08,Private Client,Moderate,Standard,,Active,A001
H01079,Kowalski Household,1946,Married,FL,Client Referral,2013-05-07,Premier,Conservative,Negotiated,75,Active,A026
H01080,Marchetti Household,1941,Widowed,IL,Client Referral,2017-03-28,Premier,Moderate,Standard,,Active,A010
H01081,Fitzgerald Household,1986,Married,MA,Client Referral,2020-07-24,Premier,Growth,Standard,,Closed,A003
H01082,Chaudhry Household,1956,Married,RI,Digital/Web,2022-01-09,Core,Moderate,Standard,,Active,A005
H01083,Novak Household,1946,Married,MA,Client Referral,2021-07-01,Core,Growth,Standard,,Active,A005
H01084,Fitzgerald Household,1968,Widowed,TX,Lakeside Acquisition (2022),2022-04-27,Premier,Moderate,Standard,,Active,A022
H01085,Nakamura Household,1944,Divorced,AZ,Client Referral,2015-03-03,Premier,Conservative,Standard,,Active,A027
H01086,Thornton Household,1964,Married,CO,CPA/Attorney Referral,2017-10-05,Core,Moderate,Negotiated,90,Active,A014
H01087,Okafor Household,1962,Married,TX,Lakeside Acquisition (2022),2022-04-23,Core,Moderate,Negotiated,80,Active,A020
H01088,Kowalski Household,1945,Married,WY,Client Referral,2017-09-09,Core,Conservative,Standard,,Closed,A016
H01089,Fitzgerald Household,1974,Married,TX,Lakeside Acquisition (2022),2022-05-14,Premier,Growth,Negotiated,75,Closed,A023
H01090,Nakamura Household,1972,Married,CO,Client Referral,2013-02-26,Premier,Growth,Standard,,Active,A016
H01091,Delgado Household,1933,Widowed,IL,Seminar/Event,2011-01-13,Core,Aggressive,Standard,,Active,A012
H01092,Brennan Household,,Married,FL,Seminar/Event,2019-04-21,Premier,Growth,Standard,,Active,A019
H01093,Prescott Household,1970,Married,WI,Seminar/Event,2021-11-08,Core,Moderate,Standard,,Active,A010
H01094,Delgado Household,1952,Married,CA,Client Referral,2016-06-13,Core,Moderate,Standard,,Active,A010
H01095,Marchetti Household,1957,Married,AZ,CPA/Attorney Referral,2009-09-18,Private Client,Moderate,Standard,,Active,A026
H01096,Kowalski Household,1976,Married,IL,CPA/Attorney Referral,2019-08-12,Core,Aggressive,Standard,,Active,A010
H01097,Kowalski Household,1967,Married,TX,Lakeside Acquisition (2022),2022-04-11,Core,Moderate,Standard,,Active,A022
H01098,Marchetti Household,1972,Married,MA,Client Referral,2007-12-02,Core,Growth,Standard,,Active,A001
H01099,Brennan Household,1967,Single,NY,Digital/Web,2011-07-23,Premier,Growth,Standard,,Active,A001
H01100,Novak Household,1946,Widowed,FL,Client Referral,2016-02-17,Premier,Conservative,Standard,,Active,A020
H01101,Kensington Household,1973,Married,TX,Client Referral,2018-11-29,Core,Growth,Standard,,Active,A021
H01102,Ashworth Household,1953,Divorced,IL,Client Referral,2020-01-07,Premier,Moderate,Standard,,Closed,A010
H01103,Fitzgerald Household,1954,Married,RI,CPA/Attorney Referral,2020-07-04,Premier,Moderate,Standard,,Active,A002
H01104,Sullivan Household,1961,Widowed,AZ,Client Referral,2019-07-27,Premier,Moderate,Standard,,Active,A026
H01105,Moreau Household,1953,Widowed,AZ,Client Referral,2008-01-13,Core,Growth,Standard,,Active,A026
H01106,Beaumont Household,1952,Married,TX,Lakeside Acquisition (2022),2022-04-19,Premier,Conservative,Standard,,Active,A020
H01107,Harrington Household,1952,Married,IN,CPA/Attorney Referral,2010-01-27,Core,Moderate,Standard,,Active,A012
H01108,Eriksen Household,1954,Married,NC,Client Referral,2010-11-27,Core,Conservative,Standard,,Active,A011
H01109,Callahan Household,1965,Married,CA,Client Referral,2018-12-09,Premier,Moderate,Negotiated,90,Active,A026
H01110,Larkin Household,1957,Married,IL,Lakeside Acquisition (2022),2022-05-07,Core,Moderate,Standard,,Active,A012
H01111,Beaumont Household,1946,Single,AZ,Client Referral,2019-05-16,Premier,Moderate,Standard,,Active,A026
H01112,Marchetti Household,1963,Married,WY,Client Referral,2016-12-24,Core,Growth,Standard,,Active,A016
H01113,Radcliffe Household,1965,Single,IL,Client Referral,2014-05-09,Premier,Growth,Standard,,Closed,A011
H01114,Okafor Household,1964,Married,TX,CPA/Attorney Referral,2018-04-30,Core,Moderate,Standard,,Active,A020
H01115,Castellano Household,1964,Widowed,FL,CPA/Attorney Referral,2016-08-17,Core,Conservative,Standard,,Active,A016
H01116,Donnelly Household,1956,Single,AZ,Client Referral,2013-01-27,Premier,Conservative,Standard,,Active,A026
H01117,Castellano Household,1954,Widowed,IL,Other,2015-10-20,Premier,Conservative,Standard,,Active,A010
H01118,Chaudhry Household,1966,Married,IL,Client Referral,2017-06-21,Core,Moderate,Standard,,Closed,A010
H01119,Haverford Household,1969,Married,TX,Client Referral,2021-12-21,Premier,Growth,Standard,,Active,A020
H01120,Thornton Household,1968,Married,AZ,Client Referral,2019-03-22,Core,Conservative,Standard,,Active,A026
H01121,Radcliffe Household,1954,Married,MA,CPA/Attorney Referral,2021-05-21,Private Client,Growth,Standard,,Active,A001
H01122,Lindqvist Household,1961,Married,RI,Client Referral,2015-09-17,Private Client,Growth,Standard,,Active,A003
H01123,Harrington Household,1970,Single,RI,Client Referral,2021-06-26,Core,Moderate,Standard,,Active,A001
H01124,Radcliffe Household,1951,Divorced,TX,Client Referral,2021-06-29,Core,Moderate,Standard,,Active,A021
H01125,Novak Household,1950,Widowed,TX,Client Referral,2020-11-20,Core,Moderate,Standard,,Active,A020
H01126,Rinaldi Household,1965,Married,TX,Lakeside Acquisition (2022),2022-04-05,Premier,Moderate,Standard,,Active,A023
H01127,Radcliffe Household,1963,Married,MA,CPA/Attorney Referral,2008-06-09,Core,Growth,Standard,,Active,A005
H01128,Whitaker Household,1989,Married,WI,Other,2016-05-09,Core,Aggressive,Standard,,Active,A011
H01129,Pemberton Household,1985,Married,FL,Client Referral,2011-11-18,Private Client,Aggressive,Standard,,Closed,A010
H01130,Quinlan Household,1974,Married,IL,Client Referral,2013-12-30,Premier,Growth,Standard,,Active,A009
H01131,Marchetti Household,1972,Widowed,TX,Lakeside Acquisition (2022),2022-04-17,Core,Growth,Standard,,Active,A020
H01132,Kensington Household,1978,Married,NY,Client Referral,2021-11-15,Premier,Growth,Standard,,Active,A011
H01133,Delgado Household,1956,Married,WY,Client Referral,2020-04-17,Premier,Moderate,Standard,,Active,A014
H01134,Lindqvist Household,1943,Married,NV,Client Referral,2009-02-04,Core,Moderate,Standard,,Closed,A026
H01135,Raman Household,1962,Single,NY,Seminar/Event,2019-06-22,Core,Growth,Standard,,Active,A004
H01136,Ashworth Household,1972,Married,AZ,Digital/Web,2019-09-16,Core,Aggressive,Standard,,Closed,A026
H01137,Abernathy Household,1978,Single,IN,Client Referral,2022-02-10,Core,Moderate,Standard,,Active,A012
H01138,Iverson Household,1979,Married,MA,Client Referral,2021-09-05,Core,Growth,Standard,,Active,A002
H01139,Castellano Household,1966,Married,NH,Client Referral,2020-01-07,Core,Moderate,Standard,,Active,A004
H01140,Lindqvist Household,1953,Single,TX,Lakeside Acquisition (2022),2022-04-23,Core,Conservative,Standard,,Active,A020
H01141,Marchetti Household,1966,Single,FL,Client Referral,2019-01-15,Premier,Moderate,Standard,,Active,A026
H01142,Raman Household,1940,Married,AZ,Client Referral,2015-08-04,Core,Aggressive,Standard,,Active,A026
H01143,Kensington Household,1967,Single,AZ,Client Referral,2017-08-30,Core,Conservative,Standard,,Active,A027
H01144,Chaudhry Household,1955,Single,WI,Seminar/Event,2019-06-27,Premier,Moderate,Negotiated,75,Active,A011
H01145,Novak Household,1963,Married,TX,Lakeside Acquisition (2022),2022-04-01,Core,Conservative,Standard,,Active,A021
H01146,Vasquez Household,1950,Married,RI,Lakeside Acquisition (2022),2022-04-28,Core,Moderate,Standard,,Active,A006
H01147,Eriksen Household,1970,Married,WI,Digital/Web,2018-04-28,Premier,Growth,Standard,,Active,A009
H01148,Sullivan Household,,Divorced,FL,Digital/Web,2015-11-08,Premier,Aggressive,Standard,,Active,A009
H01149,Raman Household,1938,Divorced,IL,Lakeside Acquisition (2022),2022-04-21,Core,Conservative,Standard,,Active,A009
H01150,Quinlan Household,1982,Widowed,WI,Client Referral,2017-09-22,Core,Growth,Standard,,Active,A010
H01151,Nakamura Household,1961,Married,IL,Client Referral,2014-10-03,Core,Moderate,Standard,,Active,A010
H01152,Novak Household,1968,Married,CO,Client Referral,2019-02-27,Premier,Growth,Standard,,Active,A014
H01153,Ashworth Household,1975,Single,MA,Client Referral,2016-12-21,Core,Growth,Standard,,Active,A001
H01154,Iverson Household,1964,Married,TX,CPA/Attorney Referral,2020-02-01,Core,Conservative,Standard,,Active,A022
H01155,Delgado Household,1975,Married,IL,CPA/Attorney Referral,2018-04-15,Core,Aggressive,Standard,,Closed,A011
H01156,Montgomery Household,1958,Divorced,MA,Client Referral,2019-03-27,Core,Moderate,Negotiated,75,Active,A005
H01157,Abernathy Household,1944,Married,IN,Digital/Web,2015-05-05,Core,Conservative,Standard,,Closed,A011
H01158,Marchetti Household,1968,Divorced,CO,Seminar/Event,2019-07-31,Core,Growth,Standard,,Active,A014
H01159,Marchetti Household,,Divorced,TX,Lakeside Acquisition (2022),2022-04-04,Core,Conservative,Standard,,Active,A020
H01160,Montgomery Household,1982,Married,MA,CPA/Attorney Referral,2015-09-27,Premier,Aggressive,Standard,,Active,A003
H01161,Donnelly Household,1963,Married,MA,Seminar/Event,2013-10-08,Core,Conservative,Standard,,Closed,A002
H01162,Montgomery Household,1966,Married,CO,Client Referral,2016-08-23,Core,Growth,Standard,,Active,A014
H01163,Ashworth Household,1960,Married,NH,CPA/Attorney Referral,2008-10-20,Core,Moderate,Standard,,Active,A005
H01164,Lindqvist Household,1960,Married,WI,Client Referral,2018-03-25,Core,Growth,Standard,,Active,A010
H01165,Ashworth Household,1967,Single,WY,Client Referral,2010-08-07,Private Client,Growth,Standard,,Active,A019
H01166,Montgomery Household,1964,Married,CO,Client Referral,2016-11-21,Core,Growth,Standard,,Closed,A016
H01167,Larkin Household,1967,Married,AZ,Client Referral,2016-06-16,Premier,Growth,Negotiated,65,Active,A026
H01168,Iverson Household,1962,Married,CA,Client Referral,2017-11-18,Core,Growth,Negotiated,80,Active,A005
H01169,Radcliffe Household,1900,Married,NV,Client Referral,2017-09-20,Premier,Conservative,Standard,,Active,A027
H01170,Delgado Household,1967,Widowed,RI,Seminar/Event,2018-06-22,Premier,Growth,Standard,,Active,A001
H01171,Callahan Household,1967,Single,MA,Seminar/Event,2018-01-19,Premier,Growth,Standard,,Active,A002
H01172,Prescott Household,1962,Single,IL,Seminar/Event,2019-01-27,Premier,Moderate,Negotiated,80,Active,A011
H01173,Lindqvist Household,1961,Married,MA,Client Referral,2012-07-19,Core,Growth,Standard,,Active,A005
H01174,Thornton Household,1952,Single,TX,Lakeside Acquisition (2022),2022-04-07,Core,Conservative,Standard,,Closed,A020
H01175,Abernathy Household,1940,Married,IL,CPA/Attorney Referral,2015-12-06,Private Client,Moderate,Negotiated,80,Active,A010
H01176,Kensington Household,1980,Married,AZ,Seminar/Event,2016-11-29,Core,Aggressive,Standard,,Active,A026
H01177,Kowalski Household,1960,Married,AZ,Digital/Web,2015-07-03,Premier,Moderate,Standard,,Active,A027
H01178,Radcliffe Household,1965,Married,AZ,Lakeside Acquisition (2022),2022-04-20,Core,Conservative,Standard,,Active,A026
H01179,Eriksen Household,1965,Married,RI,Seminar/Event,2009-04-25,Core,Conservative,Standard,,Active,A005
H01180,Iverson Household,1976,Single,AZ,Lakeside Acquisition (2022),2022-04-02,Core,Aggressive,Standard,,Active,A026
H01181,Larkin Household,1961,Married,TX,CPA/Attorney Referral,2019-01-15,Core,Conservative,Standard,,Active,A020
H01182,Abernathy Household,1940,Widowed,CO,CPA/Attorney Referral,2013-07-19,Premier,Moderate,Standard,,Active,A019
H01183,Castellano Household,1952,Divorced,CO,Seminar/Event,2019-01-13,Premier,Conservative,Standard,,Active,A016
H01184,Kowalski Household,1951,Single,NY,Lakeside Acquisition (2022),2022-04-11,Core,Moderate,Standard,,Active,A020
H01185,Eriksen Household,1938,Widowed,AZ,CPA/Attorney Referral,2015-05-29,Premier,Conservative,Standard,,Active,A027
H01186,Raman Household,1951,Widowed,AZ,Client Referral,2020-10-17,Core,Conservative,Standard,,Active,A028
H01187,Abernathy Household,1978,Married,CO,Seminar/Event,2019-06-04,Core,Growth,Standard,,Active,A019
H01188,Kowalski Household,1900,Married,NV,Client Referral,2019-01-26,Core,Moderate,Standard,,Active,A027
H01189,Donnelly Household,1953,Married,AZ,Lakeside Acquisition (2022),2022-05-14,Core,Conservative,Negotiated,65,Active,A026
H01190,Iverson Household,1962,Widowed,CO,Client Referral,2020-09-28,Premier,Moderate,Standard,,Active,A016
H01191,Lindqvist Household,1974,Married,IL,CPA/Attorney Referral,2012-06-28,Premier,Aggressive,Negotiated,80,Active,A009
H01192,Fitzgerald Household,1948,Widowed,NV,Digital/Web,2018-01-15,Core,Conservative,Standard,,Active,A027
H01193,Holloway Household,1951,Married,IN,Digital/Web,2020-01-24,Core,Moderate,Standard,,Active,A010
H01194,Brennan Household,1954,Married,MA,Other,2016-11-06,Core,Moderate,Standard,,Active,A004
H01195,Kensington Household,,Married,AZ,Client Referral,2020-03-23,Private Client,Moderate,Standard,,Active,A026
H01196,Kowalski Household,1941,Widowed,WI,Client Referral,2022-05-07,Core,Moderate,Standard,,Active,A011
H01197,Harrington Household,1967,Single,TX,Lakeside Acquisition (2022),2022-04-07,Core,Aggressive,Standard,,Active,A020
H01198,Iverson Household,1960,Married,NV,Client Referral,2013-05-18,Premier,Growth,Standard,,Active,A026
H01199,Delgado Household,1974,Married,MA,CPA/Attorney Referral,2021-08-20,Core,Conservative,Standard,,Active,A002
H01200,Kensington Household,1972,Married,WI,Client Referral,2022-05-02,Core,Aggressive,Standard,,Active,A009
H01201,Abernathy Household,1941,Widowed,IL,Client Referral,2012-10-05,Core,Moderate,Standard,,Closed,A011
H01202,Fitzgerald Household,1952,Married,TX,Lakeside Acquisition (2022),2022-05-01,Core,Moderate,Standard,,Active,A023
H01203,Castellano Household,1976,Married,TX,Lakeside Acquisition (2022),2022-04-06,Core,Aggressive,Standard,,Active,A020
H01204,Lindqvist Household,1968,Married,WY,Seminar/Event,2020-10-07,Core,Moderate,Negotiated,80,Active,A014
H01205,Radcliffe Household,1957,Married,AZ,Client Referral,2010-03-22,Core,Moderate,Standard,,Active,A026
H01206,Kowalski Household,1951,Married,AZ,CPA/Attorney Referral,2008-12-10,Premier,Conservative,Standard,,Active,A026
H01207,Fitzgerald Household,1986,Single,TX,Lakeside Acquisition (2022),2022-05-05,Core,Moderate,Standard,,Active,A021
H01208,Radcliffe Household,1955,Married,CA,CPA/Attorney Referral,2015-05-21,Core,Growth,Standard,,Active,A016
H01209,Lindqvist Household,1966,Single,TX,Client Referral,2016-12-15,Premier,Conservative,Negotiated,65,Active,A021
H01210,Abernathy Household,1957,Divorced,MA,Seminar/Event,2020-11-07,Core,Moderate,Standard,,Active,A003
H01211,Kensington Household,1973,Single,NH,Seminar/Event,2018-01-01,Premier,Moderate,Standard,,Closed,A002
H01212,Novak Household,1961,Divorced,CO,Client Referral,2014-11-08,Premier,Moderate,Standard,,Active,A019
H01213,Prescott Household,1939,Married,IL,Client Referral,2017-07-31,Premier,Conservative,Standard,,Active,A009
H01214,Eriksen Household,1949,Widowed,MA,Client Referral,2016-12-06,Core,Aggressive,Standard,,Active,A003
H01215,Holloway Household,1988,Married,IN,Client Referral,2021-11-22,Core,Moderate,Standard,,Active,A010
H01216,Sullivan Household,1963,Married,CO,CPA/Attorney Referral,2022-02-13,Core,Conservative,Standard,,Active,A016
H01217,Larkin Household,1965,Married,WY,CPA/Attorney Referral,2017-04-20,Premier,Aggressive,Standard,,Closed,A019
H01218,Thornton Household,1982,Married,WI,Seminar/Event,2011-01-17,Core,Moderate,Standard,,Closed,A011
H01219,Chaudhry Household,1968,Widowed,NH,CPA/Attorney Referral,2020-02-28,Core,Moderate,Standard,,Active,A001
H01220,Quinlan Household,1961,Single,IL,Seminar/Event,2018-05-27,Premier,Conservative,Negotiated,75,Active,A010
H01221,Brennan Household,1971,Married,TX,Lakeside Acquisition (2022),2022-05-14,Premier,Growth,Negotiated,80,Active,A022
H01222,Lindqvist Household,1965,Married,IL,Digital/Web,2018-06-22,Core,Moderate,Standard,,Active,A012
H01223,Prescott Household,,Married,WI,Seminar/Event,2011-06-11,Premier,Moderate,Standard,,Closed,A011
H01224,Larkin Household,1962,Widowed,NV,Client Referral,2017-02-23,Core,Growth,Standard,,Active,A027
H01225,Castellano Household,1970,Married,IL,Client Referral,2017-06-03,Core,Moderate,Standard,,Active,A009
H01226,Kowalski Household,1953,Single,RI,Client Referral,2013-07-02,Core,Conservative,Negotiated,80,Active,A001
H01227,Callahan Household,1956,Married,AZ,CPA/Attorney Referral,2014-04-29,Premier,Moderate,Standard,,Active,A026
H01228,Donnelly Household,1959,Married,WI,Client Referral,2020-05-03,Core,Growth,Standard,,Active,A009
H01229,Iverson Household,1955,Married,IL,Client Referral,2012-11-22,Core,Conservative,Standard,,Active,A009
H01230,Sullivan Household,1976,Widowed,MA,Client Referral,2016-11-22,Private Client,Moderate,Standard,,Active,A005
H01231,Whitaker Household,1955,Married,CA,Digital/Web,2022-11-26,Core,Growth,Standard,,Closed,A016
H01232,Raman Household,1967,Single,MA,Client Referral,2021-12-26,Premier,Moderate,Standard,,Active,A003
H01233,Okafor Household,1960,Married,TX,Lakeside Acquisition (2022),2022-05-02,Core,Moderate,Standard,,Closed,A020
H01234,Vasquez Household,1964,Married,NV,CPA/Attorney Referral,2017-04-11,Core,Growth,Standard,,Active,A027
H01235,Sullivan Household,1955,Married,IL,Client Referral,2020-03-24,Core,Growth,Standard,,Active,A010
H01236,Eriksen Household,1972,Married,NH,Seminar/Event,2011-12-08,Core,Growth,Standard,,Active,A001
H01237,Raman Household,1968,Married,TX,Lakeside Acquisition (2022),2022-05-11,Core,Conservative,Standard,,Active,A022
H01238,Holloway Household,1974,Married,NH,Client Referral,2014-06-12,Core,Growth,Standard,,Active,A002
H01239,Fitzgerald Household,1954,Married,MA,Digital/Web,2007-11-25,Core,Growth,Negotiated,65,Active,A001
H01240,Haverford Household,1965,Married,TX,Lakeside Acquisition (2022),2022-04-04,Core,Conservative,Standard,,Active,A021
H01241,Montgomery Household,1978,Married,TX,CPA/Attorney Referral,2018-07-07,Premier,Aggressive,Standard,,Active,A021
H01242,Whitaker Household,1984,Married,AZ,Client Referral,2007-04-04,Premier,Growth,Standard,,Active,A026
H01243,Marchetti Household,1957,Widowed,MA,Other,2014-03-03,Core,Growth,Standard,,Active,A005
H01244,Vasquez Household,1944,Married,CO,Client Referral,2015-11-24,Core,Conservative,Standard,,Active,A014
H01245,Harrington Household,1951,Married,TX,Lakeside Acquisition (2022),2022-04-19,Core,Moderate,Standard,,Active,A022
H01246,Radcliffe Household,1939,Married,TX,Lakeside Acquisition (2022),2022-04-08,Core,Moderate,Standard,,Active,A021
H01247,Fitzgerald Household,1952,Single,MA,Digital/Web,2016-04-18,Core,Moderate,Standard,,Active,A003
H01248,Pemberton Household,1947,Married,TX,Lakeside Acquisition (2022),2022-04-21,Core,Conservative,Standard,,Active,A020
H01249,Harrington Household,1949,Widowed,CO,Client Referral,2018-03-19,Core,Moderate,Standard,,Active,A016
H01250,Kensington Household,1955,Divorced,CA,Seminar/Event,2015-09-08,Core,Conservative,Standard,,Active,A002
H01251,Novak Household,1960,Widowed,MA,CPA/Attorney Referral,2017-06-22,Core,Moderate,Standard,,Active,A004
H01252,Vasquez Household,1977,Widowed,CO,Digital/Web,2015-09-01,Core,Growth,Negotiated,90,Active,A016
H01253,Kowalski Household,1953,Married,MA,Client Referral,2018-10-08,Core,Moderate,Standard,,Active,A003
H01254,Nakamura Household,1988,Married,TX,Client Referral,2022-09-22,Core,Aggressive,Standard,,Active,A020
H01255,Haverford Household,1957,Married,NH,Client Referral,2017-09-07,Core,Moderate,Standard,,Active,A004
H01256,Pemberton Household,1955,Married,NH,Client Referral,2012-08-12,Core,Moderate,Standard,,Active,A001
H01257,Abernathy Household,1946,Widowed,IN,Client Referral,2014-04-24,Premier,Conservative,Negotiated,75,Active,A012
H01258,Eriksen Household,1967,Married,MA,CPA/Attorney Referral,2015-04-22,Premier,Conservative,Standard,,Active,A001
H01259,Holloway Household,1964,Married,AZ,CPA/Attorney Referral,2020-09-05,Core,Moderate,Standard,,Active,A026
H01260,Holloway Household,1955,Single,CO,Seminar/Event,2014-06-13,Premier,Conservative,Standard,,Active,A016
H01261,Kowalski Household,1956,Married,IN,Digital/Web,2020-12-08,Core,Growth,Standard,,Active,A009
H01262,Marchetti Household,1936,Married,RI,Client Referral,2010-10-30,Core,Moderate,Standard,,Active,A001
H01263,Okafor Household,1953,Married,TX,Client Referral,2012-12-19,Core,Growth,Standard,,Active,A020
H01264,Rinaldi Household,1970,Widowed,TX,CPA/Attorney Referral,2020-03-24,Core,Conservative,Standard,,Closed,A021
H01265,Delgado Household,1964,Divorced,IL,Client Referral,2017-01-15,Core,Growth,Standard,,Active,A010
H01266,Holloway Household,1954,Single,WI,Client Referral,2021-11-06,Premier,Conservative,Standard,,Active,A009
H01267,Larkin Household,1977,Married,CO,Client Referral,2018-02-23,Core,Growth,Standard,,Active,A016
H01268,Haverford Household,1953,Widowed,CO,CPA/Attorney Referral,2020-05-17,Core,Moderate,Standard,,Active,A019
H01269,Chaudhry Household,1950,Married,IL,Client Referral,2016-06-11,Premier,Moderate,Negotiated,65,Closed,A011
H01270,Raman Household,1962,Married,TX,Digital/Web,2014-01-21,Core,Conservative,Standard,,Active,A020
H01271,Callahan Household,1962,Married,TX,Lakeside Acquisition (2022),2022-05-01,Core,Moderate,Standard,,Active,A021
H01272,Pemberton Household,1958,Single,RI,Client Referral,2019-08-08,Premier,Growth,Standard,,Active,A002
H01273,Kensington Household,1947,Single,AZ,Seminar/Event,2021-10-21,Premier,Moderate,Standard,,Active,A027
H01274,Raman Household,1976,Married,MA,Digital/Web,2014-01-03,Premier,Moderate,Standard,,Active,A001
H01275,Vasquez Household,1952,Widowed,MA,Client Referral,2018-02-12,Core,Moderate,Standard,,Active,A002
H01276,Callahan Household,1977,Married,IN,Seminar/Event,2020-11-09,Core,Growth,Standard,,Active,A010
H01277,Thornton Household,1970,Married,TX,Client Referral,2017-07-11,Premier,Conservative,Negotiated,90,Active,A020
H01278,Iverson Household,1987,Single,TX,Lakeside Acquisition (2022),2022-04-25,Core,Growth,Standard,,Active,A021
H01279,Haverford Household,1945,Widowed,NV,CPA/Attorney Referral,2008-03-08,Premier,Growth,Standard,,Active,A026
H01280,Brennan Household,1953,Single,TX,Client Referral,2022-06-27,Core,Growth,Standard,,Active,A023
H01281,Gallagher Household,1972,Divorced,AZ,Client Referral,2017-07-01,Premier,Conservative,Negotiated,80,Active,A027
H01282,Whitaker Household,1965,Married,MA,CPA/Attorney Referral,2007-11-03,Premier,Growth,Standard,,Active,A001
H01283,Sullivan Household,,Married,IL,CPA/Attorney Referral,2012-09-08,Premier,Moderate,Standard,,Active,A009
H01284,Sullivan Household,1952,Married,TX,Lakeside Acquisition (2022),2022-04-14,Core,Moderate,Standard,,Active,A022
H01285,Whitaker Household,1946,Married,FL,Client Referral,2021-03-08,Core,Moderate,Standard,,Active,A009
H01286,Fitzgerald Household,1950,Divorced,RI,Seminar/Event,2019-05-07,Core,Conservative,Standard,,Closed,A005
H01287,Chaudhry Household,1959,Married,MA,CPA/Attorney Referral,2007-12-14,Premier,Growth,Standard,,Active,A001
H01288,Castellano Household,,Married,AZ,Client Referral,2020-08-29,Core,Growth,Standard,,Active,A026
H01289,Gallagher Household,1956,Divorced,NC,Client Referral,2016-09-12,Core,Growth,Standard,,Active,A026
H01290,Prescott Household,1934,Married,MA,Client Referral,2015-11-14,Core,Conservative,Standard,,Active,A003
H01291,Pemberton Household,1953,Married,TX,Lakeside Acquisition (2022),2022-04-22,Core,Conservative,Standard,,Active,A022
H01292,Novak Household,1952,Married,NH,CPA/Attorney Referral,2012-10-13,Premier,Conservative,Standard,,Active,A001
H01293,Beaumont Household,1950,Widowed,CA,Client Referral,2008-01-12,Premier,Growth,Standard,,Active,A001
H01294,Moreau Household,1959,Divorced,TX,Lakeside Acquisition (2022),2022-04-16,Premier,Moderate,Standard,,Closed,A021
H01295,Callahan Household,1971,Divorced,FL,Client Referral,2021-03-02,Premier,Aggressive,Standard,,Active,A009
H01296,Nakamura Household,1954,Widowed,IL,Client Referral,2022-10-04,Core,Conservative,Standard,,Closed,A012
H01297,Prescott Household,1952,Married,FL,Client Referral,2009-11-24,Core,Moderate,Standard,,Active,A005
H01298,Marchetti Household,1961,Married,NY,Lakeside Acquisition (2022),2022-04-10,Core,Conservative,Negotiated,90,Active,A021
H01299,Kensington Household,1954,Widowed,NY,Client Referral,2011-11-25,Core,Moderate,Standard,,Active,A002
H01300,Radcliffe Household,1970,Divorced,MA,CPA/Attorney Referral,2011-12-28,Premier,Growth,Standard,,Active,A005
H01301,Holloway Household,1957,Married,FL,Client Referral,2008-04-10,Premier,Growth,Negotiated,90,Active,A026
H01302,Beaumont Household,1964,Married,MA,Seminar/Event,2019-08-14,Premier,Moderate,Standard,,Active,A005
H01303,Abernathy Household,1955,Married,TX,Digital/Web,2013-08-16,Core,Moderate,Negotiated,80,Active,A020
H01304,Vasquez Household,1966,Single,WY,Other,2020-04-11,Core,Growth,Negotiated,90,Active,A014
H01305,Whitaker Household,1961,Married,TX,Client Referral,2013-03-30,Premier,Aggressive,Negotiated,90,Active,A020
H01306,Eriksen Household,1975,Divorced,FL,Seminar/Event,2018-10-17,Core,Moderate,Negotiated,80,Active,A026
H01307,Vasquez Household,,Single,RI,Client Referral,2022-06-25,Core,Aggressive,Negotiated,75,Active,A001
H01308,Vasquez Household,1963,Married,TX,Lakeside Acquisition (2022),2022-04-05,Premier,Conservative,Standard,,Closed,A022
H01309,Marchetti Household,1949,Widowed,CA,Client Referral,2012-01-15,Core,Moderate,Standard,,Active,A005
H01310,Kowalski Household,1960,Married,TX,Lakeside Acquisition (2022),2022-04-21,Core,Growth,Standard,,Active,A020
H01311,Rinaldi Household,1983,Married,TX,Client Referral,2020-04-26,Core,Moderate,Standard,,Active,A022
H01312,Kowalski Household,1953,Married,MA,Client Referral,2013-12-12,Private Client,Moderate,Standard,,Active,A001
H01313,Novak Household,1972,Married,MA,CPA/Attorney Referral,2016-09-03,Core,Aggressive,Standard,,Active,A002
H01314,Radcliffe Household,1979,Married,MA,Client Referral,2015-12-27,Core,Conservative,Standard,,Active,A003
H01315,Moreau Household,1963,Married,IL,Client Referral,2022-03-10,Core,Growth,Standard,,Active,A009
H01316,Brennan Household,1963,Married,AZ,Lakeside Acquisition (2022),2022-04-17,Core,Moderate,Standard,,Active,A028
H01317,Quinlan Household,1958,Married,MA,Client Referral,2018-12-23,Core,Aggressive,Standard,,Active,A001
H01318,Castellano Household,1947,Married,NC,Client Referral,2022-08-24,Core,Moderate,Standard,,Active,A027
H01319,Kowalski Household,1973,Married,IL,Client Referral,2017-01-19,Premier,Moderate,Standard,,Closed,A010
H01320,Novak Household,1963,Divorced,NY,Client Referral,2008-05-24,Core,Aggressive,Standard,,Active,A005
H01321,Castellano Household,1954,Married,FL,Lakeside Acquisition (2022),2022-04-28,Core,Moderate,Standard,,Active,A020
H01322,Whitaker Household,1959,Single,WI,CPA/Attorney Referral,2012-08-19,Premier,Moderate,Standard,,Closed,A010
H01323,Kensington Household,1951,Married,TX,Lakeside Acquisition (2022),2022-04-22,Core,Moderate,Standard,,Active,A021
H01324,Beaumont Household,1976,Married,NV,Client Referral,2007-01-17,Core,Aggressive,Standard,,Active,A026
H01325,Callahan Household,1963,Married,CO,Client Referral,2016-01-25,Premier,Moderate,Negotiated,75,Closed,A019
H01326,Marchetti Household,1965,Single,NY,Client Referral,2013-11-09,Premier,Growth,Standard,,Active,A005
H01327,Kensington Household,1963,Single,MA,Client Referral,2018-10-19,Premier,Moderate,Standard,,Active,A004
H01328,Quinlan Household,1965,Married,TX,Seminar/Event,2020-05-27,Core,Conservative,Standard,,Active,A020
H01329,Montgomery Household,1965,Married,FL,CPA/Attorney Referral,2010-11-25,Premier,Moderate,Standard,,Active,A001
H01330,Castellano Household,1973,Married,IL,Client Referral,2013-01-06,Core,Moderate,Standard,,Closed,A011
H01331,Harrington Household,1974,Widowed,TX,CPA/Attorney Referral,2019-03-30,Premier,Moderate,Standard,,Active,A020
H01332,Prescott Household,1978,Married,NH,CPA/Attorney Referral,2016-04-04,Core,Growth,Standard,,Active,A001
H01333,Eriksen Household,1963,Married,TX,Client Referral,2020-04-26,Core,Moderate,Standard,,Active,A021
H01334,Novak Household,1987,Married,MA,CPA/Attorney Referral,2011-11-17,Core,Moderate,Standard,,Active,A002
H01335,Rinaldi Household,1986,Married,CO,CPA/Attorney Referral,2013-03-07,Core,Growth,Standard,,Active,A014
H01336,Radcliffe Household,1966,Single,IL,CPA/Attorney Referral,2016-09-28,Premier,Moderate,Negotiated,90,Active,A011
H01337,Holloway Household,1943,Divorced,CO,CPA/Attorney Referral,2017-12-23,Core,Conservative,Negotiated,65,Active,A014
H01338,Delgado Household,1979,Single,AZ,Client Referral,2020-05-23,Core,Aggressive,Standard,,Active,A028
H01339,Gallagher Household,1950,Widowed,CA,Seminar/Event,2019-03-12,Premier,Conservative,Standard,,Active,A011
H01340,Brennan Household,1972,Divorced,NH,Client Referral,2020-03-23,Premier,Growth,Standard,,Active,A001
H01341,Brennan Household,1951,Married,AZ,Lakeside Acquisition (2022),2022-04-06,Core,Moderate,Standard,,Active,A028
H01342,Chaudhry Household,1942,Widowed,AZ,Client Referral,2019-11-06,Core,Growth,Standard,,Active,A026
H01343,Castellano Household,1973,Divorced,CA,Seminar/Event,2011-02-08,Premier,Aggressive,Standard,,Active,A016
H01344,Kowalski Household,1969,Widowed,NH,Digital/Web,2019-02-12,Core,Moderate,Standard,,Active,A001
H01345,Pemberton Household,1944,Married,AZ,Other,2018-02-09,Core,Conservative,Standard,,Active,A026
H01346,Callahan Household,1964,Married,AZ,Seminar/Event,2011-10-24,Core,Moderate,Standard,,Active,A026
H01347,Ashworth Household,1963,Single,WY,Client Referral,2011-10-27,Core,Conservative,Standard,,Active,A019
H01348,Holloway Household,1973,Married,CO,Client Referral,2015-12-09,Core,Aggressive,Standard,,Closed,A015
H01349,Gallagher Household,1958,Married,AZ,Client Referral,2016-08-17,Private Client,Growth,Standard,,Active,A026
H01350,Pemberton Household,1955,Married,IN,Client Referral,2018-01-23,Premier,Moderate,Standard,,Closed,A012
H01351,Whitaker Household,1950,Single,NV,Seminar/Event,2008-04-12,Core,Growth,Standard,,Active,A026
H01352,Lindqvist Household,1978,Widowed,AZ,Seminar/Event,2022-01-16,Premier,Moderate,Standard,,Active,A028
H01353,Lindqvist Household,1973,Married,MA,Digital/Web,2010-02-22,Premier,Moderate,Standard,,Active,A001
H01354,Fitzgerald Household,1983,Single,AZ,Seminar/Event,2007-06-15,Core,Growth,Standard,,Active,A026
H01355,Ashworth Household,1950,Widowed,CO,Client Referral,2011-09-20,Core,Moderate,Standard,,Closed,A019
H01356,Montgomery Household,1958,Married,TX,Lakeside Acquisition (2022),2022-04-22,Core,Conservative,Standard,,Active,A021
H01357,Quinlan Household,1972,Married,MA,CPA/Attorney Referral,2007-03-23,Core,Aggressive,Standard,,Active,A001
H01358,Pemberton Household,1978,Married,NC,Client Referral,2010-11-09,Private Client,Aggressive,Standard,,Active,A010
H01359,Raman Household,1948,Widowed,CO,Client Referral,2021-04-12,Premier,Aggressive,Negotiated,80,Closed,A015
H01360,Sullivan Household,1963,Married,MA,Client Referral,2021-09-14,Core,Moderate,Standard,,Active,A001
H01361,Sullivan Household,1970,Divorced,NH,Digital/Web,2014-12-12,Premier,Moderate,Standard,,Active,A005
H01362,Vasquez Household,1948,Widowed,AZ,CPA/Attorney Referral,2018-01-21,Core,Growth,Standard,,Active,A026
H01363,Radcliffe Household,1962,Married,NY,Digital/Web,2011-02-26,Premier,Moderate,Negotiated,80,Active,A026
H01364,Novak Household,1968,Married,TX,Other,2017-12-25,Core,Moderate,Standard,,Active,A020
H01365,Marchetti Household,1958,Married,MA,Client Referral,2015-12-04,Premier,Moderate,Standard,,Active,A005
H01366,Abernathy Household,1971,Married,TX,Client Referral,2018-03-28,Core,Growth,Standard,,Closed,A020
H01367,Chaudhry Household,1953,Widowed,TX,Lakeside Acquisition (2022),2022-05-14,Premier,Conservative,Standard,,Active,A022
H01368,Montgomery Household,1900,Married,MA,Seminar/Event,2011-11-15,Core,Moderate,Standard,,Closed,A002
H01369,Larkin Household,,Divorced,IL,Digital/Web,2009-12-27,Core,Moderate,Standard,,Active,A010
H01370,Quinlan Household,1953,Married,TX,Client Referral,2014-08-11,Core,Growth,Standard,,Active,A020
H01371,Whitaker Household,1950,Single,TX,Lakeside Acquisition (2022),2022-04-11,Core,Conservative,Standard,,Active,A021
H01372,Iverson Household,1965,Married,CO,Digital/Web,2019-03-10,Core,Growth,Standard,,Active,A018
H01373,Nakamura Household,1950,Married,TX,Lakeside Acquisition (2022),2022-05-10,Core,Moderate,Standard,,Active,A020
H01374,Callahan Household,1968,Widowed,MA,Client Referral,2012-04-10,Premier,Growth,Standard,,Active,A005
H01375,Whitaker Household,1962,Married,AZ,Client Referral,2009-06-24,Premier,Moderate,Negotiated,90,Closed,A025
H01376,Quinlan Household,1987,Married,TX,Lakeside Acquisition (2022),2022-04-27,Premier,Conservative,Standard,,Active,A020
H01377,Chaudhry Household,1963,Single,AZ,CPA/Attorney Referral,2009-12-28,Private Client,Conservative,Standard,,Active,A026
H01378,Haverford Household,1958,Married,FL,Lakeside Acquisition (2022),2022-04-10,Core,Growth,Standard,,Closed,A021
H01379,Delgado Household,1976,Single,AZ,Client Referral,2011-01-22,Core,Aggressive,Standard,,Active,A026
H01380,Sullivan Household,1963,Married,AZ,Client Referral,2008-02-07,Premier,Moderate,Standard,,Active,A026
H01381,Radcliffe Household,1957,Widowed,CA,Client Referral,2017-10-29,Premier,Growth,Standard,,Active,A027
H01382,Rinaldi Household,1964,Divorced,AZ,Digital/Web,2018-03-15,Core,Growth,Standard,,Active,A027
H01383,Whitaker Household,1949,Widowed,TX,Digital/Web,2020-12-01,Premier,Moderate,Standard,,Active,A020
H01384,Iverson Household,1968,Divorced,TX,CPA/Attorney Referral,2020-01-24,Core,Aggressive,Standard,,Active,A020
H01385,Delgado Household,1958,Married,NH,Client Referral,2016-02-20,Private Client,Growth,Standard,,Closed,A005
H01386,Radcliffe Household,1973,Married,MA,CPA/Attorney Referral,2019-03-10,Core,Conservative,Standard,,Closed,A001
H01387,Larkin Household,1970,Married,MA,Client Referral,2010-10-04,Premier,Growth,Negotiated,75,Active,A005
H01388,Montgomery Household,1968,Married,TX,Client Referral,2020-01-08,Core,Moderate,Standard,,Active,A020
H01389,Radcliffe Household,1959,Single,TX,Lakeside Acquisition (2022),2022-04-25,Premier,Conservative,Standard,,Closed,A020
H01390,Rinaldi Household,1958,Married,IL,Lakeside Acquisition (2022),2022-04-24,Core,Conservative,Standard,,Active,A011
H01391,Ashworth Household,1966,Married,IN,Client Referral,2016-03-01,Core,Conservative,Standard,,Active,A010
H01392,Moreau Household,1954,Married,MA,CPA/Attorney Referral,2019-02-15,Premier,Moderate,Standard,,Active,A001
H01393,Quinlan Household,1972,Married,NH,Client Referral,2018-07-12,Private Client,Growth,Standard,,Active,A002
H01394,Ashworth Household,1966,Married,NV,CPA/Attorney Referral,2018-10-21,Premier,Moderate,Standard,,Closed,A027
H01395,Eriksen Household,1973,Married,NV,Seminar/Event,2013-06-16,Premier,Growth,Negotiated,75,Active,A026
H01396,Pemberton Household,1961,Divorced,IL,Seminar/Event,2015-09-05,Core,Growth,Standard,,Active,A009
H01397,Brennan Household,1950,Married,RI,Client Referral,2009-10-05,Core,Moderate,Standard,,Active,A001
H01398,Castellano Household,1975,Married,NV,Other,2022-11-02,Premier,Growth,Standard,,Active,A026
H01399,Holloway Household,1965,Married,TX,Client Referral,2017-07-31,Core,Growth,Standard,,Closed,A020
H01400,Brennan Household,1951,Widowed,WY,CPA/Attorney Referral,2013-04-17,Core,Moderate,Negotiated,75,Active,A016
H01401,Fitzgerald Household,1964,Married,TX,CPA/Attorney Referral,2015-02-22,Core,Growth,Standard,,Active,A020
H01402,Donnelly Household,1965,Single,WY,Client Referral,2021-10-11,Premier,Moderate,Standard,,Active,A016
H01403,Brennan Household,1953,Married,TX,Lakeside Acquisition (2022),2022-04-20,Core,Moderate,Standard,,Active,A023
H01404,Haverford Household,1959,Married,CO,CPA/Attorney Referral,2012-02-28,Premier,Conservative,Negotiated,80,Active,A019
H01405,Pemberton Household,1968,Married,RI,CPA/Attorney Referral,2012-07-14,Premier,Growth,Standard,,Active,A002
H01406,Pemberton Household,1950,Widowed,CO,Digital/Web,2020-06-07,Core,Aggressive,Standard,,Active,A016
H01407,Okafor Household,1938,Widowed,MA,Seminar/Event,2016-10-31,Premier,Moderate,Negotiated,90,Active,A001
H01408,Gallagher Household,1979,Married,TX,CPA/Attorney Referral,2019-09-20,Private Client,Aggressive,Standard,,Active,A022
H01409,Vasquez Household,1979,Married,MA,Client Referral,2019-11-13,Core,Moderate,Standard,,Active,A004
H01410,Larkin Household,1965,Married,TX,Client Referral,2018-12-11,Premier,Aggressive,Standard,,Active,A020
H01411,Fitzgerald Household,1972,Divorced,WY,Client Referral,2020-02-22,Private Client,Aggressive,Standard,,Active,A019
H01412,Novak Household,1951,Divorced,NH,Seminar/Event,2013-10-20,Premier,Moderate,Standard,,Active,A005
H01413,Radcliffe Household,1966,Married,NH,CPA/Attorney Referral,2015-03-01,Premier,Growth,Standard,,Active,A005
H01414,Quinlan Household,1952,Married,AZ,Client Referral,2010-06-15,Core,Moderate,Standard,,Active,A026
H01415,Abernathy Household,1968,Widowed,AZ,Seminar/Event,2022-05-22,Core,Moderate,Standard,,Active,A027
H01416,Kowalski Household,,Married,NY,Client Referral,2017-11-07,Core,Growth,Standard,,Active,A016
H01417,Fitzgerald Household,1952,Widowed,MA,CPA/Attorney Referral,2019-09-29,Premier,Growth,Standard,,Active,A004
H01418,Nakamura Household,1944,Widowed,MA,CPA/Attorney Referral,2019-10-25,Premier,Growth,Standard,,Active,A003
H01419,Radcliffe Household,1975,Divorced,NV,Seminar/Event,2019-11-28,Premier,Aggressive,Negotiated,75,Active,A026
H01420,Haverford Household,1955,Married,AZ,CPA/Attorney Referral,2016-07-21,Core,Moderate,Standard,,Active,A026
H01421,Kowalski Household,1953,Married,RI,Client Referral,2021-04-06,Premier,Moderate,Standard,,Active,A003
H01422,Beaumont Household,1974,Married,TX,Client Referral,2022-04-16,Core,Moderate,Standard,,Active,A021
H01423,Beaumont Household,1962,Widowed,AZ,Client Referral,2016-05-02,Private Client,Growth,Negotiated,80,Active,A026
H01424,Raman Household,1969,Married,TX,Client Referral,2017-06-18,Core,Aggressive,Standard,,Active,A021
H01425,Gallagher Household,1957,Married,IN,Seminar/Event,2017-02-06,Core,Growth,Standard,,Closed,A010
H01426,Thornton Household,1949,Widowed,RI,Other,2019-02-13,Core,Growth,Standard,,Active,A005
H01427,Okafor Household,1947,Divorced,AZ,Client Referral,2017-05-22,Core,Aggressive,Standard,,Closed,A027
H01428,Larkin Household,,Married,WY,Seminar/Event,2022-02-09,Premier,Moderate,Negotiated,90,Active,A016
H01429,Vasquez Household,,Married,NH,CPA/Attorney Referral,2014-09-26,Core,Growth,Standard,,Active,A005
H01430,Lindqvist Household,1985,Married,WY,CPA/Attorney Referral,2019-10-05,Premier,Aggressive,Negotiated,80,Active,A018
H01431,Beaumont Household,1939,Married,NV,CPA/Attorney Referral,2010-08-08,Core,Moderate,Standard,,Active,A026
H01432,Eriksen Household,1964,Married,RI,Client Referral,2019-05-29,Core,Growth,Standard,,Closed,A002
H01433,Quinlan Household,1966,Married,TX,Client Referral,2017-05-25,Core,Growth,Standard,,Active,A020
H01434,Montgomery Household,1950,Married,IL,Digital/Web,2020-10-29,Premier,Moderate,Negotiated,90,Closed,A010
H01435,Radcliffe Household,1970,Single,RI,Client Referral,2014-11-29,Premier,Growth,Standard,,Closed,A005
H01436,Haverford Household,1939,Widowed,RI,Client Referral,2017-02-02,Premier,Moderate,Standard,,Closed,A004
H01437,Iverson Household,1966,Married,TX,Lakeside Acquisition (2022),2022-05-13,Core,Conservative,Standard,,Active,A020
H01438,Rinaldi Household,1965,Divorced,TX,Client Referral,2014-03-04,Premier,Growth,Standard,,Active,A020
H01439,Thornton Household,1961,Widowed,IL,Client Referral,2015-12-25,Core,Conservative,Standard,,Active,A010
H01440,Haverford Household,1945,Widowed,CO,Client Referral,2011-07-16,Core,Moderate,Standard,,Active,A016
H01441,Prescott Household,1982,Married,IL,Lakeside Acquisition (2022),2022-04-15,Core,Moderate,Standard,,Active,A011
H01442,Novak Household,1972,Married,AZ,Seminar/Event,2008-12-31,Premier,Aggressive,Standard,,Active,A026
H01443,Novak Household,1970,Married,TX,Client Referral,2022-02-26,Core,Growth,Standard,,Active,A021
H01444,Chaudhry Household,1957,Married,TX,Lakeside Acquisition (2022),2022-04-16,Core,Conservative,Standard,,Active,A020
H01445,Iverson Household,1960,Married,TX,Digital/Web,2014-12-15,Core,Moderate,Standard,,Closed,A020
H01446,Novak Household,1960,Married,RI,Digital/Web,2016-08-28,Core,Moderate,Standard,,Active,A002
H01447,Delgado Household,1969,Married,FL,Lakeside Acquisition (2022),2022-05-09,Core,Aggressive,Standard,,Closed,A021
H01448,Gallagher Household,1957,Divorced,CO,Client Referral,2020-09-06,Premier,Growth,Standard,,Active,A018
H01449,Delgado Household,1965,Divorced,IN,Client Referral,2021-03-10,Core,Moderate,Standard,,Active,A009
H01450,Whitaker Household,1977,Married,RI,Digital/Web,2013-06-02,Core,Aggressive,Negotiated,80,Closed,A001
H01451,Eriksen Household,1973,Widowed,IL,Client Referral,2010-03-14,Core,Moderate,Standard,,Closed,A010
H01452,Whitaker Household,1982,Married,TX,Lakeside Acquisition (2022),2022-05-07,Core,Growth,Standard,,Active,A022
H01453,Pemberton Household,1977,Married,TX,Lakeside Acquisition (2022),2022-04-24,Core,Conservative,Standard,,Closed,A020
H01454,Haverford Household,1970,Married,AZ,Client Referral,2017-01-27,Premier,Moderate,Standard,,Active,A027
H01455,Pemberton Household,1956,Divorced,MA,CPA/Attorney Referral,2019-06-24,Core,Growth,Standard,,Active,A001
H01456,Montgomery Household,1959,Married,IL,Client Referral,2021-07-13,Core,Growth,Standard,,Active,A011
H01457,Lindqvist Household,1970,Married,TX,Lakeside Acquisition (2022),2022-04-06,Core,Moderate,Standard,,Active,A020
H01458,Kowalski Household,1966,Single,CO,CPA/Attorney Referral,2015-09-22,Premier,Moderate,Standard,,Active,A014
H01459,Kowalski Household,1970,Married,NC,Lakeside Acquisition (2022),2022-04-19,Core,Moderate,Standard,,Active,A001
H01460,Callahan Household,1948,Divorced,IL,Client Referral,2016-01-04,Core,Conservative,Negotiated,80,Active,A011
H01461,Haverford Household,1967,Single,FL,Client Referral,2015-09-09,Premier,Moderate,Standard,,Active,A011
H01462,Donnelly Household,1972,Married,AZ,Digital/Web,2017-09-16,Core,Aggressive,Standard,,Active,A027
H01463,Kowalski Household,1976,Married,WY,Digital/Web,2020-04-08,Premier,Growth,Standard,,Active,A014
H01464,Callahan Household,1964,Married,TX,Lakeside Acquisition (2022),2022-04-04,Core,Growth,Standard,,Active,A021
H01465,Larkin Household,1954,Married,AZ,Client Referral,2018-09-30,Premier,Moderate,Negotiated,90,Active,A026
H01466,Novak Household,1973,Single,NC,Client Referral,2019-04-15,Core,Conservative,Standard,,Active,A026
H01467,Chaudhry Household,1965,Widowed,MA,Seminar/Event,2020-12-15,Core,Moderate,Standard,,Active,A004
H01468,Castellano Household,1972,Married,MA,Client Referral,2016-04-09,Core,Growth,Standard,,Active,A001
H01469,Delgado Household,1961,Married,RI,Seminar/Event,2019-02-28,Private Client,Moderate,Standard,,Active,A003
H01470,Donnelly Household,1957,Single,FL,Client Referral,2019-08-28,Premier,Conservative,Standard,,Closed,A002
H01471,Ashworth Household,1977,Married,FL,CPA/Attorney Referral,2013-03-05,Premier,Growth,Standard,,Active,A001
H01472,Castellano Household,,Married,AZ,Client Referral,2019-11-11,Core,Growth,Standard,,Closed,A028
H01473,Fitzgerald Household,1973,Married,AZ,Seminar/Event,2021-01-28,Private Client,Conservative,Negotiated,90,Active,A026
H01474,Brennan Household,1966,Single,MA,Client Referral,2015-07-07,Core,Moderate,Standard,,Active,A001
H01475,Radcliffe Household,1958,Married,MA,Client Referral,2013-02-13,Core,Growth,Standard,,Active,A001
H01476,Ashworth Household,1965,Married,IN,Client Referral,2022-02-14,Private Client,Conservative,Standard,,Active,A011
H01477,Whitaker Household,1968,Married,TX,Digital/Web,2015-05-23,Core,Moderate,Standard,,Active,A020
H01478,Brennan Household,1956,Married,RI,Client Referral,2021-10-03,Core,Growth,Standard,,Active,A003
H01479,Whitaker Household,1952,Married,MA,CPA/Attorney Referral,2016-01-04,Core,Growth,Standard,,Closed,A005
H01480,Raman Household,1961,Single,CO,Digital/Web,2019-02-28,Core,Moderate,Standard,,Active,A019
H01481,Haverford Household,,Divorced,AZ,Other,2020-02-23,Core,Growth,Standard,,Active,A028
H01482,Novak Household,1960,Married,CA,Client Referral,2019-06-22,Premier,Growth,Standard,,Active,A002
H01483,Iverson Household,1974,Married,MA,Client Referral,2009-05-06,Core,Growth,Standard,,Active,A001
H01484,Larkin Household,1988,Married,AZ,Client Referral,2018-09-28,Core,Growth,Standard,,Active,A026
H01485,Castellano Household,1959,Married,MA,Client Referral,2011-08-17,Premier,Growth,Standard,,Active,A002
H01486,Raman Household,1947,Widowed,AZ,Client Referral,2021-11-16,Core,Growth,Standard,,Closed,A027
H01487,Rinaldi Household,1971,Married,TX,Lakeside Acquisition (2022),2022-04-14,Core,Growth,Standard,,Active,A020
H01488,Montgomery Household,1983,Married,TX,Digital/Web,2020-02-26,Core,Moderate,Standard,,Active,A020
H01489,Kowalski Household,1970,Married,NV,Client Referral,2019-10-17,Core,Moderate,Standard,,Active,A026
H01490,Montgomery Household,1977,Married,TX,Client Referral,2019-07-18,Core,Aggressive,Standard,,Active,A022
H01491,Chaudhry Household,1953,Single,AZ,Client Referral,2007-08-07,Premier,Growth,Standard,,Active,A026
H01492,Holloway Household,1968,Married,AZ,Digital/Web,2014-01-28,Premier,Moderate,Standard,,Closed,A026
H01493,Brennan Household,1969,Single,IL,Client Referral,2014-07-27,Core,Moderate,Standard,,Active,A010
H01494,Brennan Household,1969,Divorced,NH,Client Referral,2014-11-02,Core,Conservative,Standard,,Active,A001
H01495,Okafor Household,1971,Married,TX,Lakeside Acquisition (2022),2022-04-19,Core,Aggressive,Standard,,Active,A021
H01496,Abernathy Household,1977,Married,AZ,Seminar/Event,2020-11-15,Core,Growth,Standard,,Active,A027
H01497,Montgomery Household,1956,Married,AZ,CPA/Attorney Referral,2017-06-16,Core,Growth,Standard,,Active,A027
H01498,Sullivan Household,1900,Married,CO,Client Referral,2010-06-26,Core,Moderate,Standard,,Active,A016
H01499,Marchetti Household,1958,Married,FL,Seminar/Event,2015-08-20,Premier,Growth,Standard,,Active,A010
H01500,Moreau Household,1956,Widowed,IL,Digital/Web,2021-11-24,Core,Moderate,Standard,,Active,A010
H01501,Pemberton Household,1979,Married,MA,Client Referral,2020-07-07,Core,Aggressive,Standard,,Active,A005
H01502,Chaudhry Household,1960,Married,NV,Client Referral,2013-10-29,Premier,Conservative,Standard,,Active,A026
H01503,Whitaker Household,1964,Divorced,IN,Client Referral,2011-04-13,Core,Moderate,Standard,,Closed,A010
H01504,Gallagher Household,1974,Married,MA,Seminar/Event,2022-12-24,Premier,Moderate,Negotiated,75,Active,A007
H01505,Rinaldi Household,1959,Married,FL,Digital/Web,2021-02-08,Core,Moderate,Standard,,Active,A028
H01506,Moreau Household,1980,Married,CO,CPA/Attorney Referral,2021-04-26,Core,Moderate,Standard,,Closed,A019
H01507,Marchetti Household,1977,Married,CO,CPA/Attorney Referral,2021-02-17,Premier,Aggressive,Standard,,Active,A018
H01508,Larkin Household,1973,Married,MA,Client Referral,2019-06-14,Core,Moderate,Standard,,Active,A003
H01509,Rinaldi Household,1964,Married,TX,Lakeside Acquisition (2022),2022-05-04,Core,Aggressive,Standard,,Closed,A021
H01510,Iverson Household,1942,Divorced,IL,Client Referral,2020-05-11,Core,Moderate,Standard,,Closed,A010
H01511,Beaumont Household,1950,Widowed,IL,Seminar/Event,2013-01-14,Premier,Conservative,Standard,,Active,A009
H01512,Nakamura Household,1974,Married,NV,CPA/Attorney Referral,2020-05-04,Premier,Growth,Standard,,Active,A026
H01513,Rinaldi Household,1960,Married,RI,Client Referral,2011-02-28,Premier,Moderate,Standard,,Active,A001
H01514,Lindqvist Household,1961,Married,NC,Client Referral,2012-11-04,Premier,Growth,Negotiated,75,Active,A005
H01515,Castellano Household,1951,Married,NH,CPA/Attorney Referral,2018-12-10,Core,Growth,Standard,,Closed,A005
H01516,Haverford Household,1964,Married,MA,Other,2014-04-08,Core,Moderate,Standard,,Active,A002
H01517,Nakamura Household,1977,Married,IL,Client Referral,2019-05-08,Premier,Moderate,Standard,,Closed,A011
H01518,Holloway Household,1954,Single,MA,Other,2017-03-03,Core,Growth,Standard,,Closed,A002
H01519,Kowalski Household,1973,Single,IN,Client Referral,2016-08-27,Core,Growth,Standard,,Active,A009
H01520,Iverson Household,1958,Single,MA,Client Referral,2012-04-16,Premier,Growth,Standard,,Active,A001
H01521,Brennan Household,1968,Married,AZ,Seminar/Event,2014-01-30,Core,Growth,Standard,,Active,A026
H01522,Abernathy Household,1964,Married,TX,Lakeside Acquisition (2022),2022-04-11,Premier,Moderate,Negotiated,90,Active,A022
H01523,Montgomery Household,1968,Divorced,CO,Client Referral,2016-01-12,Premier,Growth,Negotiated,75,Active,A014
H01524,Harrington Household,1946,Married,NY,Client Referral,2017-09-17,Core,Growth,Standard,,Active,A002
H01525,Abernathy Household,1952,Married,IN,CPA/Attorney Referral,2019-10-04,Core,Moderate,Standard,,Active,A009
H01526,Novak Household,1956,Married,AZ,Client Referral,2022-05-18,Core,Conservative,Standard,,Active,A028
H01527,Radcliffe Household,1944,Married,RI,Client Referral,2021-07-12,Premier,Growth,Standard,,Active,A003
H01528,Gallagher Household,1958,Married,IN,Client Referral,2020-12-12,Core,Moderate,Standard,,Active,A010
H01529,Ashworth Household,1961,Single,CA,Client Referral,2015-09-15,Core,Conservative,Standard,,Active,A020
H01530,Rinaldi Household,1966,Single,AZ,Other,2008-06-27,Premier,Conservative,Negotiated,90,Active,A026
H01531,Kowalski Household,1956,Single,NH,Client Referral,2020-10-06,Core,Moderate,Standard,,Active,A002
H01532,Ashworth Household,1981,Divorced,IL,Client Referral,2011-04-12,Core,Moderate,Standard,,Active,A011
H01533,Eriksen Household,1952,Single,NV,Lakeside Acquisition (2022),2022-04-07,Premier,Moderate,Negotiated,65,Active,A026
H01534,Kowalski Household,1962,Married,CA,Client Referral,2013-12-28,Core,Moderate,Standard,,Active,A005
H01535,Haverford Household,1967,Divorced,NV,Client Referral,2015-02-21,Core,Conservative,Standard,,Active,A027
H01536,Pemberton Household,1958,Married,CA,Client Referral,2009-07-23,Core,Moderate,Standard,,Active,A005
H01537,Gallagher Household,1965,Married,AZ,Other,2019-07-31,Core,Aggressive,Standard,,Active,A027
H01538,Chaudhry Household,1900,Divorced,CO,Client Referral,2016-02-23,Premier,Growth,Standard,,Active,A014
H01539,Rinaldi Household,1964,Single,MA,Client Referral,2018-09-14,Core,Growth,Standard,,Active,A005
H01540,Lindqvist Household,1966,Married,RI,Client Referral,2011-07-19,Premier,Growth,Standard,,Active,A002
H01541,Sullivan Household,1974,Married,IL,Digital/Web,2021-12-20,Core,Growth,Standard,,Active,A010
H01542,Lindqvist Household,1953,Married,NH,Client Referral,2012-03-03,Core,Conservative,Negotiated,80,Active,A005
H01543,Fitzgerald Household,1976,Married,CO,CPA/Attorney Referral,2022-02-15,Premier,Growth,Standard,,Active,A018
H01544,Brennan Household,1980,Single,NV,Client Referral,2016-01-24,Premier,Moderate,Standard,,Active,A026
H01545,Brennan Household,1970,Divorced,WY,Seminar/Event,2018-04-23,Core,Growth,Negotiated,75,Active,A014
H01546,Iverson Household,1970,Married,IL,CPA/Attorney Referral,2019-03-16,Core,Conservative,Standard,,Active,A011
H01547,Whitaker Household,1988,Married,AZ,Client Referral,2010-05-11,Premier,Moderate,Standard,,Active,A026
H01548,Kensington Household,1964,Married,CO,CPA/Attorney Referral,2016-11-06,Core,Moderate,Standard,,Active,A016
H01549,Prescott Household,1966,Married,MA,Digital/Web,2015-03-14,Core,Conservative,Standard,,Active,A005
H01550,Vasquez Household,,Single,MA,Client Referral,2013-06-30,Core,Growth,Standard,,Active,A002
H01551,Quinlan Household,1970,Married,WI,CPA/Attorney Referral,2018-11-09,Premier,Moderate,Negotiated,80,Active,A009
H01552,Gallagher Household,1964,Married,CO,Client Referral,2017-08-21,Premier,Growth,Standard,,Closed,A015
H01553,Iverson Household,1956,Single,MA,Digital/Web,2015-11-10,Premier,Moderate,Standard,,Active,A003
H01554,Vasquez Household,1959,Single,IN,Client Referral,2016-10-26,Core,Aggressive,Standard,,Active,A012
H01555,Marchetti Household,1963,Single,FL,CPA/Attorney Referral,2019-09-11,Core,Conservative,Standard,,Active,A011
H01556,Iverson Household,1972,Married,NH,Digital/Web,2018-04-15,Premier,Aggressive,Negotiated,90,Active,A005
H01557,Beaumont Household,,Divorced,TX,Lakeside Acquisition (2022),2022-04-28,Core,Growth,Standard,,Active,A020
H01558,Thornton Household,1963,Married,CO,Client Referral,2016-10-30,Premier,Moderate,Negotiated,65,Active,A016
H01559,Nakamura Household,1960,Single,AZ,Client Referral,2018-06-18,Core,Moderate,Standard,,Active,A028
H01560,Nakamura Household,1968,Divorced,MA,Client Referral,2019-02-04,Core,Moderate,Standard,,Active,A005
H01561,Castellano Household,1965,Single,IN,Client Referral,2019-11-21,Core,Growth,Standard,,Active,A010
H01562,Kensington Household,1977,Married,RI,CPA/Attorney Referral,2014-05-31,Core,Growth,Standard,,Active,A002
H01563,Montgomery Household,1970,Married,IL,Digital/Web,2015-06-10,Core,Conservative,Standard,,Active,A010
H01564,Eriksen Household,1957,Married,WI,Client Referral,2018-09-08,Core,Growth,Standard,,Closed,A009
H01565,Larkin Household,1952,Married,TX,CPA/Attorney Referral,2014-02-11,Core,Moderate,Standard,,Active,A020
H01566,Holloway Household,1962,Married,CO,Seminar/Event,2013-03-25,Core,Aggressive,Standard,,Active,A016
H01567,Iverson Household,1960,Married,TX,Lakeside Acquisition (2022),2022-04-10,Core,Growth,Standard,,Closed,A021
H01568,Whitaker Household,1955,Single,FL,Seminar/Event,2017-12-22,Premier,Conservative,Negotiated,65,Active,A005
H01569,Larkin Household,1967,Married,IL,Seminar/Event,2010-08-27,Core,Moderate,Standard,,Active,A012
H01570,Okafor Household,1931,Divorced,IL,Client Referral,2013-07-01,Core,Moderate,Negotiated,90,Closed,A008
H01571,Nakamura Household,1974,Divorced,TX,Lakeside Acquisition (2022),2022-04-05,Core,Growth,Standard,,Active,A022
H01572,Thornton Household,1946,Married,IL,CPA/Attorney Referral,2013-12-26,Core,Growth,Negotiated,90,Closed,A010
H01573,Delgado Household,1954,Widowed,MA,CPA/Attorney Referral,2015-01-08,Core,Conservative,Standard,,Active,A002
H01574,Ashworth Household,1958,Single,NV,Client Referral,2020-03-02,Core,Conservative,Standard,,Active,A026
H01575,Lindqvist Household,1942,Widowed,NY,Client Referral,2015-11-29,Core,Moderate,Standard,,Active,A020
H01576,Rinaldi Household,1958,Married,TX,Lakeside Acquisition (2022),2022-04-15,Core,Moderate,Standard,,Active,A021
H01577,Haverford Household,1958,Married,CA,Seminar/Event,2020-10-07,Premier,Conservative,Standard,,Active,A026
H01578,Gallagher Household,1977,Married,AZ,Lakeside Acquisition (2022),2022-05-09,Core,Growth,Standard,,Active,A028
H01579,Fitzgerald Household,1948,Widowed,MA,Client Referral,2016-06-25,Core,Growth,Standard,,Active,A003
H01580,Donnelly Household,1969,Married,CA,Digital/Web,2013-06-28,Premier,Moderate,Standard,,Active,A020
H01581,Prescott Household,1960,Married,MA,Other,2021-08-16,Core,Moderate,Standard,,Active,A004
H01582,Callahan Household,1949,Divorced,MA,Client Referral,2009-01-18,Core,Moderate,Standard,,Active,A001
H01583,Quinlan Household,1939,Married,TX,Digital/Web,2019-09-23,Core,Conservative,Standard,,Active,A020
H01584,Castellano Household,1957,Divorced,IL,CPA/Attorney Referral,2016-06-25,Core,Conservative,Standard,,Active,A010
H01585,Callahan Household,1971,Married,MA,CPA/Attorney Referral,2010-02-24,Core,Moderate,Standard,,Closed,A005
H01586,Quinlan Household,1961,Married,NV,Client Referral,2019-06-29,Core,Moderate,Standard,,Active,A027
H01587,Delgado Household,1974,Single,RI,CPA/Attorney Referral,2012-09-13,Core,Moderate,Negotiated,80,Active,A005
H01588,Raman Household,1971,Married,AZ,Client Referral,2021-03-26,Core,Aggressive,Standard,,Active,A026
H01589,Gallagher Household,1956,Married,TX,Lakeside Acquisition (2022),2022-04-15,Core,Moderate,Standard,,Active,A020
H01590,Montgomery Household,1976,Divorced,CO,Client Referral,2014-09-21,Core,Aggressive,Standard,,Closed,A014
H01591,Gallagher Household,1963,Married,CO,Client Referral,2011-11-27,Premier,Conservative,Negotiated,65,Closed,A015
H01592,Raman Household,1959,Divorced,TX,Lakeside Acquisition (2022),2022-04-17,Premier,Moderate,Negotiated,75,Active,A023
H01593,Vasquez Household,1964,Divorced,WY,Digital/Web,2018-03-30,Core,Growth,Standard,,Active,A014
H01594,Okafor Household,1943,Widowed,CO,Client Referral,2018-04-01,Private Client,Moderate,Standard,,Closed,A019
H01595,Lindqvist Household,1969,Married,AZ,Seminar/Event,2021-03-21,Premier,Moderate,Standard,,Active,A027
H01596,Thornton Household,1958,Married,IN,Seminar/Event,2013-12-10,Premier,Growth,Standard,,Closed,A012
H01597,Rinaldi Household,1965,Married,NY,Client Referral,2016-06-13,Private Client,Conservative,Negotiated,65,Active,A005
H01598,Castellano Household,1947,Widowed,NH,Lakeside Acquisition (2022),2022-04-28,Core,Moderate,Standard,,Active,A002
H01599,Donnelly Household,1947,Married,CO,Client Referral,2016-05-07,Core,Conservative,Standard,,Active,A019
H01600,Raman Household,1974,Single,NH,Client Referral,2016-07-04,Core,Growth,Standard,,Active,A001
H01601,Iverson Household,1952,Married,IL,Client Referral,2019-02-15,Premier,Moderate,Negotiated,75,Active,A011
H01602,Raman Household,1950,Widowed,NH,Seminar/Event,2009-05-09,Core,Growth,Standard,,Active,A005
H01603,Larkin Household,1962,Widowed,WI,CPA/Attorney Referral,2013-09-18,Premier,Moderate,Standard,,Active,A011
H01604,Whitaker Household,1965,Married,IN,Seminar/Event,2018-09-29,Premier,Moderate,Negotiated,75,Closed,A011
H01605,Montgomery Household,1955,Married,MA,Client Referral,2010-11-09,Core,Conservative,Standard,,Active,A001
H01606,Prescott Household,1961,Widowed,MA,Client Referral,2013-02-28,Core,Moderate,Standard,,Active,A001
H01607,Marchetti Household,1965,Married,TX,Lakeside Acquisition (2022),2022-04-04,Core,Moderate,Standard,,Active,A020
H01608,Delgado Household,1960,Married,MA,Digital/Web,2021-05-06,Core,Moderate,Standard,,Active,A003
H01609,Brennan Household,1978,Single,RI,Client Referral,2016-10-03,Premier,Growth,Standard,,Active,A005
H01610,Radcliffe Household,1973,Married,NH,Client Referral,2010-01-06,Core,Moderate,Standard,,Active,A005
H01611,Novak Household,1955,Single,CO,Client Referral,2019-11-17,Premier,Moderate,Negotiated,90,Active,A016
H01612,Callahan Household,1957,Divorced,TX,Lakeside Acquisition (2022),2022-05-01,Premier,Moderate,Standard,,Active,A020
H01613,Pemberton Household,1974,Single,IL,CPA/Attorney Referral,2020-05-16,Premier,Aggressive,Standard,,Closed,A010
H01614,Nakamura Household,1970,Married,NH,Other,2022-11-02,Core,Growth,Standard,,Active,A005
H01615,Sullivan Household,1952,Divorced,NV,CPA/Attorney Referral,2018-12-27,Core,Moderate,Standard,,Active,A026
H01616,Holloway Household,1956,Divorced,WY,Client Referral,2018-12-08,Core,Growth,Standard,,Active,A016
H01617,Prescott Household,1979,Married,WI,Seminar/Event,2018-12-27,Core,Aggressive,Standard,,Active,A009
H01618,Pemberton Household,1964,Married,TX,Lakeside Acquisition (2022),2022-04-26,Core,Growth,Standard,,Active,A023
H01619,Quinlan Household,1956,Widowed,TX,Lakeside Acquisition (2022),2022-04-15,Core,Moderate,Standard,,Closed,A022
H01620,Sullivan Household,1966,Widowed,AZ,Digital/Web,2018-01-07,Premier,Moderate,Standard,,Active,A027
H01621,Larkin Household,1969,Married,TX,Lakeside Acquisition (2022),2022-05-09,Core,Moderate,Standard,,Active,A023
H01622,Chaudhry Household,1966,Divorced,MA,Client Referral,2017-07-09,Core,Moderate,Negotiated,80,Active,A001
H01623,Haverford Household,1957,Divorced,NC,Digital/Web,2012-04-30,Core,Growth,Standard,,Active,A019
H01624,Okafor Household,1956,Married,AZ,Client Referral,2015-04-07,Premier,Moderate,Standard,,Active,A026
H01625,Moreau Household,1974,Single,MA,Seminar/Event,2014-06-24,Core,Moderate,Standard,,Closed,A002
H01626,Castellano Household,1946,Married,TX,Seminar/Event,2013-09-11,Core,Moderate,Standard,,Active,A020
H01627,Raman Household,1963,Married,MA,Client Referral,2014-05-16,Core,Growth,Standard,,Active,A005
H01628,Donnelly Household,1944,Married,CO,Seminar/Event,2022-02-05,Premier,Moderate,Standard,,Active,A018
H01629,Quinlan Household,1955,Single,CO,Client Referral,2021-08-21,Premier,Conservative,Standard,,Active,A019
H01630,Pemberton Household,1953,Married,TX,Client Referral,2019-04-30,Premier,Moderate,Standard,,Active,A021
H01631,Moreau Household,1950,Widowed,IL,Client Referral,2020-10-08,Core,Moderate,Standard,,Active,A011
H01632,Radcliffe Household,1974,Married,AZ,Client Referral,2015-11-23,Core,Moderate,Standard,,Active,A027
H01633,Novak Household,1965,Married,RI,Client Referral,2019-02-28,Premier,Growth,Standard,,Active,A003
H01634,Donnelly Household,1979,Married,IL,Other,2016-04-24,Core,Growth,Standard,,Active,A011
H01635,Beaumont Household,,Married,MA,Seminar/Event,2018-08-26,Premier,Moderate,Standard,,Active,A001
H01636,Whitaker Household,1951,Married,MA,Client Referral,2012-02-01,Core,Moderate,Standard,,Active,A001
H01637,Beaumont Household,1985,Married,CO,Client Referral,2021-03-02,Private Client,Moderate,Standard,,Active,A016
H01638,Whitaker Household,1954,Divorced,IL,CPA/Attorney Referral,2018-08-03,Premier,Moderate,Negotiated,65,Closed,A010
H01639,Brennan Household,1963,Married,TX,Lakeside Acquisition (2022),2022-04-27,Core,Conservative,Standard,,Active,A022
H01640,Prescott Household,,Married,MA,Client Referral,2020-07-14,Core,Moderate,Standard,,Active,A002
H01641,Castellano Household,1931,Married,FL,Other,2009-12-14,Core,Moderate,Negotiated,75,Closed,A025
H01642,Callahan Household,1931,Widowed,WI,Digital/Web,2018-02-15,Private Client,Growth,Negotiated,75,Active,A010
H01643,Quinlan Household,1987,Married,CO,Client Referral,2021-08-20,Premier,Growth,Standard,,Active,A017
H01644,Prescott Household,1947,Married,TX,Client Referral,2019-09-07,Premier,Moderate,Standard,,Active,A021
H01645,Nakamura Household,1955,Married,AZ,Lakeside Acquisition (2022),2022-05-11,Core,Moderate,Standard,,Active,A028
H01646,Lindqvist Household,1964,Married,IL,Client Referral,2017-05-21,Premier,Growth,Negotiated,90,Active,A009
H01647,Sullivan Household,1972,Single,NH,Seminar/Event,2016-09-15,Core,Growth,Standard,,Active,A004
H01648,Castellano Household,1966,Divorced,NH,CPA/Attorney Referral,2010-10-05,Private Client,Moderate,Standard,,Active,A005
H01649,Lindqvist Household,1975,Single,NV,Client Referral,2007-07-25,Premier,Growth,Negotiated,80,Active,A026
H01650,Prescott Household,1960,Married,TX,Lakeside Acquisition (2022),2022-05-01,Core,Moderate,Standard,,Active,A023
H01651,Ashworth Household,1969,Single,CO,Client Referral,2016-08-05,Core,Moderate,Standard,,Active,A014
H01652,Fitzgerald Household,,Married,TX,CPA/Attorney Referral,2017-09-30,Premier,Moderate,Negotiated,75,Active,A021
H01653,Larkin Household,1963,Married,TX,Client Referral,2015-02-06,Core,Growth,Standard,,Active,A020
H01654,Harrington Household,,Single,MA,Digital/Web,2015-09-20,Core,Moderate,Standard,,Closed,A005
H01655,Prescott Household,1965,Single,IL,CPA/Attorney Referral,2020-04-22,Premier,Moderate,Standard,,Active,A011
H01656,Gallagher Household,1949,Widowed,RI,Client Referral,2008-07-10,Core,Moderate,Standard,,Active,A001
H01657,Iverson Household,1958,Married,CA,Client Referral,2019-09-22,Premier,Moderate,Standard,,Active,A005
H01658,Castellano Household,1954,Married,TX,Client Referral,2013-02-25,Core,Conservative,Standard,,Active,A020
H01659,Larkin Household,1963,Married,WI,CPA/Attorney Referral,2021-10-08,Premier,Conservative,Standard,,Closed,A011
H01660,Harrington Household,1965,Married,IL,Client Referral,2010-05-06,Premier,Moderate,Negotiated,75,Active,A010
H01661,Thornton Household,1958,Single,IN,Client Referral,2019-12-23,Private Client,Aggressive,Standard,,Active,A010
H01662,Iverson Household,1944,Widowed,AZ,Digital/Web,2015-03-20,Core,Moderate,Standard,,Closed,A027
H01663,Fitzgerald Household,1975,Married,IL,CPA/Attorney Referral,2010-02-19,Core,Growth,Standard,,Active,A012
H01664,Chaudhry Household,1931,Married,TX,Lakeside Acquisition (2022),2022-04-13,Core,Moderate,Negotiated,75,Active,A022
H01665,Iverson Household,1957,Widowed,WY,CPA/Attorney Referral,2017-08-29,Premier,Growth,Standard,,Closed,A016
H01666,Thornton Household,1963,Single,NH,Client Referral,2012-08-11,Premier,Growth,Standard,,Closed,A001
H01667,Lindqvist Household,1960,Married,CO,Client Referral,2017-04-24,Core,Growth,Standard,,Closed,A016
H01668,Lindqvist Household,1980,Single,MA,Client Referral,2012-11-08,Core,Growth,Standard,,Active,A001
H01669,Moreau Household,1961,Married,TX,Lakeside Acquisition (2022),2022-04-15,Core,Conservative,Standard,,Active,A020
H01670,Holloway Household,1945,Married,RI,Client Referral,2016-05-01,Premier,Moderate,Standard,,Active,A002
H01671,Whitaker Household,1969,Married,RI,Client Referral,2015-10-04,Premier,Aggressive,Standard,,Active,A005
H01672,Moreau Household,1969,Married,MA,Client Referral,2015-07-02,Core,Conservative,Standard,,Active,A003
H01673,Raman Household,1961,Married,NC,Digital/Web,2015-04-30,Premier,Growth,Negotiated,75,Active,A020
H01674,Okafor Household,1958,Divorced,NY,Client Referral,2018-08-28,Core,Moderate,Standard,,Active,A027
H01675,Harrington Household,1955,Married,IN,Client Referral,2015-10-03,Core,Conservative,Standard,,Active,A010
H01676,Vasquez Household,1972,Married,IL,Client Referral,2016-04-24,Core,Growth,Standard,,Closed,A011
H01677,Raman Household,1954,Divorced,TX,Lakeside Acquisition (2022),2022-04-08,Core,Growth,Standard,,Active,A020
H01678,Raman Household,1964,Married,WY,Client Referral,2010-09-29,Core,Growth,Standard,,Active,A016
H01679,Beaumont Household,1972,Married,CO,Digital/Web,2014-10-20,Core,Growth,Standard,,Active,A014
H01680,Radcliffe Household,1964,Married,NH,Client Referral,2019-10-04,Core,Moderate,Standard,,Active,A005
H01681,Quinlan Household,1961,Single,CO,Client Referral,2020-09-21,Premier,Growth,Negotiated,65,Active,A014
H01682,Whitaker Household,1960,Married,MA,Seminar/Event,2010-11-22,Core,Moderate,Standard,,Active,A001
H01683,Ashworth Household,1959,Married,WI,Client Referral,2013-04-11,Core,Aggressive,Standard,,Active,A011
H01684,Vasquez Household,1968,Married,AZ,Digital/Web,2008-04-01,Core,Conservative,Standard,,Active,A026
H01685,Marchetti Household,1969,Married,IL,Client Referral,2015-11-15,Premier,Conservative,Standard,,Active,A009
H01686,Rinaldi Household,1954,Married,IL,Digital/Web,2015-01-10,Core,Conservative,Standard,,Closed,A009
H01687,Kowalski Household,1980,Married,FL,Client Referral,2018-10-30,Core,Aggressive,Standard,,Active,A019
H01688,Quinlan Household,1966,Married,CO,CPA/Attorney Referral,2014-04-29,Premier,Conservative,Negotiated,90,Active,A014
H01689,Harrington Household,1962,Single,AZ,Client Referral,2014-12-21,Premier,Conservative,Standard,,Active,A027
H01690,Marchetti Household,1958,Married,FL,Seminar/Event,2011-04-13,Private Client,Conservative,Negotiated,65,Active,A005
H01691,Rinaldi Household,1961,Married,AZ,Client Referral,2021-01-10,Premier,Aggressive,Standard,,Active,A027
H01692,Gallagher Household,1956,Single,FL,Client Referral,2017-07-16,Premier,Moderate,Negotiated,65,Active,A026
H01693,Callahan Household,1942,Widowed,AZ,Client Referral,2017-02-18,Core,Aggressive,Standard,,Active,A026
H01694,Rinaldi Household,1974,Married,WI,Client Referral,2010-06-17,Core,Aggressive,Standard,,Active,A010
H01695,Iverson Household,1957,Married,NY,Other,2009-07-12,Core,Aggressive,Standard,,Active,A005
H01696,Eriksen Household,1966,Married,CA,CPA/Attorney Referral,2011-05-03,Premier,Aggressive,Negotiated,80,Active,A010
H01697,Eriksen Household,1969,Married,IL,CPA/Attorney Referral,2015-09-24,Premier,Moderate,Negotiated,65,Active,A010
H01698,Harrington Household,1987,Married,TX,Lakeside Acquisition (2022),2022-04-24,Premier,Growth,Standard,,Active,A020
H01699,Holloway Household,1953,Married,TX,Lakeside Acquisition (2022),2022-04-20,Core,Moderate,Standard,,Active,A020
H01700,Moreau Household,1976,Single,TX,Client Referral,2016-12-15,Core,Growth,Standard,,Active,A020
H01701,Abernathy Household,1985,Widowed,TX,Lakeside Acquisition (2022),2022-04-10,Core,Aggressive,Standard,,Closed,A020
H01702,Sullivan Household,1951,Widowed,IL,CPA/Attorney Referral,2010-03-16,Core,Conservative,Standard,,Closed,A012
H01703,Kensington Household,1975,Single,CO,Client Referral,2018-12-02,Premier,Moderate,Standard,,Active,A016
H01704,Callahan Household,1955,Married,AZ,Client Referral,2019-01-02,Core,Conservative,Standard,,Active,A026
H01705,Raman Household,1971,Married,TX,Client Referral,2017-04-24,Core,Aggressive,Standard,,Active,A020
H01706,Novak Household,1954,Widowed,NH,Other,2017-03-04,Core,Conservative,Standard,,Active,A005
H01707,Harrington Household,1964,Single,IL,CPA/Attorney Referral,2015-12-13,Premier,Moderate,Standard,,Closed,A011
H01708,Vasquez Household,1945,Married,AZ,Client Referral,2008-08-07,Premier,Moderate,Standard,,Active,A026
H01709,Novak Household,1963,Married,NH,Client Referral,2017-08-12,Premier,Growth,Standard,,Active,A005
H01710,Holloway Household,1964,Married,TX,CPA/Attorney Referral,2018-01-05,Premier,Growth,Negotiated,65,Active,A021
H01711,Whitaker Household,1964,Single,TX,Lakeside Acquisition (2022),2022-04-15,Core,Growth,Standard,,Active,A022
H01712,Marchetti Household,1967,Single,IL,Lakeside Acquisition (2022),2022-04-13,Core,Moderate,Standard,,Closed,A010
H01713,Vasquez Household,1968,Divorced,TX,Lakeside Acquisition (2022),2022-05-06,Premier,Moderate,Negotiated,65,Active,A022
H01714,Gallagher Household,1964,Single,WI,Seminar/Event,2015-08-07,Core,Growth,Standard,,Active,A009
H01715,Chaudhry Household,1974,Married,TX,Lakeside Acquisition (2022),2022-05-09,Core,Aggressive,Standard,,Active,A020
H01716,Nakamura Household,1948,Married,WI,Other,2011-09-10,Premier,Moderate,Standard,,Closed,A010
H01717,Gallagher Household,1954,Divorced,AZ,CPA/Attorney Referral,2007-10-07,Core,Moderate,Standard,,Active,A026
H01718,Kowalski Household,1950,Married,TX,Lakeside Acquisition (2022),2022-05-03,Core,Conservative,Standard,,Active,A021
H01719,Beaumont Household,1949,Married,FL,CPA/Attorney Referral,2020-11-06,Core,Moderate,Standard,,Active,A016
H01720,Marchetti Household,1973,Single,TX,Lakeside Acquisition (2022),2022-04-20,Core,Moderate,Standard,,Active,A020
H01721,Iverson Household,1951,Married,MA,Client Referral,2016-10-02,Premier,Growth,Negotiated,75,Active,A004
H01722,Novak Household,1974,Single,TX,Client Referral,2013-04-19,Core,Moderate,Standard,,Active,A020
H01723,Vasquez Household,1948,Divorced,AZ,Other,2020-12-10,Core,Moderate,Standard,,Closed,A025
H01724,Raman Household,1966,Married,NH,Client Referral,2017-01-03,Core,Growth,Standard,,Active,A004
H01725,Holloway Household,1960,Married,AZ,Digital/Web,2020-04-10,Premier,Aggressive,Negotiated,80,Active,A026
H01726,Montgomery Household,1978,Married,WI,CPA/Attorney Referral,2022-06-11,Core,Aggressive,Negotiated,75,Closed,A011
H01727,Prescott Household,1957,Married,WI,Client Referral,2013-02-13,Premier,Conservative,Standard,,Closed,A008
H01728,Abernathy Household,1974,Widowed,AZ,Client Referral,2015-03-30,Core,Growth,Standard,,Active,A026
H01729,Sullivan Household,1964,Single,NY,Lakeside Acquisition (2022),2022-04-13,Core,Growth,Standard,,Closed,A021
H01730,Thornton Household,1948,Married,TX,Lakeside Acquisition (2022),2022-04-15,Core,Moderate,Standard,,Closed,A023
H01731,Moreau Household,1969,Single,CA,Lakeside Acquisition (2022),2022-04-16,Core,Growth,Standard,,Closed,A020
H01732,Fitzgerald Household,,Married,NH,Client Referral,2020-10-15,Premier,Aggressive,Negotiated,80,Active,A004
H01733,Brennan Household,1967,Married,AZ,Client Referral,2018-07-10,Core,Growth,Standard,,Active,A026
H01734,Raman Household,1960,Married,AZ,Client Referral,2016-02-24,Core,Moderate,Standard,,Active,A027
H01735,Raman Household,1967,Married,TX,Seminar/Event,2022-11-29,Core,Moderate,Standard,,Active,A020
H01736,Delgado Household,1968,Divorced,FL,Client Referral,2019-02-16,Core,Growth,Standard,,Active,A016
H01737,Gallagher Household,1962,Married,CA,Seminar/Event,2016-08-11,Core,Moderate,Standard,,Active,A026
H01738,Donnelly Household,1956,Single,CO,CPA/Attorney Referral,2017-04-24,Core,Aggressive,Standard,,Active,A014
H01739,Novak Household,1954,Single,AZ,Client Referral,2011-10-18,Premier,Aggressive,Standard,,Active,A026
H01740,Beaumont Household,1972,Married,NV,Seminar/Event,2015-12-03,Core,Growth,Standard,,Active,A026
H01741,Iverson Household,1959,Married,AZ,Digital/Web,2007-02-13,Premier,Growth,Standard,,Active,A026
H01742,Sullivan Household,1961,Married,NH,CPA/Attorney Referral,2020-02-07,Core,Moderate,Standard,,Active,A002
H01743,Brennan Household,1946,Widowed,MA,Client Referral,2021-02-05,Premier,Growth,Standard,,Active,A005
H01744,Chaudhry Household,1970,Married,NC,Other,2022-07-25,Core,Growth,Standard,,Active,A016
H01745,Vasquez Household,1978,Single,IL,CPA/Attorney Referral,2021-04-16,Core,Growth,Standard,,Closed,A010
H01746,Iverson Household,1962,Single,TX,Seminar/Event,2020-01-23,Core,Growth,Standard,,Active,A022
H01747,Pemberton Household,1974,Married,AZ,CPA/Attorney Referral,2009-05-29,Premier,Moderate,Standard,,Active,A026
H01748,Pemberton Household,1974,Widowed,RI,Digital/Web,2019-01-18,Core,Aggressive,Negotiated,75,Active,A005
H01749,Delgado Household,1966,Married,MA,Client Referral,2016-06-19,Core,Moderate,Standard,,Active,A005
H01750,Vasquez Household,1963,Married,RI,Other,2021-04-15,Core,Moderate,Standard,,Active,A003
H01751,Eriksen Household,1980,Married,CO,Client Referral,2014-05-26,Core,Moderate,Standard,,Closed,A014
H01752,Eriksen Household,1960,Married,IL,Client Referral,2010-11-09,Premier,Moderate,Standard,,Active,A010
H01753,Quinlan Household,1949,Widowed,TX,Lakeside Acquisition (2022),2022-04-28,Core,Conservative,Standard,,Active,A022
H01754,Vasquez Household,1940,Married,IL,Seminar/Event,2012-12-10,Core,Moderate,Standard,,Active,A009
H01755,Chaudhry Household,1947,Single,AZ,Client Referral,2019-05-16,Premier,Growth,Standard,,Closed,A026
H01756,Sullivan Household,1952,Single,TX,Lakeside Acquisition (2022),2022-05-03,Core,Conservative,Standard,,Active,A020
H01757,Kowalski Household,1969,Single,IL,CPA/Attorney Referral,2016-03-05,Core,Conservative,Standard,,Active,A009
H01758,Ashworth Household,1961,Married,TX,Client Referral,2016-09-25,Core,Conservative,Standard,,Active,A020
H01759,Beaumont Household,1960,Married,TX,Digital/Web,2013-04-24,Core,Moderate,Standard,,Active,A020
H01760,Donnelly Household,1976,Divorced,IL,Client Referral,2015-10-10,Core,Moderate,Standard,,Active,A009
H01761,Harrington Household,1974,Married,MA,CPA/Attorney Referral,2010-09-05,Core,Growth,Negotiated,75,Active,A001
H01762,Montgomery Household,1975,Married,NC,Client Referral,2020-01-27,Premier,Moderate,Standard,,Active,A020
H01763,Abernathy Household,1964,Divorced,MA,Client Referral,2016-05-20,Core,Moderate,Standard,,Active,A003
H01764,Kowalski Household,1963,Single,TX,Digital/Web,2014-01-27,Core,Moderate,Standard,,Active,A020
H01765,Harrington Household,1976,Married,WY,Client Referral,2022-08-22,Core,Aggressive,Negotiated,75,Active,A016
H01766,Fitzgerald Household,1956,Married,CO,Seminar/Event,2020-05-21,Premier,Conservative,Negotiated,75,Active,A016
H01767,Novak Household,1956,Married,TX,Lakeside Acquisition (2022),2022-04-22,Premier,Moderate,Standard,,Active,A020
H01768,Beaumont Household,1958,Married,MA,Lakeside Acquisition (2022),2022-05-03,Premier,Moderate,Standard,,Active,A005
H01769,Quinlan Household,1963,Married,MA,Seminar/Event,2019-01-12,Core,Growth,Standard,,Active,A002
H01770,Abernathy Household,1967,Married,IL,Digital/Web,2013-03-27,Premier,Growth,Negotiated,75,Closed,A011
H01771,Chaudhry Household,1962,Married,IL,Client Referral,2016-03-21,Core,Growth,Standard,,Closed,A010
H01772,Chaudhry Household,1963,Married,TX,Lakeside Acquisition (2022),2022-05-04,Core,Moderate,Standard,,Active,A022
H01773,Donnelly Household,1973,Married,IL,CPA/Attorney Referral,2011-05-07,Core,Growth,Standard,,Closed,A012
H01774,Kensington Household,1932,Divorced,WY,CPA/Attorney Referral,2014-10-10,Private Client,Moderate,Standard,,Closed,A016
H01775,Nakamura Household,1978,Single,RI,CPA/Attorney Referral,2011-08-11,Core,Aggressive,Standard,,Active,A001
H01776,Radcliffe Household,1968,Single,NV,Client Referral,2015-12-14,Premier,Aggressive,Standard,,Active,A026
H01777,Montgomery Household,1956,Married,CO,Client Referral,2014-12-20,Premier,Aggressive,Standard,,Closed,A014
H01778,Montgomery Household,1954,Divorced,TX,Lakeside Acquisition (2022),2022-04-13,Core,Aggressive,Standard,,Active,A022
H01779,Lindqvist Household,1966,Married,CO,Client Referral,2017-10-06,Premier,Moderate,Negotiated,90,Active,A019
H01780,Abernathy Household,1963,Married,AZ,Client Referral,2012-02-10,Core,Growth,Standard,,Active,A026
H01781,Larkin Household,1954,Widowed,NV,CPA/Attorney Referral,2017-11-12,Core,Moderate,Standard,,Active,A026
H01782,Sullivan Household,1949,Widowed,NV,Client Referral,2015-11-29,Core,Conservative,Standard,,Active,A026
H01783,Montgomery Household,1973,Divorced,AZ,Client Referral,2014-08-22,Premier,Conservative,Negotiated,80,Active,A026
H01784,Fitzgerald Household,1961,Divorced,NV,Seminar/Event,2020-04-14,Core,Moderate,Negotiated,65,Active,A026
H01785,Delgado Household,1957,Married,AZ,Client Referral,2006-04-22,Premier,Conservative,Standard,,Active,A026
H01786,Larkin Household,1963,Married,AZ,Seminar/Event,2015-01-16,Premier,Growth,Standard,,Active,A026
H01787,Vasquez Household,1967,Married,AZ,CPA/Attorney Referral,2009-09-28,Core,Aggressive,Standard,,Active,A026
H01788,Delgado Household,1964,Divorced,NC,CPA/Attorney Referral,2010-05-29,Premier,Moderate,Standard,,Active,A001
H01789,Lindqvist Household,1975,Single,AZ,CPA/Attorney Referral,2012-11-16,Core,Aggressive,Standard,,Active,A026
H01790,Novak Household,1974,Married,TX,Lakeside Acquisition (2022),2022-04-09,Core,Aggressive,Standard,,Active,A021
H01791,Okafor Household,1967,Divorced,AZ,Client Referral,2009-10-01,Private Client,Moderate,Negotiated,80,Active,A026
H01792,Vasquez Household,1900,Married,IL,Client Referral,2017-07-03,Core,Growth,Standard,,Closed,A012
H01793,Harrington Household,1973,Married,WY,Seminar/Event,2015-09-03,Core,Growth,Standard,,Closed,A016
H01794,Delgado Household,1957,Married,TX,Lakeside Acquisition (2022),2022-05-14,Core,Growth,Standard,,Active,A022
H01795,Radcliffe Household,1972,Divorced,NY,Client Referral,2017-10-14,Core,Aggressive,Standard,,Active,A020
H01796,Kensington Household,1984,Married,TX,Lakeside Acquisition (2022),2022-04-07,Core,Growth,Standard,,Active,A020
H01797,Kensington Household,1975,Married,NH,CPA/Attorney Referral,2019-03-01,Core,Moderate,Standard,,Active,A003
H01798,Lindqvist Household,1968,Married,IL,Client Referral,2010-01-16,Core,Moderate,Standard,,Active,A010
H01799,Sullivan Household,1962,Married,WI,Seminar/Event,2010-12-27,Premier,Moderate,Standard,,Active,A011
H01800,Raman Household,1961,Married,CO,Client Referral,2010-07-25,Premier,Moderate,Standard,,Closed,A019
H01801,Prescott Household,1980,Married,IL,Client Referral,2020-02-27,Premier,Growth,Standard,,Active,A011
H01802,Quinlan Household,1973,Married,NV,Digital/Web,2008-12-22,Premier,Growth,Standard,,Active,A026
H01803,Rinaldi Household,1965,Single,RI,Client Referral,2022-01-31,Core,Moderate,Negotiated,90,Active,A002
H01804,Pemberton Household,1942,Widowed,MA,Seminar/Event,2015-05-28,Core,Moderate,Standard,,Active,A001
H01805,Pemberton Household,1967,Married,NH,CPA/Attorney Referral,2015-08-05,Premier,Moderate,Standard,,Active,A005
H01806,Harrington Household,1978,Married,TX,Lakeside Acquisition (2022),2022-05-09,Core,Aggressive,Standard,,Active,A021
H01807,Moreau Household,1959,Divorced,CO,Seminar/Event,2019-07-21,Core,Growth,Standard,,Active,A014
H01808,Chaudhry Household,1955,Married,MA,Client Referral,2014-09-11,Core,Moderate,Standard,,Active,A002
H01809,Fitzgerald Household,1956,Divorced,RI,CPA/Attorney Referral,2019-12-26,Core,Conservative,Standard,,Active,A002
H01810,Montgomery Household,1960,Married,WI,Client Referral,2016-08-27,Core,Moderate,Standard,,Active,A010
H01811,Kowalski Household,1964,Single,IL,Client Referral,2014-12-06,Core,Growth,Standard,,Active,A009
H01812,Marchetti Household,1979,Single,IL,Seminar/Event,2017-07-21,Premier,Growth,Standard,,Active,A010
H01813,Haverford Household,1972,Married,WI,Seminar/Event,2013-08-11,Core,Moderate,Standard,,Closed,A011
H01814,Eriksen Household,1968,Married,TX,Lakeside Acquisition (2022),2022-04-30,Core,Growth,Standard,,Active,A020
H01815,Donnelly Household,1969,Widowed,AZ,Seminar/Event,2018-03-17,Core,Moderate,Standard,,Closed,A026
H01816,Callahan Household,1939,Widowed,NV,Client Referral,2009-08-02,Core,Conservative,Standard,,Active,A026
H01817,Marchetti Household,1968,Married,AZ,Seminar/Event,2018-10-29,Core,Growth,Standard,,Active,A026
H01818,Beaumont Household,1961,Married,MA,Seminar/Event,2007-02-21,Core,Growth,Standard,,Active,A001
H01819,Prescott Household,1965,Married,CO,Client Referral,2011-06-19,Core,Aggressive,Standard,,Active,A016
H01820,Novak Household,1977,Married,WI,Other,2022-11-20,Core,Growth,Standard,,Active,A011
H01821,Eriksen Household,1975,Married,CO,Client Referral,2016-05-14,Core,Aggressive,Standard,,Active,A019
H01822,Castellano Household,1968,Married,AZ,Client Referral,2022-12-25,Core,Moderate,Negotiated,90,Active,A028
H01823,Donnelly Household,1948,Married,NH,Digital/Web,2011-10-17,Premier,Growth,Negotiated,75,Active,A005
H01824,Novak Household,1944,Widowed,AZ,Client Referral,2019-07-23,Premier,Growth,Negotiated,65,Active,A026
H01825,Iverson Household,1959,Divorced,TX,Lakeside Acquisition (2022),2022-05-04,Core,Growth,Standard,,Active,A020
H01826,Thornton Household,1956,Married,CO,CPA/Attorney Referral,2021-02-01,Premier,Growth,Negotiated,90,Active,A018
H01827,Harrington Household,1985,Married,IN,Client Referral,2017-01-04,Core,Growth,Standard,,Closed,A008
H01828,Nakamura Household,1949,Widowed,AZ,Seminar/Event,2012-11-03,Premier,Moderate,Standard,,Active,A026
H01829,Callahan Household,1953,Single,MA,Client Referral,2017-12-15,Core,Moderate,Standard,,Active,A005
H01830,Novak Household,1959,Married,NY,Lakeside Acquisition (2022),2022-05-02,Core,Growth,Standard,,Active,A022
H01831,Lindqvist Household,1963,Single,AZ,Client Referral,2022-05-22,Core,Growth,Negotiated,65,Active,A026
H01832,Nakamura Household,1968,Married,AZ,Other,2013-08-16,Premier,Moderate,Negotiated,65,Active,A026
H01833,Brennan Household,1951,Divorced,NC,Seminar/Event,2012-05-05,Core,Moderate,Standard,,Active,A005
H01834,Sullivan Household,1955,Single,CO,Seminar/Event,2012-02-21,Core,Moderate,Negotiated,75,Active,A016
H01835,Iverson Household,1939,Widowed,WY,CPA/Attorney Referral,2013-04-08,Premier,Moderate,Standard,,Active,A016
H01836,Novak Household,1965,Married,AZ,CPA/Attorney Referral,2009-12-19,Premier,Conservative,Standard,,Active,A026
H01837,Iverson Household,1961,Married,NV,Client Referral,2015-01-02,Core,Growth,Standard,,Active,A026
H01838,Lindqvist Household,1954,Divorced,MA,Client Referral,2011-09-16,Core,Moderate,Standard,,Active,A002
H01839,Radcliffe Household,1965,Married,FL,Digital/Web,2016-05-19,Premier,Moderate,Negotiated,90,Active,A014
H01840,Rinaldi Household,1944,Married,MA,Client Referral,2013-01-14,Premier,Growth,Standard,,Active,A005
H01841,Larkin Household,,Married,TX,Lakeside Acquisition (2022),2022-05-03,Core,Growth,Standard,,Active,A020
H01842,Kowalski Household,1938,Single,TX,Client Referral,2018-01-21,Premier,Moderate,Standard,,Closed,A020
H01843,Pemberton Household,1956,Married,TX,Client Referral,2020-10-06,Core,Growth,Negotiated,90,Active,A020
H01844,Novak Household,1958,Married,CO,Seminar/Event,2021-03-25,Premier,Moderate,Standard,,Active,A019
H01845,Rinaldi Household,1970,Married,NY,CPA/Attorney Referral,2018-03-24,Core,Conservative,Standard,,Active,A009
H01846,Okafor Household,1960,Married,TX,Client Referral,2020-03-07,Core,Growth,Standard,,Active,A020
H01847,Novak Household,1964,Single,IL,Client Referral,2015-06-13,Core,Growth,Standard,,Closed,A011
H01848,Sullivan Household,1959,Widowed,AZ,Client Referral,2010-03-06,Premier,Moderate,Standard,,Active,A026
H01849,Whitaker Household,1967,Widowed,NY,Seminar/Event,2009-11-20,Premier,Moderate,Negotiated,65,Active,A010
H01850,Castellano Household,1962,Married,TX,Lakeside Acquisition (2022),2022-04-14,Core,Aggressive,Standard,,Active,A020
H01851,Brennan Household,1962,Married,NV,Client Referral,2011-07-06,Core,Growth,Standard,,Active,A026
H01852,Montgomery Household,1968,Divorced,IL,Digital/Web,2010-11-29,Premier,Moderate,Standard,,Closed,A010
H01853,Quinlan Household,1941,Widowed,AZ,Seminar/Event,2021-03-23,Core,Moderate,Standard,,Closed,A026
H01854,Chaudhry Household,1940,Married,CO,Client Referral,2010-06-24,Premier,Moderate,Standard,,Active,A016
H01855,Eriksen Household,1972,Divorced,AZ,CPA/Attorney Referral,2016-06-05,Premier,Moderate,Negotiated,90,Active,A026
H01856,Abernathy Household,1970,Married,TX,Seminar/Event,2013-06-16,Core,Conservative,Standard,,Closed,A020
H01857,Novak Household,1961,Single,WI,Client Referral,2020-01-20,Premier,Growth,Negotiated,80,Active,A009
H01858,Delgado Household,1957,Single,WY,CPA/Attorney Referral,2018-05-13,Premier,Moderate,Standard,,Active,A014
H01859,Sullivan Household,1970,Divorced,TX,CPA/Attorney Referral,2016-12-27,Core,Moderate,Standard,,Active,A020
H01860,Abernathy Household,1969,Married,NH,Client Referral,2015-12-29,Core,Moderate,Standard,,Active,A001
H01861,Castellano Household,1954,Divorced,IL,Client Referral,2019-11-17,Core,Growth,Standard,,Active,A011
H01862,Eriksen Household,1976,Married,NY,CPA/Attorney Referral,2021-03-14,Core,Growth,Standard,,Active,A004
H01863,Rinaldi Household,1978,Single,WI,CPA/Attorney Referral,2014-06-23,Core,Growth,Standard,,Active,A009
H01864,Okafor Household,1945,Married,TX,Lakeside Acquisition (2022),2022-04-27,Core,Moderate,Standard,,Closed,A023
H01865,Ashworth Household,1948,Widowed,NH,CPA/Attorney Referral,2019-07-02,Core,Growth,Standard,,Active,A005
H01866,Radcliffe Household,1963,Married,CO,Client Referral,2017-05-29,Core,Moderate,Standard,,Active,A014
H01867,Brennan Household,1963,Married,AZ,Lakeside Acquisition (2022),2022-05-05,Core,Growth,Standard,,Active,A027
H01868,Kensington Household,1973,Married,WY,Client Referral,2019-05-27,Core,Moderate,Standard,,Active,A016
H01869,Novak Household,1951,Married,IN,CPA/Attorney Referral,2012-01-03,Core,Growth,Standard,,Active,A010
H01870,Eriksen Household,1958,Widowed,TX,Lakeside Acquisition (2022),2022-05-02,Core,Growth,Standard,,Active,A020
H01871,Montgomery Household,1948,Widowed,FL,Lakeside Acquisition (2022),2022-05-06,Core,Conservative,Standard,,Active,A022
H01872,Prescott Household,1967,Married,AZ,Digital/Web,2021-01-15,Premier,Moderate,Standard,,Closed,A028
H01873,Kowalski Household,1955,Married,MA,Digital/Web,2018-01-13,Premier,Conservative,Negotiated,80,Active,A005
H01874,Pemberton Household,1954,Married,NV,CPA/Attorney Referral,2021-04-24,Premier,Growth,Standard,,Active,A028
H01875,Thornton Household,1972,Widowed,MA,Seminar/Event,2014-06-05,Premier,Aggressive,Negotiated,75,Active,A001
H01876,Gallagher Household,1953,Married,MA,Client Referral,2022-09-11,Premier,Growth,Negotiated,65,Active,A004
H01877,Eriksen Household,1957,Married,RI,Seminar/Event,2020-11-14,Core,Conservative,Standard,,Active,A004
H01878,Vasquez Household,1981,Single,TX,Lakeside Acquisition (2022),2022-04-08,Core,Aggressive,Standard,,Closed,A022
H01879,Larkin Household,1970,Married,TX,Lakeside Acquisition (2022),2022-04-20,Core,Moderate,Standard,,Closed,A020
H01880,Montgomery Household,1970,Single,CO,Client Referral,2018-11-11,Core,Conservative,Standard,,Active,A019
H01881,Larkin Household,1969,Married,CO,Client Referral,2015-02-02,Core,Growth,Standard,,Active,A016
H01882,Castellano Household,1952,Married,MA,Client Referral,2017-03-30,Core,Growth,Negotiated,90,Active,A003
H01883,Rinaldi Household,1963,Married,AZ,Client Referral,2017-03-14,Core,Moderate,Standard,,Closed,A026
H01884,Haverford Household,1971,Married,AZ,Client Referral,2022-03-16,Premier,Aggressive,Standard,,Active,A026
H01885,Marchetti Household,1956,Single,FL,CPA/Attorney Referral,2009-04-11,Core,Moderate,Standard,,Active,A026
H01886,Callahan Household,1955,Married,NC,Digital/Web,2019-01-20,Premier,Conservative,Negotiated,80,Active,A005
H01887,Prescott Household,1968,Single,TX,Seminar/Event,2018-10-28,Core,Moderate,Standard,,Active,A021
H01888,Thornton Household,1988,Married,AZ,Client Referral,2006-11-08,Premier,Aggressive,Standard,,Closed,A026
H01889,Thornton Household,1949,Married,IL,CPA/Attorney Referral,2017-02-12,Core,Moderate,Standard,,Active,A010
H01890,Kowalski Household,1960,Single,NV,Client Referral,2020-06-01,Core,Moderate,Negotiated,90,Active,A027
H01891,Harrington Household,1951,Widowed,IL,Digital/Web,2016-05-27,Core,Moderate,Negotiated,65,Active,A011
H01892,Nakamura Household,1975,Married,WI,Client Referral,2018-05-16,Core,Growth,Standard,,Active,A011
H01893,Thornton Household,1961,Widowed,CO,Client Referral,2013-06-30,Core,Growth,Standard,,Active,A014
H01894,Lindqvist Household,1947,Widowed,WY,CPA/Attorney Referral,2015-04-19,Core,Moderate,Standard,,Active,A019
H01895,Brennan Household,1952,Widowed,CA,Lakeside Acquisition (2022),2022-05-12,Core,Conservative,Standard,,Closed,A022
H01896,Kowalski Household,1987,Single,CO,CPA/Attorney Referral,2014-04-11,Core,Growth,Negotiated,75,Active,A014
H01897,Quinlan Household,1938,Widowed,RI,Client Referral,2011-11-07,Premier,Moderate,Negotiated,90,Active,A001
H01898,Harrington Household,1941,Widowed,CO,Other,2022-03-06,Core,Aggressive,Standard,,Active,A014
H01899,Sullivan Household,1966,Married,MA,CPA/Attorney Referral,2013-04-25,Premier,Moderate,Negotiated,90,Active,A005
H01900,Lindqvist Household,1961,Married,IL,Client Referral,2017-03-28,Core,Moderate,Standard,,Closed,A008
H01901,Vasquez Household,1969,Married,MA,Client Referral,2015-05-27,Core,Growth,Standard,,Active,A002
H01902,Kowalski Household,1946,Widowed,CA,Client Referral,2022-10-31,Core,Moderate,Standard,,Active,A026
H01903,Lindqvist Household,1979,Divorced,NH,Client Referral,2011-12-02,Core,Growth,Standard,,Active,A001
H01904,Radcliffe Household,1969,Married,AZ,Seminar/Event,2022-05-17,Core,Moderate,Standard,,Active,A027
H01905,Iverson Household,1952,Single,MA,Client Referral,2011-01-22,Premier,Conservative,Standard,,Active,A005
H01906,Radcliffe Household,1949,Widowed,IL,Client Referral,2016-11-04,Core,Growth,Standard,,Closed,A010
H01907,Radcliffe Household,1962,Divorced,CA,Digital/Web,2015-05-11,Premier,Growth,Standard,,Active,A011
H01908,Donnelly Household,1946,Married,MA,Client Referral,2009-11-20,Core,Conservative,Standard,,Active,A005
H01909,Marchetti Household,1965,Married,NV,Client Referral,2022-01-17,Premier,Moderate,Negotiated,80,Active,A026
H01910,Nakamura Household,,Married,CO,Client Referral,2019-08-17,Premier,Moderate,Negotiated,90,Active,A016
H01911,Brennan Household,1959,Divorced,WY,Seminar/Event,2020-03-11,Core,Growth,Standard,,Active,A016
H01912,Moreau Household,1949,Widowed,TX,Client Referral,2016-10-29,Premier,Moderate,Standard,,Closed,A021
H01913,Gallagher Household,1962,Married,TX,Digital/Web,2013-05-27,Premier,Growth,Negotiated,65,Active,A020
H01914,Delgado Household,1963,Married,NH,CPA/Attorney Referral,2018-07-20,Core,Growth,Standard,,Active,A005
H01915,Quinlan Household,1974,Divorced,FL,CPA/Attorney Referral,2015-04-15,Premier,Growth,Negotiated,80,Active,A026
H01916,Ashworth Household,1989,Married,IL,Client Referral,2017-01-30,Core,Growth,Standard,,Active,A009
H01917,Pemberton Household,1951,Married,IL,Client Referral,2013-11-05,Core,Conservative,Negotiated,80,Active,A009
H01918,Okafor Household,1980,Married,CA,Client Referral,2016-07-26,Core,Moderate,Standard,,Closed,A010
H01919,Whitaker Household,1949,Married,CO,Client Referral,2015-07-23,Core,Conservative,Standard,,Active,A014
H01920,Eriksen Household,1964,Single,MA,Seminar/Event,2008-03-16,Core,Growth,Standard,,Active,A001
H01921,Fitzgerald Household,1933,Widowed,WY,CPA/Attorney Referral,2020-03-30,Premier,Moderate,Standard,,Active,A016
H01922,Lindqvist Household,1944,Widowed,RI,Seminar/Event,2021-11-09,Core,Aggressive,Standard,,Closed,A001
H01923,Vasquez Household,1969,Married,NV,Client Referral,2022-10-23,Core,Aggressive,Standard,,Active,A028
H01924,Sullivan Household,1961,Married,IL,Client Referral,2018-12-26,Core,Growth,Standard,,Active,A009
H01925,Novak Household,1979,Divorced,MA,Client Referral,2020-01-10,Premier,Aggressive,Standard,,Active,A005
H01926,Holloway Household,1955,Married,MA,Client Referral,2016-02-20,Core,Growth,Standard,,Active,A005
H01927,Larkin Household,1954,Married,CO,Client Referral,2012-11-08,Core,Moderate,Standard,,Active,A016
H01928,Nakamura Household,1976,Married,AZ,Client Referral,2019-11-02,Premier,Moderate,Standard,,Active,A026
H01929,Ashworth Household,1961,Married,TX,Lakeside Acquisition (2022),2022-04-15,Core,Moderate,Standard,,Active,A022
H01930,Kowalski Household,1956,Married,TX,Digital/Web,2021-09-20,Private Client,Moderate,Standard,,Active,A022
H01931,Rinaldi Household,1967,Married,IL,Client Referral,2021-05-22,Premier,Moderate,Standard,,Closed,A012
H01932,Chaudhry Household,1961,Married,TX,Lakeside Acquisition (2022),2022-05-05,Premier,Moderate,Standard,,Active,A022
H01933,Kowalski Household,1951,Divorced,WY,Client Referral,2013-10-24,Core,Conservative,Standard,,Closed,A019
H01934,Rinaldi Household,1939,Widowed,AZ,CPA/Attorney Referral,2017-10-31,Premier,Conservative,Standard,,Active,A026
H01935,Brennan Household,1964,Married,CO,Client Referral,2021-03-01,Core,Growth,Standard,,Active,A014
H01936,Beaumont Household,1973,Married,IL,Seminar/Event,2013-02-17,Premier,Growth,Negotiated,80,Active,A010
H01937,Ashworth Household,1952,Married,MA,CPA/Attorney Referral,2014-02-22,Core,Conservative,Standard,,Active,A002
H01938,Moreau Household,1962,Single,TX,Lakeside Acquisition (2022),2022-04-24,Core,Growth,Standard,,Active,A020
H01939,Holloway Household,1987,Single,CO,Client Referral,2022-05-06,Core,Moderate,Standard,,Active,A016
H01940,Whitaker Household,1962,Single,IL,Client Referral,2018-12-20,Premier,Moderate,Negotiated,80,Closed,A010
H01941,Montgomery Household,1969,Married,MA,Client Referral,2015-01-29,Core,Moderate,Standard,,Active,A003
H01942,Whitaker Household,1977,Divorced,MA,Client Referral,2019-04-23,Core,Moderate,Standard,,Closed,A001
H01943,Castellano Household,1944,Married,AZ,Client Referral,2022-05-19,Core,Conservative,Standard,,Active,A026
H01944,Chaudhry Household,1954,Married,WY,Client Referral,2022-10-26,Core,Growth,Standard,,Active,A018
H01945,Vasquez Household,1962,Married,AZ,CPA/Attorney Referral,2018-08-29,Premier,Moderate,Standard,,Active,A028
H01946,Callahan Household,1962,Single,IN,Lakeside Acquisition (2022),2022-05-06,Core,Moderate,Standard,,Active,A010
H01947,Rinaldi Household,1954,Widowed,IN,Seminar/Event,2011-05-10,Premier,Growth,Standard,,Closed,A010
H01948,Quinlan Household,1955,Married,CO,Client Referral,2017-12-04,Core,Conservative,Standard,,Active,A014
H01949,Pemberton Household,1949,Widowed,CO,Client Referral,2021-11-08,Core,Growth,Standard,,Active,A016
H01950,Moreau Household,1957,Single,IL,Client Referral,2011-02-10,Premier,Growth,Standard,,Active,A011
H01951,Montgomery Household,1967,Married,TX,Lakeside Acquisition (2022),2022-04-05,Core,Growth,Standard,,Active,A021
H01952,Brennan Household,1973,Married,TX,Lakeside Acquisition (2022),2022-04-08,Premier,Growth,Standard,,Active,A022
H01953,Delgado Household,1960,Married,NH,Client Referral,2017-07-16,Core,Moderate,Standard,,Active,A005
H01954,Moreau Household,1955,Single,RI,Client Referral,2021-09-21,Premier,Moderate,Standard,,Active,A001
H01955,Quinlan Household,1951,Married,FL,Client Referral,2014-08-29,Premier,Moderate,Standard,,Closed,A016
H01956,Moreau Household,,Married,AZ,Client Referral,2021-01-31,Core,Conservative,Standard,,Active,A030
H01957,Gallagher Household,1963,Married,AZ,Client Referral,2022-01-16,Premier,Growth,Standard,,Active,A026
H01958,Kensington Household,1950,Widowed,MA,Client Referral,2013-05-25,Core,Moderate,Standard,,Closed,A002
H01959,Donnelly Household,1943,Widowed,CO,Seminar/Event,2017-05-24,Core,Conservative,Standard,,Active,A019
H01960,Kensington Household,1968,Married,CO,Digital/Web,2012-03-12,Core,Growth,Standard,,Closed,A015
H01961,Abernathy Household,1952,Married,IN,CPA/Attorney Referral,2011-07-03,Core,Conservative,Standard,,Active,A010
H01962,Eriksen Household,1942,Widowed,NC,Seminar/Event,2021-03-14,Core,Growth,Standard,,Active,A028
H01963,Castellano Household,,Married,NY,Client Referral,2015-09-21,Core,Aggressive,Negotiated,80,Active,A014
H01964,Radcliffe Household,1953,Married,CA,Client Referral,2020-12-04,Core,Moderate,Standard,,Active,A019
H01965,Moreau Household,1962,Married,AZ,Client Referral,2007-02-18,Premier,Moderate,Standard,,Active,A026
H01966,Thornton Household,1968,Married,IL,CPA/Attorney Referral,2020-10-05,Premier,Moderate,Standard,,Active,A011
H01967,Donnelly Household,,Married,TX,Lakeside Acquisition (2022),2022-04-05,Core,Moderate,Standard,,Closed,A022
H01968,Vasquez Household,1950,Widowed,AZ,CPA/Attorney Referral,2020-08-26,Premier,Growth,Standard,,Active,A027
H01969,Iverson Household,1972,Married,CO,Seminar/Event,2021-07-14,Core,Aggressive,Standard,,Closed,A019
H01970,Quinlan Household,1976,Single,TX,Digital/Web,2019-09-23,Core,Aggressive,Standard,,Active,A020
H01971,Novak Household,1964,Married,TX,Seminar/Event,2014-07-13,Core,Moderate,Standard,,Active,A020
H01972,Thornton Household,1963,Widowed,NV,Digital/Web,2018-10-07,Private Client,Moderate,Standard,,Active,A027
H01973,Novak Household,1963,Married,IL,Client Referral,2020-10-26,Core,Moderate,Standard,,Active,A011
H01974,Marchetti Household,1960,Single,IL,Client Referral,2019-01-30,Core,Moderate,Standard,,Active,A009
H01975,Gallagher Household,1957,Married,AZ,CPA/Attorney Referral,2015-11-08,Core,Moderate,Standard,,Active,A026
H01976,Ashworth Household,1970,Married,TX,Lakeside Acquisition (2022),2022-05-10,Core,Conservative,Standard,,Active,A022
H01977,Lindqvist Household,1956,Married,IL,Seminar/Event,2016-07-16,Core,Moderate,Standard,,Active,A009
H01978,Callahan Household,1945,Widowed,RI,Client Referral,2022-04-17,Premier,Moderate,Negotiated,90,Active,A001
H01979,Beaumont Household,1971,Divorced,IN,CPA/Attorney Referral,2019-02-07,Core,Growth,Standard,,Active,A011
H01980,Donnelly Household,1955,Divorced,MA,Client Referral,2021-09-24,Core,Conservative,Standard,,Active,A004
H01981,Iverson Household,1956,Married,MA,CPA/Attorney Referral,2010-10-18,Core,Moderate,Standard,,Active,A005
H01982,Brennan Household,1952,Divorced,MA,CPA/Attorney Referral,2011-01-04,Core,Moderate,Standard,,Active,A001
H01983,Abernathy Household,1972,Single,IN,Client Referral,2013-02-12,Premier,Growth,Standard,,Closed,A010
H01984,Moreau Household,1957,Married,CO,CPA/Attorney Referral,2014-02-27,Core,Moderate,Standard,,Closed,A016
H01985,Donnelly Household,1988,Married,MA,Client Referral,2015-08-25,Core,Aggressive,Standard,,Active,A005
H01986,Moreau Household,,Widowed,AZ,Client Referral,2021-07-20,Core,Moderate,Standard,,Active,A028
H01987,Okafor Household,1960,Married,AZ,Client Referral,2011-12-23,Premier,Moderate,Standard,,Active,A026
H01988,Callahan Household,1965,Married,IN,Seminar/Event,2010-06-27,Premier,Growth,Standard,,Closed,A010
H01989,Harrington Household,1973,Married,CO,Seminar/Event,2016-02-20,Core,Growth,Standard,,Active,A014
H01990,Thornton Household,1964,Married,CO,Client Referral,2022-06-08,Premier,Moderate,Standard,,Closed,A016
H01991,Whitaker Household,1972,Married,NH,CPA/Attorney Referral,2011-12-14,Premier,Growth,Negotiated,65,Closed,A005
H01992,Rinaldi Household,1980,Married,TX,Client Referral,2022-07-04,Core,Growth,Standard,,Active,A020
H01993,Chaudhry Household,1976,Married,IL,Client Referral,2020-10-18,Private Client,Growth,Standard,,Active,A010
H01994,Castellano Household,1977,Divorced,IL,Client Referral,2011-12-02,Premier,Moderate,Negotiated,75,Active,A010
H01995,Pemberton Household,1964,Married,MA,Client Referral,2014-10-08,Core,Moderate,Standard,,Active,A005
H01996,Thornton Household,1961,Married,MA,Client Referral,2020-01-26,Core,Moderate,Standard,,Active,A005
H01997,Sullivan Household,1969,Widowed,NH,Client Referral,2007-07-30,Premier,Growth,Standard,,Closed,A001
H01998,Nakamura Household,1958,Married,IL,CPA/Attorney Referral,2020-02-11,Core,Conservative,Standard,,Active,A011
H01999,Radcliffe Household,1975,Married,FL,Lakeside Acquisition (2022),2022-05-06,Core,Conservative,Standard,,Active,A022
H02000,Chaudhry Household,1974,Married,NH,Client Referral,2021-12-02,Premier,Aggressive,Standard,,Active,A002
H02001,Ashworth Household,1957,Married,IL,Client Referral,2013-06-08,Core,Growth,Standard,,Active,A009
H02002,Novak Household,1964,Widowed,MA,Client Referral,2007-03-28,Core,Moderate,Standard,,Active,A001
H02003,Quinlan Household,1965,Married,CO,Client Referral,2020-03-21,Private Client,Moderate,Negotiated,65,Active,A016
H02004,Donnelly Household,1956,Married,AZ,CPA/Attorney Referral,2017-03-11,Core,Moderate,Standard,,Active,A027
H02005,Vasquez Household,1963,Single,FL,Client Referral,2013-11-01,Core,Moderate,Standard,,Active,A009
H02006,Lindqvist Household,1970,Married,MA,Client Referral,2011-12-19,Core,Moderate,Standard,,Closed,A005
H02007,Haverford Household,1977,Single,RI,CPA/Attorney Referral,2011-04-09,Core,Growth,Standard,,Active,A001
H02008,Kensington Household,1958,Married,MA,Client Referral,2015-04-03,Core,Moderate,Standard,,Active,A003
H02009,Kensington Household,1950,Widowed,TX,Lakeside Acquisition (2022),2022-04-28,Core,Moderate,Standard,,Active,A020
H02010,Whitaker Household,1955,Divorced,MA,CPA/Attorney Referral,2012-06-29,Core,Moderate,Standard,,Active,A001
H02011,Holloway Household,1964,Married,MA,Digital/Web,2008-02-24,Premier,Moderate,Standard,,Closed,A001
H02012,Lindqvist Household,1986,Married,CA,CPA/Attorney Referral,2011-03-14,Core,Growth,Standard,,Closed,A010
H02013,Quinlan Household,1965,Single,MA,Client Referral,2018-01-25,Core,Conservative,Standard,,Active,A004
H02014,Okafor Household,1967,Single,AZ,Other,2010-09-01,Premier,Moderate,Standard,,Active,A026
H02015,Iverson Household,1942,Widowed,AZ,Client Referral,2021-07-03,Private Client,Moderate,Standard,,Active,A028
H02016,Okafor Household,1953,Married,CA,Other,2017-07-01,Premier,Moderate,Negotiated,65,Active,A016
H02017,Kowalski Household,1971,Married,NY,CPA/Attorney Referral,2014-11-08,Private Client,Growth,Negotiated,80,Active,A005
H02018,Castellano Household,1959,Divorced,MA,Seminar/Event,2021-12-09,Premier,Moderate,Standard,,Active,A005
H02019,Iverson Household,1972,Married,IN,Client Referral,2020-03-21,Core,Growth,Standard,,Active,A011
H02020,Thornton Household,1981,Divorced,AZ,Seminar/Event,2021-04-15,Core,Growth,Standard,,Active,A026
H02021,Fitzgerald Household,1969,Married,CO,Client Referral,2022-08-16,Core,Growth,Standard,,Active,A019
H02022,Chaudhry Household,1945,Widowed,IN,CPA/Attorney Referral,2011-08-22,Core,Moderate,Standard,,Active,A011
H02023,Radcliffe Household,1957,Married,CA,CPA/Attorney Referral,2007-03-30,Core,Moderate,Negotiated,80,Active,A001
H02024,Lindqvist Household,1966,Married,TX,Client Referral,2022-02-06,Core,Growth,Standard,,Active,A022
H02025,Ashworth Household,1960,Married,TX,Lakeside Acquisition (2022),2022-04-08,Core,Moderate,Standard,,Closed,A020
H02026,Donnelly Household,1975,Married,TX,Client Referral,2022-06-29,Premier,Moderate,Negotiated,75,Active,A022
H02027,Kowalski Household,1958,Married,IL,CPA/Attorney Referral,2018-12-11,Premier,Growth,Negotiated,75,Active,A009
H02028,Pemberton Household,1961,Married,MA,Seminar/Event,2020-11-11,Premier,Growth,Standard,,Active,A002
H02029,Castellano Household,1974,Married,FL,Seminar/Event,2012-02-05,Private Client,Moderate,Negotiated,65,Active,A001
H02030,Vasquez Household,1968,Married,WI,Client Referral,2020-07-14,Core,Moderate,Standard,,Active,A011
H02031,Chaudhry Household,1960,Single,IN,Client Referral,2016-04-25,Premier,Moderate,Standard,,Active,A010
H02032,Vasquez Household,1968,Married,NH,Client Referral,2018-04-20,Premier,Growth,Negotiated,90,Active,A003
H02033,Fitzgerald Household,1958,Single,NH,CPA/Attorney Referral,2015-07-28,Premier,Growth,Standard,,Active,A001
H02034,Quinlan Household,1962,Married,IL,Client Referral,2020-11-15,Core,Moderate,Standard,,Active,A011
H02035,Ashworth Household,1963,Married,TX,Lakeside Acquisition (2022),2022-04-22,Premier,Moderate,Standard,,Active,A022
H02036,Haverford Household,1981,Single,CO,CPA/Attorney Referral,2022-08-29,Premier,Moderate,Standard,,Active,A018
H02037,Whitaker Household,1964,Divorced,RI,Digital/Web,2020-10-13,Premier,Growth,Negotiated,80,Active,A003
H02038,Haverford Household,1961,Divorced,TX,Lakeside Acquisition (2022),2022-04-07,Core,Moderate,Standard,,Closed,A022
H02039,Iverson Household,1955,Single,WY,Client Referral,2014-02-20,Private Client,Moderate,Negotiated,90,Active,A019
H02040,Lindqvist Household,1958,Married,TX,Lakeside Acquisition (2022),2022-04-11,Core,Growth,Standard,,Active,A020
H02041,Marchetti Household,1969,Married,FL,Seminar/Event,2022-09-19,Premier,Growth,Standard,,Active,A022
H02042,Thornton Household,1957,Married,WY,Client Referral,2022-05-14,Core,Conservative,Standard,,Active,A018
H02043,Quinlan Household,1959,Married,AZ,CPA/Attorney Referral,2013-02-25,Core,Moderate,Standard,,Closed,A026
H02044,Vasquez Household,1957,Married,TX,Client Referral,2019-04-02,Premier,Moderate,Negotiated,75,Active,A020
H02045,Abernathy Household,1948,Divorced,TX,Lakeside Acquisition (2022),2022-04-05,Core,Moderate,Negotiated,75,Closed,A023
H02046,Lindqvist Household,,Married,AZ,Seminar/Event,2021-01-20,Core,Growth,Standard,,Active,A030
H02047,Delgado Household,1968,Married,TX,Lakeside Acquisition (2022),2022-04-07,Core,Moderate,Standard,,Active,A020
H02048,Kensington Household,,Married,RI,CPA/Attorney Referral,2019-07-16,Premier,Moderate,Standard,,Active,A002
H02049,Fitzgerald Household,1970,Married,TX,Lakeside Acquisition (2022),2022-04-10,Core,Moderate,Standard,,Closed,A022
H02050,Rinaldi Household,1965,Divorced,CO,CPA/Attorney Referral,2019-10-27,Core,Growth,Standard,,Active,A016
H02051,Whitaker Household,1940,Married,AZ,CPA/Attorney Referral,2009-09-19,Core,Moderate,Standard,,Active,A026
H02052,Pemberton Household,1959,Divorced,CO,Client Referral,2020-06-04,Premier,Moderate,Standard,,Closed,A016
H02053,Eriksen Household,1945,Widowed,MA,Client Referral,2021-04-29,Core,Growth,Standard,,Active,A001
H02054,Lindqvist Household,1942,Married,AZ,Digital/Web,2020-02-11,Core,Moderate,Standard,,Active,A027
H02055,Kowalski Household,1900,Married,TX,Lakeside Acquisition (2022),2022-04-29,Core,Growth,Standard,,Active,A023
H02056,Lindqvist Household,1952,Married,RI,Seminar/Event,2010-09-14,Core,Moderate,Standard,,Active,A001
H02057,Fitzgerald Household,1975,Married,MA,Digital/Web,2017-11-01,Core,Growth,Standard,,Active,A002
H02058,Sullivan Household,1961,Married,TX,Lakeside Acquisition (2022),2022-04-11,Premier,Growth,Standard,,Active,A023
H02059,Larkin Household,1965,Married,IL,Client Referral,2019-04-28,Core,Aggressive,Standard,,Active,A011
H02060,Sullivan Household,1947,Widowed,MA,Seminar/Event,2012-03-26,Premier,Moderate,Standard,,Active,A002
H02061,Kensington Household,1965,Married,RI,CPA/Attorney Referral,2013-04-08,Premier,Growth,Standard,,Active,A001
H02062,Kowalski Household,1982,Married,NV,Client Referral,2019-10-17,Premier,Growth,Standard,,Active,A028
H02063,Chaudhry Household,1943,Widowed,AZ,Lakeside Acquisition (2022),2022-04-09,Core,Moderate,Standard,,Active,A027
H02064,Abernathy Household,1973,Divorced,AZ,Digital/Web,2015-05-24,Core,Growth,Standard,,Active,A026
H02065,Prescott Household,1969,Married,AZ,Client Referral,2019-11-14,Premier,Moderate,Standard,,Active,A028
H02066,Lindqvist Household,1952,Married,MA,Client Referral,2022-07-05,Core,Conservative,Standard,,Active,A001
H02067,Kowalski Household,1954,Married,MA,Seminar/Event,2019-06-27,Core,Moderate,Standard,,Active,A005
H02068,Nakamura Household,1962,Single,NY,Other,2017-06-21,Premier,Moderate,Negotiated,90,Closed,A005
H02069,Vasquez Household,1982,Married,CO,CPA/Attorney Referral,2014-03-10,Premier,Aggressive,Negotiated,80,Active,A014
H02070,Brennan Household,1995,Married,AZ,Client Referral,2011-11-16,Premier,Growth,Standard,,Active,A026
H02071,Kowalski Household,1938,Divorced,TX,Lakeside Acquisition (2022),2022-04-05,Core,Moderate,Negotiated,75,Active,A021
H02072,Moreau Household,1954,Single,NY,Client Referral,2020-07-13,Premier,Conservative,Standard,,Active,A022
H02073,Ashworth Household,1957,Married,IL,Seminar/Event,2015-09-07,Core,Moderate,Standard,,Active,A009
H02074,Callahan Household,1951,Married,CO,Client Referral,2016-11-13,Core,Moderate,Standard,,Active,A014
H02075,Nakamura Household,1956,Single,AZ,Digital/Web,2016-04-14,Core,Growth,Standard,,Active,A026
H02076,Iverson Household,1958,Married,IL,Client Referral,2020-07-16,Core,Growth,Standard,,Active,A010
H02077,Raman Household,1963,Single,WI,Client Referral,2014-12-04,Core,Growth,Standard,,Active,A009
H02078,Nakamura Household,1962,Married,WI,Client Referral,2010-04-12,Core,Moderate,Standard,,Active,A010
H02079,Kowalski Household,1945,Widowed,NH,Digital/Web,2011-09-17,Premier,Moderate,Standard,,Closed,A002
H02080,Ashworth Household,1960,Married,TX,Client Referral,2017-08-14,Premier,Growth,Standard,,Active,A020
H02081,Castellano Household,1983,Single,WY,CPA/Attorney Referral,2014-05-30,Core,Growth,Standard,,Active,A016
H02082,Montgomery Household,1960,Married,AZ,Client Referral,2017-12-16,Core,Moderate,Standard,,Active,A027
H02083,Holloway Household,1955,Married,MA,Client Referral,2008-04-19,Premier,Growth,Negotiated,80,Active,A001
H02084,Rinaldi Household,1956,Single,AZ,Client Referral,2018-10-17,Core,Moderate,Standard,,Closed,A028
H02085,Kensington Household,1964,Widowed,WY,Seminar/Event,2019-02-10,Premier,Moderate,Negotiated,90,Active,A014
H02086,Montgomery Household,1992,Married,AZ,Client Referral,2017-07-28,Core,Growth,Standard,,Active,A026
H02087,Castellano Household,1964,Married,NC,Digital/Web,2018-05-07,Core,Growth,Standard,,Closed,A011
H02088,Larkin Household,1969,Married,NH,CPA/Attorney Referral,2022-11-11,Core,Growth,Standard,,Active,A003
H02089,Harrington Household,1953,Married,AZ,Client Referral,2017-12-08,Premier,Moderate,Standard,,Active,A026
H02090,Donnelly Household,1972,Married,TX,Client Referral,2021-10-21,Core,Aggressive,Standard,,Active,A021
H02091,Nakamura Household,1955,Divorced,TX,CPA/Attorney Referral,2022-03-08,Core,Conservative,Standard,,Active,A021
H02092,Quinlan Household,1963,Married,FL,Digital/Web,2016-06-29,Core,Growth,Standard,,Active,A016
H02093,Thornton Household,1959,Married,CO,Client Referral,2021-03-27,Core,Moderate,Standard,,Active,A018
H02094,Gallagher Household,1973,Single,TX,Lakeside Acquisition (2022),2022-04-06,Core,Growth,Standard,,Active,A022
H02095,Holloway Household,1946,Married,CO,CPA/Attorney Referral,2022-03-02,Premier,Moderate,Standard,,Active,A016
H02096,Iverson Household,1952,Married,IL,Client Referral,2017-09-17,Core,Growth,Standard,,Active,A009
H02097,Castellano Household,1972,Married,MA,Client Referral,2011-12-21,Core,Aggressive,Standard,,Closed,A001
H02098,Chaudhry Household,1943,Widowed,NV,CPA/Attorney Referral,2019-03-09,Premier,Moderate,Standard,,Active,A027
H02099,Haverford Household,1941,Married,TX,Lakeside Acquisition (2022),2022-05-03,Core,Conservative,Standard,,Active,A020
H02100,Brennan Household,,Divorced,CO,Digital/Web,2017-04-19,Core,Moderate,Standard,,Active,A014
H02101,Holloway Household,1958,Single,RI,Digital/Web,2013-06-08,Core,Moderate,Standard,,Active,A001
H02102,Novak Household,1954,Single,MA,Digital/Web,2020-04-15,Private Client,Conservative,Standard,,Active,A003
H02103,Haverford Household,1943,Widowed,CA,CPA/Attorney Referral,2014-10-10,Core,Conservative,Standard,,Active,A026
H02104,Delgado Household,1948,Widowed,TX,Lakeside Acquisition (2022),2022-04-30,Premier,Moderate,Standard,,Closed,A020
H02105,Harrington Household,1940,Widowed,MA,CPA/Attorney Referral,2017-04-13,Core,Conservative,Negotiated,75,Active,A001
H02106,Marchetti Household,1954,Married,IL,Client Referral,2019-07-02,Premier,Conservative,Standard,,Active,A009
H02107,Harrington Household,1963,Single,WI,Seminar/Event,2019-01-22,Premier,Moderate,Standard,,Active,A010
H02108,Larkin Household,1977,Married,CO,CPA/Attorney Referral,2017-12-31,Core,Moderate,Standard,,Active,A016
H02109,Raman Household,1968,Married,RI,CPA/Attorney Referral,2018-11-08,Premier,Conservative,Negotiated,65,Active,A001
H02110,Castellano Household,1968,Divorced,TX,Lakeside Acquisition (2022),2022-05-07,Core,Growth,Standard,,Active,A023
H02111,Larkin Household,1964,Married,AZ,Client Referral,2017-07-28,Premier,Moderate,Standard,,Active,A026
H02112,Ashworth Household,1966,Married,TX,Client Referral,2021-11-02,Core,Aggressive,Standard,,Active,A020
H02113,Eriksen Household,1948,Widowed,NV,Seminar/Event,2018-06-28,Premier,Moderate,Standard,,Closed,A027
H02114,Montgomery Household,1979,Married,TX,Lakeside Acquisition (2022),2022-04-06,Core,Growth,Standard,,Closed,A021
H02115,Radcliffe Household,1953,Widowed,TX,Seminar/Event,2018-03-11,Core,Moderate,Standard,,Active,A020
H02116,Raman Household,1964,Married,CO,CPA/Attorney Referral,2019-10-04,Premier,Moderate,Standard,,Active,A014
H02117,Castellano Household,1979,Married,NC,CPA/Attorney Referral,2016-03-20,Core,Aggressive,Standard,,Active,A009
H02118,Moreau Household,1974,Married,IN,Client Referral,2021-05-01,Core,Aggressive,Standard,,Active,A010
H02119,Brennan Household,1958,Widowed,NC,Seminar/Event,2016-11-04,Core,Moderate,Standard,,Active,A010
H02120,Prescott Household,1949,Widowed,TX,Lakeside Acquisition (2022),2022-04-17,Core,Conservative,Standard,,Active,A022
H02121,Kowalski Household,1959,Married,IL,Client Referral,2018-03-02,Core,Moderate,Standard,,Closed,A011
H02122,Vasquez Household,1990,Single,TX,Lakeside Acquisition (2022),2022-05-09,Core,Growth,Standard,,Closed,A020
H02123,Abernathy Household,1977,Married,IL,CPA/Attorney Referral,2017-06-21,Core,Aggressive,Standard,,Active,A011
H02124,Novak Household,1970,Married,NV,Digital/Web,2016-01-17,Premier,Moderate,Standard,,Active,A026
H02125,Ashworth Household,1965,Married,WI,Digital/Web,2018-06-03,Premier,Aggressive,Standard,,Closed,A010
H02126,Montgomery Household,,Single,CO,Lakeside Acquisition (2022),2022-04-16,Core,Moderate,Standard,,Active,A014
H02127,Whitaker Household,1953,Married,FL,Client Referral,2019-09-02,Core,Moderate,Standard,,Active,A020
H02128,Chaudhry Household,1988,Married,AZ,Client Referral,2022-07-23,Core,Aggressive,Standard,,Active,A026
H02129,Sullivan Household,1969,Married,AZ,Seminar/Event,2011-12-31,Core,Moderate,Standard,,Closed,A025
H02130,Nakamura Household,1955,Single,TX,Client Referral,2015-12-31,Premier,Conservative,Standard,,Active,A020
H02131,Haverford Household,1959,Single,MA,CPA/Attorney Referral,2016-09-21,Premier,Moderate,Standard,,Active,A001
H02132,Chaudhry Household,1969,Married,IL,CPA/Attorney Referral,2015-07-05,Core,Moderate,Standard,,Closed,A011
H02133,Okafor Household,1973,Married,IN,Client Referral,2018-02-09,Core,Aggressive,Standard,,Closed,A012
H02134,Iverson Household,1964,Married,TX,Lakeside Acquisition (2022),2022-04-22,Core,Moderate,Standard,,Closed,A020
H02135,Brennan Household,1966,Married,MA,Digital/Web,2021-01-30,Core,Moderate,Standard,,Active,A001
H02136,Raman Household,1968,Divorced,NY,Client Referral,2014-07-20,Core,Moderate,Standard,,Active,A009
H02137,Castellano Household,1959,Widowed,MA,Digital/Web,2022-09-29,Core,Moderate,Standard,,Active,A001
H02138,Ashworth Household,1955,Married,CO,CPA/Attorney Referral,2014-03-03,Premier,Conservative,Standard,,Active,A014
H02139,Radcliffe Household,1950,Married,IN,CPA/Attorney Referral,2017-03-23,Core,Conservative,Standard,,Active,A012
H02140,Montgomery Household,1964,Single,MA,Seminar/Event,2013-12-03,Core,Moderate,Standard,,Active,A005
H02141,Iverson Household,,Married,IL,CPA/Attorney Referral,2022-03-25,Core,Conservative,Standard,,Active,A010
H02142,Eriksen Household,1950,Widowed,WI,Digital/Web,2022-05-18,Premier,Conservative,Standard,,Closed,A010
H02143,Montgomery Household,1959,Married,TX,CPA/Attorney Referral,2020-12-06,Core,Moderate,Standard,,Active,A020
H02144,Whitaker Household,,Married,MA,Other,2017-08-28,Core,Moderate,Standard,,Active,A003
H02145,Ashworth Household,1959,Married,TX,Lakeside Acquisition (2022),2022-04-21,Core,Moderate,Standard,,Active,A023
H02146,Sullivan Household,1958,Married,AZ,CPA/Attorney Referral,2012-10-02,Core,Conservative,Standard,,Active,A026
H02147,Larkin Household,1963,Divorced,IL,Client Referral,2020-08-20,Premier,Growth,Negotiated,75,Active,A009
H02148,Rinaldi Household,1933,Widowed,TX,Client Referral,2012-10-01,Premier,Conservative,Standard,,Active,A020
H02149,Kowalski Household,1959,Single,NH,Digital/Web,2011-06-16,Premier,Moderate,Standard,,Active,A005
H02150,Nakamura Household,1967,Married,TX,Lakeside Acquisition (2022),2022-04-02,Core,Moderate,Standard,,Active,A021
H02151,Kowalski Household,1963,Single,CO,Digital/Web,2023-01-13,Core,Moderate,Negotiated,90,Active,A016
H02152,Moreau Household,1966,Single,CO,Client Referral,2023-01-19,Premier,Moderate,Standard,,Active,A016
H02153,Gallagher Household,1950,Widowed,IL,Client Referral,2023-01-02,Core,Moderate,Standard,,Active,A010
H02154,Holloway Household,1977,Single,IL,Client Referral,2023-01-20,Premier,Moderate,Standard,,Closed,A010
H02155,Novak Household,1955,Single,MA,Digital/Web,2023-01-19,Core,Conservative,Standard,,Active,A004
H02156,Harrington Household,,Married,AZ,Digital/Web,2023-01-11,Core,Growth,Standard,,Active,A028
H02157,Eriksen Household,1966,Divorced,MA,Digital/Web,2023-01-10,Premier,Growth,Standard,,Closed,A004
H02158,Holloway Household,1953,Married,TX,Client Referral,2023-01-15,Core,Conservative,Standard,,Active,A020
H02159,Vasquez Household,1984,Single,AZ,Seminar/Event,2023-01-15,Core,Moderate,Standard,,Active,A029
H02160,Moreau Household,1965,Divorced,TX,Client Referral,2023-01-07,Premier,Moderate,Standard,,Active,A020
H02161,Prescott Household,1960,Single,TX,Client Referral,2023-02-05,Core,Conservative,Standard,,Active,A021
H02162,Rinaldi Household,1960,Married,TX,Client Referral,2023-02-19,Core,Moderate,Standard,,Active,A023
H02163,Moreau Household,1966,Single,FL,Client Referral,2023-02-08,Core,Growth,Standard,,Active,A011
H02164,Rinaldi Household,1953,Married,NH,CPA/Attorney Referral,2023-02-05,Premier,Growth,Standard,,Active,A001
H02165,Whitaker Household,1970,Married,CO,Client Referral,2023-02-06,Premier,Moderate,Standard,,Active,A016
H02166,Vasquez Household,1959,Married,CO,Seminar/Event,2023-02-10,Core,Moderate,Standard,,Active,A016
H02167,Nakamura Household,1968,Single,IL,Client Referral,2023-02-12,Core,Growth,Standard,,Closed,A010
H02168,Novak Household,1949,Widowed,IN,CPA/Attorney Referral,2023-02-12,Core,Growth,Standard,,Active,A010
H02169,Donnelly Household,,Married,AZ,CPA/Attorney Referral,2023-02-01,Premier,Growth,Standard,,Active,A029
H02170,Ashworth Household,1900,Married,NV,Client Referral,2023-02-18,Core,Conservative,Standard,,Active,A026
H02171,Raman Household,1955,Married,NV,Client Referral,2023-02-18,Core,Growth,Standard,,Active,A026
H02172,Prescott Household,1971,Married,AZ,CPA/Attorney Referral,2023-02-19,Premier,Aggressive,Standard,,Active,A026
H02173,Eriksen Household,1964,Married,TX,Other,2023-02-04,Premier,Moderate,Standard,,Closed,A021
H02174,Thornton Household,1964,Widowed,IL,Client Referral,2023-02-17,Core,Conservative,Standard,,Active,A012
H02175,Quinlan Household,1962,Married,CO,Digital/Web,2023-02-18,Premier,Moderate,Standard,,Active,A017
H02176,Eriksen Household,1968,Married,MA,CPA/Attorney Referral,2023-02-11,Core,Growth,Standard,,Active,A004
H02177,Prescott Household,1975,Single,TX,CPA/Attorney Referral,2023-02-16,Premier,Moderate,Standard,,Active,A021
H02178,Gallagher Household,1975,Married,WI,Client Referral,2023-02-19,Core,Growth,Standard,,Active,A010
H02179,Vasquez Household,1972,Married,NH,Client Referral,2023-03-02,Premier,Conservative,Negotiated,75,Active,A002
H02180,Castellano Household,1937,Widowed,WY,Digital/Web,2023-03-13,Core,Conservative,Standard,,Closed,A014
H02181,Lindqvist Household,1974,Married,CA,Digital/Web,2023-03-14,Core,Aggressive,Standard,,Active,A011
H02182,Lindqvist Household,1970,Married,RI,Client Referral,2023-03-19,Core,Conservative,Standard,,Active,A006
H02183,Kensington Household,1953,Married,TX,Client Referral,2023-03-04,Core,Growth,Standard,,Active,A020
H02184,Brennan Household,1978,Divorced,CO,Seminar/Event,2023-03-05,Core,Growth,Standard,,Active,A019
H02185,Abernathy Household,1954,Married,CO,Client Referral,2023-03-06,Core,Growth,Standard,,Active,A018
H02186,Callahan Household,1963,Single,AZ,Client Referral,2023-03-05,Core,Conservative,Standard,,Closed,A026
H02187,Moreau Household,1967,Married,WY,Digital/Web,2023-03-09,Core,Moderate,Standard,,Active,A016
H02188,Lindqvist Household,1959,Divorced,IN,CPA/Attorney Referral,2023-03-09,Core,Moderate,Standard,,Active,A010
H02189,Haverford Household,1966,Married,CO,CPA/Attorney Referral,2023-03-19,Core,Conservative,Standard,,Closed,A018
H02190,Abernathy Household,1956,Married,AZ,Digital/Web,2023-03-02,Private Client,Moderate,Standard,,Active,A026
H02191,Raman Household,1940,Married,CA,Client Referral,2023-03-06,Core,Moderate,Negotiated,75,Closed,A012
H02192,Gallagher Household,1965,Married,NH,Client Referral,2023-03-04,Core,Aggressive,Standard,,Active,A001
H02193,Lindqvist Household,1960,Single,IL,Client Referral,2023-03-19,Core,Growth,Standard,,Active,A010
H02194,Raman Household,1931,Widowed,CO,CPA/Attorney Referral,2023-03-13,Core,Moderate,Standard,,Active,A016
H02195,Prescott Household,1971,Married,MA,CPA/Attorney Referral,2023-03-08,Core,Moderate,Standard,,Active,A005
H02196,Abernathy Household,1974,Married,CO,Client Referral,2023-03-18,Premier,Aggressive,Negotiated,75,Active,A018
H02197,Vasquez Household,1955,Married,IL,Other,2023-04-09,Core,Moderate,Standard,,Active,A009
H02198,Iverson Household,1970,Married,AZ,Client Referral,2023-04-07,Core,Moderate,Standard,,Active,A026
H02199,Sullivan Household,1931,Married,WI,CPA/Attorney Referral,2023-04-04,Core,Conservative,Standard,,Closed,A011
H02200,Callahan Household,1963,Divorced,CA,Client Referral,2023-04-12,Premier,Growth,Standard,,Active,A012
H02201,Nakamura Household,1960,Married,NV,Digital/Web,2023-04-18,Core,Moderate,Standard,,Active,A029
H02202,Marchetti Household,1964,Married,NV,CPA/Attorney Referral,2023-04-10,Core,Moderate,Standard,,Active,A028
H02203,Moreau Household,1953,Married,TX,Other,2023-04-02,Core,Conservative,Standard,,Closed,A020
H02204,Sullivan Household,1970,Widowed,IL,Client Referral,2023-04-12,Premier,Conservative,Standard,,Active,A012
H02205,Gallagher Household,1962,Married,MA,Client Referral,2023-04-16,Core,Aggressive,Standard,,Active,A003
H02206,Fitzgerald Household,1936,Married,TX,CPA/Attorney Referral,2023-04-20,Core,Conservative,Standard,,Active,A022
H02207,Whitaker Household,1955,Married,TX,CPA/Attorney Referral,2023-04-03,Core,Conservative,Standard,,Active,A023
H02208,Gallagher Household,1964,Married,FL,CPA/Attorney Referral,2023-05-05,Premier,Moderate,Negotiated,80,Closed,A027
H02209,Brennan Household,1951,Married,AZ,CPA/Attorney Referral,2023-05-17,Core,Conservative,Standard,,Active,A026
H02210,Beaumont Household,1945,Married,CO,Digital/Web,2023-05-13,Core,Conservative,Standard,,Active,A018
H02211,Harrington Household,1954,Married,CO,Client Referral,2023-05-06,Core,Growth,Negotiated,75,Active,A014
H02212,Brennan Household,1961,Married,TX,Digital/Web,2023-05-05,Private Client,Moderate,Standard,,Active,A020
H02213,Montgomery Household,1961,Married,CO,Client Referral,2023-05-20,Premier,Moderate,Negotiated,80,Active,A016
H02214,Gallagher Household,1976,Married,WI,Client Referral,2023-05-02,Core,Moderate,Standard,,Active,A010
H02215,Chaudhry Household,1962,Married,FL,Other,2023-05-14,Premier,Moderate,Standard,,Active,A004
H02216,Abernathy Household,1947,Widowed,TX,CPA/Attorney Referral,2023-05-17,Core,Growth,Standard,,Active,A021
H02217,Haverford Household,1957,Single,NV,CPA/Attorney Referral,2023-05-18,Premier,Moderate,Standard,,Closed,A028
H02218,Kowalski Household,1963,Single,NY,Client Referral,2023-05-12,Core,Aggressive,Standard,,Active,A020
H02219,Chaudhry Household,1950,Widowed,TX,Client Referral,2023-05-12,Premier,Conservative,Standard,,Active,A020
H02220,Whitaker Household,1940,Married,NV,Client Referral,2023-05-16,Core,Moderate,Standard,,Active,A027
H02221,Gallagher Household,1956,Married,WI,Client Referral,2023-05-11,Core,Growth,Standard,,Active,A009
H02222,Prescott Household,1976,Married,IN,CPA/Attorney Referral,2023-05-04,Core,Aggressive,Standard,,Active,A013
H02223,Eriksen Household,1975,Married,TX,CPA/Attorney Referral,2023-05-17,Core,Growth,Standard,,Active,A022
H02224,Holloway Household,1948,Married,TX,Digital/Web,2023-05-08,Premier,Moderate,Standard,,Active,A020
H02225,Whitaker Household,1972,Married,AZ,Client Referral,2023-05-04,Premier,Aggressive,Standard,,Active,A026
H02226,Okafor Household,1963,Divorced,IL,Client Referral,2023-05-18,Core,Growth,Standard,,Closed,A009
H02227,Raman Household,1941,Married,MA,Digital/Web,2023-06-04,Core,Conservative,Standard,,Active,A007
H02228,Rinaldi Household,1957,Married,IN,Client Referral,2023-06-18,Premier,Growth,Standard,,Closed,A010
H02229,Ashworth Household,1948,Married,AZ,Digital/Web,2023-06-04,Core,Moderate,Standard,,Closed,A028
H02230,Rinaldi Household,1964,Married,RI,Client Referral,2023-06-03,Core,Moderate,Standard,,Active,A003
H02231,Novak Household,1964,Married,TX,Seminar/Event,2023-06-20,Core,Moderate,Standard,,Active,A020
H02232,Montgomery Household,1965,Married,RI,Seminar/Event,2023-06-12,Core,Conservative,Standard,,Active,A005
H02233,Castellano Household,1958,Single,IL,Digital/Web,2023-06-11,Core,Moderate,Standard,,Active,A011
H02234,Moreau Household,1947,Widowed,TX,Seminar/Event,2023-06-06,Core,Moderate,Standard,,Active,A020
H02235,Marchetti Household,1959,Single,TX,Client Referral,2023-06-15,Core,Growth,Standard,,Active,A020
H02236,Abernathy Household,1971,Widowed,TX,Digital/Web,2023-06-04,Core,Moderate,Standard,,Active,A020
H02237,Thornton Household,1964,Married,IL,Client Referral,2023-06-05,Premier,Moderate,Negotiated,65,Active,A013
H02238,Donnelly Household,1946,Married,MA,Client Referral,2023-06-13,Core,Growth,Standard,,Active,A001
H02239,Delgado Household,1954,Married,IN,CPA/Attorney Referral,2023-06-10,Core,Moderate,Standard,,Active,A012
H02240,Raman Household,1958,Single,IN,Seminar/Event,2023-06-15,Core,Growth,Negotiated,80,Active,A010
H02241,Chaudhry Household,1900,Married,RI,Client Referral,2023-06-09,Core,Growth,Standard,,Active,A004
H02242,Marchetti Household,1958,Married,MA,Client Referral,2023-07-11,Core,Moderate,Standard,,Active,A004
H02243,Montgomery Household,1979,Married,AZ,CPA/Attorney Referral,2023-07-12,Core,Aggressive,Standard,,Active,A028
H02244,Donnelly Household,1900,Widowed,IN,Client Referral,2023-07-18,Core,Conservative,Standard,,Active,A009
H02245,Abernathy Household,1955,Single,MA,Client Referral,2023-07-08,Premier,Moderate,Standard,,Active,A005
H02246,Rinaldi Household,1965,Married,IL,CPA/Attorney Referral,2023-07-07,Core,Conservative,Standard,,Active,A009
H02247,Haverford Household,1958,Widowed,CO,Client Referral,2023-07-03,Core,Growth,Standard,,Active,A016
H02248,Montgomery Household,1957,Married,MA,CPA/Attorney Referral,2023-07-14,Core,Growth,Standard,,Active,A005
H02249,Larkin Household,1951,Married,MA,Client Referral,2023-07-06,Core,Conservative,Standard,,Active,A001
H02250,Kensington Household,1945,Married,TX,Client Referral,2023-07-09,Core,Conservative,Standard,,Active,A022
H02251,Donnelly Household,1973,Married,TX,Digital/Web,2023-07-11,Premier,Growth,Standard,,Active,A022
H02252,Callahan Household,1951,Married,CO,Other,2023-07-09,Private Client,Growth,Standard,,Active,A017
H02253,Rinaldi Household,1931,Widowed,IN,Client Referral,2023-07-02,Core,Conservative,Standard,,Active,A011
H02254,Fitzgerald Household,1962,Married,TX,Digital/Web,2023-07-13,Core,Moderate,Standard,,Active,A020
H02255,Fitzgerald Household,1956,Married,CO,Client Referral,2023-07-04,Premier,Moderate,Negotiated,80,Active,A017
H02256,Iverson Household,1960,Married,MA,CPA/Attorney Referral,2023-08-01,Core,Moderate,Negotiated,75,Active,A002
H02257,Beaumont Household,1969,Divorced,CA,Seminar/Event,2023-08-16,Core,Growth,Standard,,Closed,A029
H02258,Vasquez Household,1966,Single,IN,Other,2023-08-07,Premier,Moderate,Standard,,Closed,A012
H02259,Moreau Household,1951,Married,MA,Client Referral,2023-08-12,Core,Moderate,Standard,,Active,A005
H02260,Whitaker Household,1956,Single,NY,Client Referral,2023-08-04,Core,Growth,Negotiated,90,Active,A005
H02261,Vasquez Household,1971,Married,FL,CPA/Attorney Referral,2023-08-05,Core,Growth,Standard,,Closed,A025
H02262,Beaumont Household,1984,Married,IL,Digital/Web,2023-08-09,Core,Aggressive,Standard,,Active,A011
H02263,Sullivan Household,1955,Divorced,AZ,Client Referral,2023-08-13,Core,Moderate,Standard,,Active,A026
H02264,Eriksen Household,1979,Single,CO,Digital/Web,2023-08-11,Core,Aggressive,Standard,,Closed,A019
H02265,Lindqvist Household,1973,Divorced,AZ,CPA/Attorney Referral,2023-08-15,Core,Moderate,Negotiated,90,Active,A030
H02266,Okafor Household,1963,Married,IL,Digital/Web,2023-08-19,Core,Growth,Standard,,Active,A011
H02267,Ashworth Household,1958,Married,IN,Digital/Web,2023-08-11,Premier,Moderate,Negotiated,90,Active,A013
H02268,Rinaldi Household,1957,Divorced,TX,Client Referral,2023-08-19,Core,Moderate,Standard,,Active,A020
H02269,Okafor Household,1971,Single,CO,Client Referral,2023-08-04,Core,Growth,Standard,,Active,A017
H02270,Eriksen Household,1954,Divorced,IL,Client Referral,2023-08-09,Core,Conservative,Standard,,Active,A010
H02271,Sullivan Household,1970,Married,CO,CPA/Attorney Referral,2023-08-16,Premier,Growth,Standard,,Active,A016
H02272,Quinlan Household,1955,Divorced,NH,Other,2023-08-15,Core,Conservative,Standard,,Active,A005
H02273,Castellano Household,1964,Widowed,TX,Digital/Web,2023-08-17,Core,Moderate,Standard,,Active,A024
H02274,Chaudhry Household,1970,Married,CO,Client Referral,2023-08-03,Premier,Moderate,Standard,,Active,A019
H02275,Novak Household,1976,Married,MA,Client Referral,2023-08-15,Core,Growth,Standard,,Active,A005
H02276,Kowalski Household,1967,Married,TX,Seminar/Event,2023-09-12,Core,Moderate,Negotiated,90,Active,A021
H02277,Okafor Household,1963,Married,IL,Client Referral,2023-09-11,Core,Conservative,Standard,,Closed,A011
H02278,Whitaker Household,1978,Divorced,NC,Other,2023-09-19,Core,Conservative,Standard,,Active,A004
H02279,Larkin Household,1960,Married,IL,Seminar/Event,2023-09-17,Core,Moderate,Standard,,Active,A009
H02280,Nakamura Household,1977,Married,IN,CPA/Attorney Referral,2023-09-05,Core,Growth,Standard,,Active,A011
H02281,Callahan Household,1962,Married,NY,Seminar/Event,2023-09-09,Core,Growth,Standard,,Active,A019
H02282,Montgomery Household,1960,Married,AZ,Seminar/Event,2023-09-07,Core,Moderate,Standard,,Closed,A025
H02283,Kensington Household,1938,Married,MA,Digital/Web,2023-09-06,Core,Moderate,Standard,,Active,A001
H02284,Iverson Household,1958,Married,CO,CPA/Attorney Referral,2023-09-02,Core,Growth,Standard,,Active,A019
H02285,Brennan Household,1959,Married,MA,CPA/Attorney Referral,2023-09-08,Core,Growth,Standard,,Active,A005
H02286,Donnelly Household,1978,Single,WY,Digital/Web,2023-09-14,Core,Aggressive,Standard,,Active,A019
H02287,Kowalski Household,1970,Married,MA,Digital/Web,2023-10-20,Core,Conservative,Standard,,Active,A004
H02288,Rinaldi Household,1962,Married,RI,CPA/Attorney Referral,2023-10-17,Premier,Conservative,Negotiated,65,Active,A001
H02289,Larkin Household,1971,Married,IL,Client Referral,2023-10-07,Core,Growth,Standard,,Active,A010
H02290,Kowalski Household,1949,Widowed,TX,Client Referral,2023-10-16,Premier,Moderate,Standard,,Active,A021
H02291,Kowalski Household,1946,Married,AZ,Seminar/Event,2023-10-08,Premier,Aggressive,Standard,,Closed,A026
H02292,Marchetti Household,1969,Married,FL,CPA/Attorney Referral,2023-10-06,Core,Moderate,Standard,,Active,A002
H02293,Lindqvist Household,1972,Married,NV,Client Referral,2023-10-16,Core,Moderate,Standard,,Active,A026
H02294,Quinlan Household,1968,Divorced,AZ,Seminar/Event,2023-10-09,Premier,Growth,Standard,,Active,A026
H02295,Beaumont Household,1959,Single,WI,Client Referral,2023-10-10,Premier,Moderate,Negotiated,90,Active,A010
H02296,Holloway Household,1963,Married,MA,CPA/Attorney Referral,2023-10-09,Premier,Conservative,Negotiated,90,Active,A006
H02297,Haverford Household,1958,Married,AZ,Digital/Web,2023-10-07,Core,Conservative,Standard,,Active,A026
H02298,Fitzgerald Household,1992,Married,WI,CPA/Attorney Referral,2023-10-05,Premier,Aggressive,Negotiated,75,Active,A009
H02299,Harrington Household,1954,Divorced,NV,Seminar/Event,2023-10-06,Premier,Growth,Standard,,Active,A028
H02300,Harrington Household,1960,Divorced,IL,Client Referral,2023-10-19,Premier,Growth,Standard,,Closed,A010
H02301,Haverford Household,1982,Married,AZ,Digital/Web,2023-11-19,Core,Growth,Standard,,Active,A026
H02302,Quinlan Household,1955,Married,CO,Client Referral,2023-11-18,Core,Conservative,Standard,,Active,A016
H02303,Callahan Household,1957,Married,NH,CPA/Attorney Referral,2023-11-02,Core,Aggressive,Standard,,Active,A002
H02304,Marchetti Household,1973,Married,IN,CPA/Attorney Referral,2023-11-04,Premier,Moderate,Negotiated,80,Active,A010
H02305,Sullivan Household,1966,Married,TX,CPA/Attorney Referral,2023-11-08,Premier,Moderate,Standard,,Active,A021
H02306,Vasquez Household,1954,Married,WY,Digital/Web,2023-11-05,Core,Moderate,Standard,,Closed,A016
H02307,Eriksen Household,1965,Married,RI,Digital/Web,2023-11-14,Core,Conservative,Standard,,Active,A007
H02308,Marchetti Household,1968,Married,TX,Client Referral,2023-11-16,Premier,Growth,Negotiated,75,Active,A023
H02309,Chaudhry Household,1973,Married,TX,Digital/Web,2023-11-19,Core,Aggressive,Standard,,Active,A020
H02310,Moreau Household,1963,Divorced,NH,Seminar/Event,2023-11-14,Core,Conservative,Standard,,Closed,A003
H02311,Donnelly Household,1964,Married,AZ,Digital/Web,2023-11-14,Premier,Growth,Standard,,Active,A028
H02312,Beaumont Household,1943,Married,MA,Client Referral,2023-11-15,Premier,Moderate,Standard,,Active,A001
H02313,Beaumont Household,1978,Married,WY,CPA/Attorney Referral,2023-11-20,Core,Growth,Standard,,Active,A017
H02314,Moreau Household,1971,Married,CO,Client Referral,2023-12-13,Private Client,Moderate,Negotiated,75,Active,A014
H02315,Lindqvist Household,1975,Married,NC,Client Referral,2023-12-13,Core,Growth,Standard,,Active,A026
H02316,Nakamura Household,1968,Single,CA,Digital/Web,2023-12-15,Core,Moderate,Standard,,Closed,A015
H02317,Ashworth Household,1967,Married,WI,CPA/Attorney Referral,2023-12-08,Core,Moderate,Standard,,Closed,A012
H02318,Beaumont Household,1954,Married,NY,CPA/Attorney Referral,2023-12-19,Premier,Conservative,Negotiated,80,Active,A022
H02319,Vasquez Household,,Married,TX,Seminar/Event,2023-12-05,Core,Growth,Standard,,Active,A023
H02320,Montgomery Household,1981,Married,WY,Digital/Web,2023-12-18,Core,Growth,Standard,,Active,A016
H02321,Thornton Household,1947,Widowed,WI,Seminar/Event,2023-12-06,Premier,Conservative,Negotiated,75,Active,A011
H02322,Moreau Household,1954,Married,MA,Client Referral,2023-12-14,Core,Moderate,Standard,,Active,A004
H02323,Vasquez Household,1949,Married,IN,Client Referral,2023-12-16,Core,Growth,Standard,,Active,A013
H02324,Radcliffe Household,1968,Single,IN,Client Referral,2023-12-01,Core,Moderate,Standard,,Active,A009
H02325,Haverford Household,1964,Married,CO,Client Referral,2023-12-10,Core,Moderate,Standard,,Active,A016
H02326,Harrington Household,1964,Married,AZ,Seminar/Event,2023-12-10,Core,Moderate,Standard,,Active,A027
H02327,Harrington Household,1961,Married,FL,Client Referral,2023-12-20,Core,Moderate,Negotiated,75,Active,A012
H02328,Larkin Household,1964,Divorced,WY,Digital/Web,2023-12-14,Premier,Conservative,Standard,,Active,A014
H02329,Quinlan Household,1975,Married,MA,Digital/Web,2023-12-17,Premier,Growth,Standard,,Active,A005
H02330,Raman Household,,Widowed,CO,Client Referral,2024-01-19,Private Client,Aggressive,Standard,,Active,A019
H02331,Marchetti Household,1962,Widowed,RI,Seminar/Event,2024-01-12,Core,Growth,Negotiated,90,Active,A002
H02332,Raman Household,1973,Married,IL,Digital/Web,2024-01-17,Core,Growth,Standard,,Active,A010
H02333,Gallagher Household,1970,Married,NH,Client Referral,2024-01-15,Core,Growth,Standard,,Active,A001
H02334,Beaumont Household,1970,Married,IL,Digital/Web,2024-01-05,Core,Moderate,Standard,,Active,A011
H02335,Harrington Household,1949,Married,CO,Digital/Web,2024-01-16,Core,Conservative,Standard,,Active,A018
H02336,Okafor Household,1958,Divorced,AZ,Digital/Web,2024-01-12,Private Client,Growth,Negotiated,75,Active,A028
H02337,Gallagher Household,1968,Married,MA,Other,2024-01-18,Core,Moderate,Standard,,Active,A001
H02338,Rinaldi Household,1976,Married,CO,Client Referral,2024-01-14,Core,Growth,Standard,,Active,A016
H02339,Holloway Household,1971,Divorced,TX,Client Referral,2024-01-10,Premier,Aggressive,Negotiated,75,Active,A020
H02340,Whitaker Household,1961,Married,RI,Client Referral,2024-01-12,Core,Growth,Standard,,Active,A002
H02341,Kowalski Household,1957,Married,IL,Other,2024-01-03,Core,Conservative,Standard,,Closed,A010
H02342,Harrington Household,,Married,IL,Digital/Web,2024-02-17,Private Client,Conservative,Standard,,Active,A010
H02343,Chaudhry Household,1946,Married,WY,Client Referral,2024-02-04,Premier,Growth,Standard,,Active,A019
H02344,Abernathy Household,1973,Single,WY,Digital/Web,2024-02-11,Core,Moderate,Standard,,Active,A016
H02345,Kensington Household,1960,Married,CA,Digital/Web,2024-02-02,Core,Moderate,Standard,,Active,A003
H02346,Lindqvist Household,1964,Married,NV,Digital/Web,2024-02-08,Core,Growth,Standard,,Active,A026
H02347,Marchetti Household,1955,Single,AZ,Seminar/Event,2024-02-18,Private Client,Growth,Standard,,Active,A026
H02348,Larkin Household,1950,Widowed,NV,Client Referral,2024-02-10,Premier,Conservative,Negotiated,80,Active,A028
H02349,Radcliffe Household,1964,Married,CO,Digital/Web,2024-02-09,Premier,Conservative,Negotiated,80,Active,A016
H02350,Kensington Household,1971,Married,CO,Client Referral,2024-02-13,Core,Growth,Standard,,Active,A016
H02351,Donnelly Household,1964,Married,MA,Client Referral,2024-02-03,Premier,Moderate,Standard,,Active,A002
H02352,Lindqvist Household,1953,Divorced,NV,CPA/Attorney Referral,2024-02-15,Core,Moderate,Standard,,Active,A026
H02353,Montgomery Household,1957,Married,IL,Digital/Web,2024-02-12,Core,Growth,Standard,,Active,A010
H02354,Beaumont Household,1931,Divorced,MA,CPA/Attorney Referral,2024-02-04,Premier,Moderate,Standard,,Active,A002
H02355,Raman Household,1955,Married,NH,CPA/Attorney Referral,2024-02-05,Premier,Conservative,Standard,,Active,A003
H02356,Holloway Household,1961,Married,TX,CPA/Attorney Referral,2024-02-19,Core,Aggressive,Standard,,Active,A023
H02357,Kensington Household,1970,Divorced,WI,Client Referral,2024-02-03,Core,Moderate,Standard,,Active,A012
H02358,Ashworth Household,1948,Married,WI,Client Referral,2024-02-07,Premier,Growth,Standard,,Active,A012
H02359,Moreau Household,1974,Married,AZ,CPA/Attorney Referral,2024-02-10,Premier,Aggressive,Negotiated,75,Active,A026
H02360,Vasquez Household,1981,Married,AZ,Inheritance,2024-02-24,Core,Growth,Standard,,Closed,A025
H02361,Callahan Household,1952,Married,IN,Client Referral,2024-03-06,Core,Conservative,Standard,,Active,A010
H02362,Abernathy Household,1957,Married,NH,Client Referral,2024-03-20,Core,Moderate,Standard,,Active,A002
H02363,Donnelly Household,1973,Divorced,MA,Digital/Web,2024-03-07,Core,Moderate,Standard,,Active,A004
H02364,Okafor Household,1961,Single,AZ,Client Referral,2024-03-07,Core,Moderate,Standard,,Active,A026
H02365,Larkin Household,1947,Divorced,WI,Seminar/Event,2024-03-01,Premier,Moderate,Negotiated,90,Active,A011
H02366,Rinaldi Household,1957,Married,RI,Client Referral,2024-03-19,Core,Aggressive,Standard,,Active,A001
H02367,Haverford Household,1974,Married,TX,Digital/Web,2024-03-20,Premier,Growth,Negotiated,90,Active,A021
H02368,Abernathy Household,1992,Married,IL,Digital/Web,2024-03-07,Premier,Growth,Standard,,Active,A012
H02369,Okafor Household,1963,Divorced,MA,CPA/Attorney Referral,2024-03-12,Premier,Moderate,Negotiated,90,Active,A003
H02370,Novak Household,1975,Married,MA,Inheritance,2024-03-09,Core,Moderate,Standard,,Active,A003
H02371,Pemberton Household,1947,Married,CO,Other,2024-04-18,Core,Conservative,Standard,,Active,A016
H02372,Delgado Household,1961,Married,MA,Client Referral,2024-04-19,Premier,Moderate,Negotiated,75,Active,A002
H02373,Castellano Household,1959,Married,MA,Client Referral,2024-04-20,Premier,Moderate,Standard,,Active,A001
H02374,Brennan Household,,Married,IL,Seminar/Event,2024-04-03,Core,Moderate,Standard,,Active,A009
H02375,Rinaldi Household,1961,Married,TX,Digital/Web,2024-04-04,Core,Growth,Standard,,Active,A022
H02376,Castellano Household,1966,Married,CO,Client Referral,2024-04-17,Premier,Moderate,Negotiated,75,Active,A016
H02377,Thornton Household,1957,Married,MA,Client Referral,2024-04-19,Core,Moderate,Standard,,Active,A001
H02378,Abernathy Household,1965,Married,FL,Client Referral,2024-04-02,Premier,Growth,Negotiated,65,Active,A016
H02379,Lindqvist Household,1960,Divorced,AZ,CPA/Attorney Referral,2024-04-04,Core,Moderate,Standard,,Active,A029
H02380,Chaudhry Household,1970,Married,MA,Digital/Web,2024-04-16,Core,Conservative,Standard,,Active,A003
H02381,Moreau Household,1963,Single,AZ,Digital/Web,2024-04-09,Premier,Conservative,Negotiated,90,Active,A026
H02382,Marchetti Household,1956,Married,WI,Digital/Web,2024-04-08,Private Client,Moderate,Standard,,Active,A010
H02383,Castellano Household,1977,Married,AZ,Client Referral,2024-04-11,Core,Growth,Standard,,Closed,A026
H02384,Okafor Household,1978,Married,NH,Inheritance,2024-04-23,Core,Moderate,Standard,,Active,A001
H02385,Marchetti Household,1975,Widowed,NH,Inheritance,2024-04-23,Core,Moderate,Standard,,Active,A001
H02386,Okafor Household,1978,Married,MA,Inheritance,2024-04-23,Core,Moderate,Standard,,Active,A001
H02387,Pemberton Household,1968,Married,WY,CPA/Attorney Referral,2024-05-18,Premier,Growth,Negotiated,75,Active,A016
H02388,Sullivan Household,1966,Divorced,IN,Client Referral,2024-05-20,Core,Growth,Standard,,Active,A013
H02389,Lindqvist Household,1945,Single,IL,Client Referral,2024-05-18,Core,Conservative,Standard,,Active,A011
H02390,Raman Household,1955,Single,AZ,Client Referral,2024-05-01,Premier,Moderate,Standard,,Active,A027
H02391,Whitaker Household,1961,Married,CA,Digital/Web,2024-05-12,Core,Moderate,Negotiated,90,Active,A030
H02392,Brennan Household,1946,Single,CO,Digital/Web,2024-05-12,Core,Growth,Negotiated,90,Closed,A016
H02393,Kowalski Household,1979,Married,MA,CPA/Attorney Referral,2024-05-17,Premier,Moderate,Standard,,Active,A003
H02394,Moreau Household,1983,Married,RI,Inheritance,2024-05-09,Core,Moderate,Standard,,Active,A001
H02395,Fitzgerald Household,1944,Divorced,TX,Seminar/Event,2024-06-04,Core,Conservative,Standard,,Active,A022
H02396,Donnelly Household,1970,Married,AZ,Client Referral,2024-06-03,Core,Growth,Standard,,Active,A027
H02397,Eriksen Household,1960,Married,CO,CPA/Attorney Referral,2024-06-04,Private Client,Growth,Standard,,Active,A014
H02398,Brennan Household,1966,Married,CO,Client Referral,2024-06-18,Core,Growth,Standard,,Active,A016
H02399,Kensington Household,1986,Widowed,MA,Client Referral,2024-06-08,Core,Growth,Standard,,Active,A004
H02400,Kensington Household,1952,Single,MA,Digital/Web,2024-06-19,Core,Conservative,Negotiated,75,Active,A003
H02401,Kowalski Household,1953,Married,RI,Digital/Web,2024-06-02,Premier,Conservative,Negotiated,65,Active,A005
H02402,Nakamura Household,1956,Divorced,AZ,CPA/Attorney Referral,2024-06-14,Premier,Growth,Standard,,Active,A026
H02403,Moreau Household,1943,Widowed,CO,Client Referral,2024-06-08,Core,Moderate,Negotiated,65,Active,A018
H02404,Delgado Household,1970,Divorced,IL,Client Referral,2024-06-08,Core,Growth,Standard,,Active,A011
H02405,Iverson Household,1974,Married,NV,Seminar/Event,2024-06-06,Core,Conservative,Standard,,Active,A029
H02406,Holloway Household,1964,Married,TX,CPA/Attorney Referral,2024-06-13,Core,Conservative,Standard,,Active,A020
H02407,Harrington Household,1969,Married,NC,Seminar/Event,2024-06-20,Premier,Conservative,Negotiated,90,Active,A019
H02408,Iverson Household,1971,Widowed,RI,CPA/Attorney Referral,2024-06-20,Core,Growth,Standard,,Active,A002
H02409,Montgomery Household,1963,Married,TX,Client Referral,2024-06-07,Core,Growth,Standard,,Active,A022
H02410,Abernathy Household,,Married,WI,CPA/Attorney Referral,2024-06-01,Core,Growth,Standard,,Active,A009
H02411,Holloway Household,1967,Married,TX,CPA/Attorney Referral,2024-07-17,Core,Aggressive,Standard,,Active,A020
H02412,Harrington Household,1974,Single,CO,Other,2024-07-07,Core,Conservative,Standard,,Active,A018
H02413,Fitzgerald Household,1946,Married,CO,Other,2024-07-20,Private Client,Growth,Negotiated,75,Active,A019
H02414,Novak Household,1958,Divorced,MA,Digital/Web,2024-07-15,Core,Moderate,Standard,,Closed,A003
H02415,Iverson Household,1959,Married,NV,Digital/Web,2024-07-07,Core,Growth,Standard,,Active,A026
H02416,Moreau Household,1970,Married,CO,Client Referral,2024-07-01,Core,Growth,Standard,,Active,A016
H02417,Chaudhry Household,1963,Married,WY,CPA/Attorney Referral,2024-07-06,Core,Moderate,Standard,,Active,A019
H02418,Iverson Household,1984,Married,WY,Digital/Web,2024-07-14,Private Client,Growth,Standard,,Closed,A019
H02419,Whitaker Household,1958,Married,FL,Digital/Web,2024-07-15,Core,Moderate,Standard,,Active,A014
H02420,Gallagher Household,1975,Married,WY,Inheritance,2024-07-14,Core,Growth,Standard,,Active,A016
H02421,Quinlan Household,1947,Married,IL,CPA/Attorney Referral,2024-08-11,Core,Conservative,Standard,,Active,A011
H02422,Raman Household,,Married,AZ,Client Referral,2024-08-06,Premier,Growth,Negotiated,75,Active,A026
H02423,Radcliffe Household,1969,Married,IN,Seminar/Event,2024-08-10,Core,Growth,Standard,,Active,A010
H02424,Callahan Household,1948,Widowed,MA,Other,2024-08-17,Core,Moderate,Standard,,Active,A001
H02425,Chaudhry Household,1967,Married,FL,CPA/Attorney Referral,2024-08-09,Premier,Growth,Standard,,Closed,A010
H02426,Rinaldi Household,1976,Married,CO,Digital/Web,2024-08-15,Core,Growth,Standard,,Active,A018
H02427,Kensington Household,1973,Single,CO,Client Referral,2024-08-19,Premier,Growth,Negotiated,75,Active,A018
H02428,Chaudhry Household,1964,Married,WI,Inheritance,2024-08-12,Core,Growth,Standard,,Active,A011
H02429,Okafor Household,1961,Married,IL,Inheritance,2024-08-12,Core,Moderate,Standard,,Active,A010
H02430,Holloway Household,1949,Married,MA,Client Referral,2024-09-01,Premier,Moderate,Negotiated,90,Active,A002
H02431,Okafor Household,1967,Widowed,AZ,Digital/Web,2024-09-18,Core,Growth,Standard,,Active,A026
H02432,Thornton Household,1955,Single,TX,Digital/Web,2024-09-19,Core,Moderate,Standard,,Active,A024
H02433,Rinaldi Household,1944,Married,AZ,Other,2024-09-02,Core,Growth,Standard,,Active,A026
H02434,Nakamura Household,1955,Married,NH,Other,2024-09-02,Premier,Moderate,Negotiated,65,Active,A007
H02435,Marchetti Household,1958,Married,TX,Client Referral,2024-09-01,Core,Conservative,Standard,,Active,A020
H02436,Quinlan Household,1961,Married,RI,Digital/Web,2024-09-20,Core,Growth,Standard,,Active,A003
H02437,Radcliffe Household,1962,Single,IL,Other,2024-09-08,Premier,Aggressive,Standard,,Active,A013
H02438,Pemberton Household,1956,Single,WI,CPA/Attorney Referral,2024-09-12,Core,Growth,Standard,,Active,A009
H02439,Beaumont Household,1952,Widowed,TX,CPA/Attorney Referral,2024-09-18,Private Client,Moderate,Negotiated,65,Active,A022
H02440,Whitaker Household,,Divorced,RI,Digital/Web,2024-10-01,Premier,Moderate,Negotiated,75,Active,A006
H02441,Iverson Household,1972,Married,RI,Client Referral,2024-10-07,Premier,Growth,Standard,,Active,A005
H02442,Novak Household,1971,Married,IL,Digital/Web,2024-10-20,Core,Moderate,Standard,,Active,A010
H02443,Kensington Household,1952,Married,TX,Digital/Web,2024-10-10,Premier,Moderate,Negotiated,90,Active,A021
H02444,Gallagher Household,1970,Single,FL,Seminar/Event,2024-10-04,Core,Aggressive,Negotiated,75,Closed,A026
H02445,Larkin Household,1965,Married,CO,Digital/Web,2024-10-04,Core,Growth,Standard,,Active,A014
H02446,Larkin Household,1957,Married,MA,Client Referral,2024-10-20,Premier,Conservative,Standard,,Active,A001
H02447,Novak Household,1971,Married,AZ,Digital/Web,2024-10-01,Core,Moderate,Negotiated,65,Active,A026
H02448,Abernathy Household,1949,Widowed,MA,Client Referral,2024-10-14,Core,Conservative,Standard,,Active,A005
H02449,Brennan Household,1965,Married,NV,Client Referral,2024-10-03,Core,Growth,Standard,,Active,A027
H02450,Rinaldi Household,1964,Single,CO,Digital/Web,2024-10-02,Core,Growth,Standard,,Active,A016
H02451,Quinlan Household,1973,Divorced,MA,Digital/Web,2024-10-09,Core,Growth,Standard,,Active,A001
H02452,Kensington Household,1951,Single,AZ,Client Referral,2024-10-08,Core,Growth,Standard,,Active,A026
H02453,Ashworth Household,1964,Married,IL,CPA/Attorney Referral,2024-10-20,Core,Moderate,Standard,,Active,A013
H02454,Okafor Household,1958,Married,IL,Seminar/Event,2024-10-03,Core,Growth,Standard,,Active,A009
H02455,Radcliffe Household,1981,Single,MA,Client Referral,2024-10-11,Core,Aggressive,Standard,,Active,A001
H02456,Harrington Household,1971,Single,CO,Inheritance,2024-10-17,Core,Growth,Standard,,Active,A014
H02457,Vasquez Household,1945,Widowed,TX,CPA/Attorney Referral,2024-11-02,Private Client,Conservative,Standard,,Active,A020
H02458,Montgomery Household,1942,Married,NV,Digital/Web,2024-11-14,Core,Moderate,Standard,,Active,A026
H02459,Chaudhry Household,1969,Married,AZ,Client Referral,2024-11-17,Core,Aggressive,Standard,,Active,A026
H02460,Rinaldi Household,1968,Married,AZ,Digital/Web,2024-11-03,Core,Growth,Standard,,Active,A026
H02461,Marchetti Household,1977,Married,IL,Client Referral,2024-11-04,Core,Growth,Standard,,Active,A011
H02462,Abernathy Household,1963,Married,WI,Digital/Web,2024-11-19,Premier,Aggressive,Standard,,Active,A009
H02463,Pemberton Household,1962,Married,WY,Digital/Web,2024-11-05,Core,Moderate,Standard,,Active,A019
H02464,Novak Household,1942,Married,WY,Other,2024-11-05,Premier,Moderate,Standard,,Closed,A016
H02465,Whitaker Household,1962,Married,TX,Digital/Web,2024-11-12,Core,Moderate,Standard,,Active,A023
H02466,Thornton Household,1940,Married,WI,Other,2024-11-05,Premier,Moderate,Standard,,Active,A011
H02467,Ashworth Household,1945,Widowed,CO,CPA/Attorney Referral,2024-11-15,Premier,Growth,Standard,,Active,A016
H02468,Novak Household,1942,Widowed,NH,Client Referral,2024-11-17,Core,Growth,Standard,,Active,A004
H02469,Brennan Household,,Divorced,NH,Seminar/Event,2024-12-20,Premier,Aggressive,Standard,,Active,A002
H02470,Pemberton Household,1978,Single,AZ,Digital/Web,2024-12-10,Core,Aggressive,Standard,,Active,A027
H02471,Vasquez Household,1959,Married,CO,Digital/Web,2024-12-19,Core,Growth,Standard,,Active,A019
H02472,Pemberton Household,1963,Married,WI,Digital/Web,2024-12-09,Core,Conservative,Standard,,Active,A011
H02473,Thornton Household,1959,Married,IL,Client Referral,2024-12-04,Core,Conservative,Standard,,Active,A009
H02474,Montgomery Household,1969,Married,IL,Digital/Web,2024-12-14,Core,Moderate,Standard,,Active,A010
H02475,Kowalski Household,1977,Divorced,MA,Client Referral,2024-12-11,Core,Growth,Standard,,Active,A001
H02476,Brennan Household,1978,Married,TX,Client Referral,2024-12-10,Core,Growth,Standard,,Active,A022
H02477,Okafor Household,1948,Single,MA,Digital/Web,2025-01-19,Premier,Moderate,Standard,,Active,A004
H02478,Castellano Household,1987,Married,MA,Seminar/Event,2025-01-20,Core,Growth,Standard,,Active,A003
H02479,Pemberton Household,1968,Single,TX,Client Referral,2025-01-12,Core,Conservative,Standard,,Active,A024
H02480,Abernathy Household,1943,Widowed,AZ,Client Referral,2025-01-13,Premier,Conservative,Negotiated,90,Active,A026
H02481,Thornton Household,1966,Widowed,NV,Client Referral,2025-01-04,Core,Moderate,Negotiated,65,Active,A026
H02482,Gallagher Household,1964,Single,AZ,Client Referral,2025-01-10,Premier,Moderate,Standard,,Active,A026
H02483,Abernathy Household,1961,Married,AZ,Digital/Web,2025-01-11,Core,Conservative,Standard,,Active,A026
H02484,Haverford Household,1973,Married,TX,Client Referral,2025-01-13,Premier,Growth,Standard,,Active,A021
H02485,Beaumont Household,1959,Married,TX,CPA/Attorney Referral,2025-01-19,Premier,Moderate,Standard,,Active,A021
H02486,Donnelly Household,1987,Married,IL,Inheritance,2025-01-20,Core,Moderate,Standard,,Active,A009
H02487,Thornton Household,1990,Married,NY,Inheritance,2025-01-20,Core,Moderate,Standard,,Active,A009
H02488,Moreau Household,1958,Married,MA,Digital/Web,2025-02-03,Core,Growth,Standard,,Active,A005
H02489,Holloway Household,1972,Single,MA,Seminar/Event,2025-02-02,Core,Growth,Standard,,Active,A007
H02490,Marchetti Household,1984,Married,MA,Client Referral,2025-02-18,Core,Growth,Negotiated,90,Active,A004
H02491,Donnelly Household,1970,Single,CO,Other,2025-02-06,Core,Aggressive,Standard,,Active,A016
H02492,Sullivan Household,1954,Married,CO,CPA/Attorney Referral,2025-02-14,Core,Moderate,Standard,,Active,A019
H02493,Nakamura Household,1948,Married,IL,Digital/Web,2025-02-10,Premier,Conservative,Standard,,Active,A011
H02494,Castellano Household,1952,Married,FL,CPA/Attorney Referral,2025-02-14,Core,Conservative,Standard,,Closed,A019
H02495,Holloway Household,1966,Single,TX,Digital/Web,2025-02-08,Core,Moderate,Standard,,Active,A022
H02496,Ashworth Household,1968,Married,IL,Seminar/Event,2025-02-06,Core,Moderate,Negotiated,90,Active,A011
H02497,Gallagher Household,,Divorced,IL,Inheritance,2025-02-17,Core,Moderate,Standard,,Active,A012
H02498,Marchetti Household,1948,Widowed,FL,Digital/Web,2025-03-08,Premier,Conservative,Negotiated,75,Active,A029
H02499,Callahan Household,1980,Married,TX,Client Referral,2025-03-12,Core,Aggressive,Standard,,Active,A020
H02500,Marchetti Household,1968,Divorced,CO,Client Referral,2025-03-18,Core,Moderate,Standard,,Active,A016
H02501,Castellano Household,1967,Married,WY,Client Referral,2025-03-13,Core,Conservative,Standard,,Active,A015
H02502,Okafor Household,1948,Widowed,CO,Client Referral,2025-03-13,Core,Moderate,Standard,,Active,A015
H02503,Thornton Household,1955,Married,NC,CPA/Attorney Referral,2025-03-04,Premier,Moderate,Standard,,Active,A020
H02504,Nakamura Household,1961,Married,TX,Client Referral,2025-03-06,Premier,Conservative,Negotiated,75,Active,A023
H02505,Eriksen Household,1962,Married,MA,Client Referral,2025-03-13,Premier,Moderate,Standard,,Active,A001
H02506,Marchetti Household,1954,Married,WY,Seminar/Event,2025-03-18,Premier,Moderate,Negotiated,80,Active,A015
H02507,Holloway Household,1944,Married,CO,CPA/Attorney Referral,2025-03-10,Core,Moderate,Standard,,Active,A014
H02508,Haverford Household,1942,Married,NV,Client Referral,2025-03-17,Premier,Conservative,Negotiated,80,Active,A026
H02509,Beaumont Household,1960,Widowed,AZ,Digital/Web,2025-03-15,Core,Moderate,Standard,,Active,A030
H02510,Raman Household,,Single,CO,Client Referral,2025-03-08,Core,Conservative,Standard,,Active,A016
H02511,Lindqvist Household,1952,Married,CO,Other,2025-04-17,Core,Moderate,Standard,,Active,A016
H02512,Beaumont Household,1975,Married,RI,Client Referral,2025-04-08,Premier,Aggressive,Negotiated,90,Active,A003
H02513,Callahan Household,1953,Married,TX,Other,2025-04-05,Premier,Moderate,Negotiated,65,Active,A022
H02514,Donnelly Household,1957,Divorced,AZ,Other,2025-04-10,Core,Growth,Standard,,Active,A026
H02515,Fitzgerald Household,1938,Widowed,AZ,CPA/Attorney Referral,2025-04-06,Core,Conservative,Standard,,Active,A028
H02516,Nakamura Household,,Divorced,CO,CPA/Attorney Referral,2025-04-14,Premier,Growth,Standard,,Active,A017
H02517,Nakamura Household,1962,Divorced,IN,CPA/Attorney Referral,2025-04-04,Premier,Growth,Standard,,Active,A009
H02518,Raman Household,1953,Married,RI,Other,2025-04-20,Core,Moderate,Standard,,Active,A007
H02519,Holloway Household,1961,Married,AZ,CPA/Attorney Referral,2025-04-09,Premier,Growth,Negotiated,65,Active,A026
H02520,Eriksen Household,1985,Married,TX,Inheritance,2025-04-21,Core,Moderate,Standard,,Active,A020
H02521,Abernathy Household,,Single,WY,CPA/Attorney Referral,2025-05-18,Core,Growth,Standard,,Active,A018
H02522,Raman Household,1957,Single,AZ,Other,2025-05-16,Core,Moderate,Standard,,Active,A030
H02523,Lindqvist Household,1948,Married,AZ,Client Referral,2025-05-07,Core,Conservative,Standard,,Active,A026
H02524,Ashworth Household,1949,Married,MA,Client Referral,2025-05-13,Premier,Conservative,Negotiated,80,Active,A003
H02525,Gallagher Household,1953,Married,CO,Seminar/Event,2025-05-10,Premier,Conservative,Standard,,Active,A017
H02526,Fitzgerald Household,1969,Divorced,WI,Seminar/Event,2025-05-02,Premier,Moderate,Standard,,Active,A009
H02527,Lindqvist Household,1983,Married,CO,Digital/Web,2025-05-01,Premier,Growth,Standard,,Active,A016
H02528,Holloway Household,1970,Single,CA,Client Referral,2025-05-16,Core,Moderate,Standard,,Active,A017
H02529,Quinlan Household,1957,Married,CO,Client Referral,2025-05-03,Core,Moderate,Standard,,Active,A016
H02530,Delgado Household,1953,Divorced,TX,Client Referral,2025-05-18,Core,Moderate,Negotiated,75,Active,A021
H02531,Iverson Household,1960,Married,AZ,Client Referral,2025-05-13,Core,Conservative,Standard,,Active,A027
H02532,Lindqvist Household,1965,Married,RI,Client Referral,2025-05-13,Premier,Conservative,Standard,,Active,A004
H02533,Prescott Household,1962,Widowed,IL,Digital/Web,2025-05-11,Core,Moderate,Standard,,Active,A009
H02534,Callahan Household,1963,Divorced,IL,Client Referral,2025-05-09,Core,Aggressive,Standard,,Active,A011
H02535,Whitaker Household,1957,Single,AZ,Digital/Web,2025-05-01,Core,Growth,Standard,,Active,A030
H02536,Chaudhry Household,1946,Divorced,NV,Digital/Web,2025-06-01,Core,Conservative,Standard,,Active,A025
H02537,Okafor Household,1959,Divorced,AZ,Digital/Web,2025-06-20,Core,Growth,Standard,,Active,A027
H02538,Moreau Household,1959,Divorced,WY,Client Referral,2025-06-02,Premier,Moderate,Negotiated,80,Active,A016
H02539,Nakamura Household,1956,Married,IL,Client Referral,2025-06-13,Core,Moderate,Standard,,Active,A010
H02540,Eriksen Household,1963,Married,FL,CPA/Attorney Referral,2025-06-17,Premier,Conservative,Negotiated,75,Active,A014
H02541,Ashworth Household,1961,Married,TX,CPA/Attorney Referral,2025-06-11,Premier,Moderate,Negotiated,80,Active,A022
H02542,Montgomery Household,1960,Married,AZ,Client Referral,2025-06-08,Premier,Moderate,Standard,,Active,A027
H02543,Callahan Household,1960,Divorced,CO,Seminar/Event,2025-06-15,Premier,Moderate,Negotiated,80,Active,A018
H02544,Brennan Household,1952,Married,MA,Seminar/Event,2025-06-03,Core,Moderate,Standard,,Active,A001
H02545,Kensington Household,1959,Single,AZ,Digital/Web,2025-06-06,Core,Moderate,Standard,,Active,A029
H02546,Moreau Household,1949,Widowed,NH,Client Referral,2025-06-02,Core,Moderate,Standard,,Active,A006
H02547,Raman Household,1952,Married,CO,Client Referral,2025-06-13,Premier,Growth,Negotiated,65,Active,A017
H02548,Eriksen Household,1945,Widowed,RI,CPA/Attorney Referral,2025-07-03,Core,Moderate,Standard,,Active,A005
H02549,Radcliffe Household,1949,Married,TX,Digital/Web,2025-07-08,Core,Moderate,Standard,,Active,A021
H02550,Callahan Household,1956,Married,WY,Client Referral,2025-07-04,Core,Conservative,Standard,,Active,A014
H02551,Vasquez Household,1935,Married,FL,Client Referral,2025-07-18,Core,Conservative,Standard,,Active,A023
H02552,Harrington Household,1946,Divorced,NH,Client Referral,2025-07-13,Premier,Growth,Negotiated,65,Active,A007
H02553,Marchetti Household,1945,Divorced,IL,Digital/Web,2025-07-05,Core,Moderate,Standard,,Active,A009
H02554,Moreau Household,1975,Single,NH,Digital/Web,2025-07-09,Core,Conservative,Standard,,Active,A005
H02555,Novak Household,1960,Single,AZ,CPA/Attorney Referral,2025-07-04,Core,Growth,Standard,,Active,A028
H02556,Castellano Household,1975,Widowed,NY,Digital/Web,2025-07-02,Core,Aggressive,Standard,,Active,A027
H02557,Quinlan Household,1971,Married,TX,Client Referral,2025-08-04,Core,Growth,Standard,,Active,A020
H02558,Okafor Household,1946,Widowed,MA,Digital/Web,2025-08-10,Premier,Conservative,Standard,,Active,A005
H02559,Moreau Household,1954,Divorced,CA,Digital/Web,2025-08-18,Premier,Aggressive,Standard,,Active,A011
H02560,Ashworth Household,1957,Married,TX,Digital/Web,2025-08-15,Core,Growth,Standard,,Active,A022
H02561,Whitaker Household,1953,Single,NV,Client Referral,2025-08-09,Premier,Moderate,Standard,,Active,A029
H02562,Okafor Household,1955,Married,IN,Client Referral,2025-08-20,Core,Moderate,Standard,,Active,A013
H02563,Castellano Household,1945,Widowed,MA,CPA/Attorney Referral,2025-08-12,Premier,Conservative,Negotiated,90,Active,A001
H02564,Novak Household,1970,Widowed,FL,Client Referral,2025-08-20,Premier,Growth,Negotiated,75,Active,A009
H02565,Gallagher Household,1939,Widowed,NC,CPA/Attorney Referral,2025-08-09,Core,Moderate,Standard,,Active,A014
H02566,Abernathy Household,1949,Married,CO,Other,2025-08-18,Core,Moderate,Standard,,Active,A014
H02567,Ashworth Household,1960,Married,IL,Client Referral,2025-08-11,Core,Growth,Negotiated,75,Active,A010
H02568,Raman Household,1976,Married,MA,Digital/Web,2025-08-08,Premier,Growth,Standard,,Active,A005
H02569,Kowalski Household,1957,Widowed,MA,Client Referral,2025-08-04,Private Client,Growth,Negotiated,90,Active,A005
H02570,Beaumont Household,1959,Single,MA,Digital/Web,2025-08-03,Premier,Moderate,Standard,,Active,A005
H02571,Brennan Household,1971,Married,TX,Inheritance,2025-08-16,Core,Growth,Standard,,Active,A021
H02572,Brennan Household,1969,Widowed,TX,Inheritance,2025-08-16,Core,Moderate,Standard,,Active,A021
H02573,Donnelly Household,1969,Married,CO,Inheritance,2025-08-24,Core,Moderate,Standard,,Active,A019
H02574,Okafor Household,1943,Widowed,TX,Client Referral,2025-09-02,Core,Growth,Standard,,Active,A022
H02575,Marchetti Household,1970,Widowed,IN,Seminar/Event,2025-09-10,Core,Conservative,Standard,,Active,A010
H02576,Moreau Household,1947,Married,CO,Other,2025-09-19,Core,Moderate,Standard,,Active,A017
H02577,Fitzgerald Household,1952,Widowed,AZ,Client Referral,2025-09-01,Premier,Moderate,Standard,,Active,A028
H02578,Nakamura Household,1969,Single,AZ,Digital/Web,2025-09-12,Private Client,Growth,Standard,,Active,A028
H02579,Radcliffe Household,1963,Single,CO,CPA/Attorney Referral,2025-09-14,Core,Conservative,Standard,,Active,A017
H02580,Pemberton Household,1956,Married,TX,Client Referral,2025-09-18,Premier,Conservative,Standard,,Active,A020
H02581,Brennan Household,,Divorced,RI,Client Referral,2025-09-06,Premier,Moderate,Standard,,Active,A001
H02582,Eriksen Household,1963,Married,WI,Digital/Web,2025-09-02,Premier,Moderate,Standard,,Active,A010
H02583,Radcliffe Household,1937,Widowed,MA,Client Referral,2025-09-15,Premier,Moderate,Standard,,Active,A001
H02584,Rinaldi Household,1969,Married,MA,Client Referral,2025-09-19,Core,Conservative,Standard,,Active,A007
H02585,Harrington Household,1900,Divorced,AZ,Digital/Web,2025-09-15,Core,Conservative,Standard,,Active,A026
H02586,Marchetti Household,1962,Widowed,AZ,Client Referral,2025-09-04,Core,Growth,Standard,,Active,A030
H02587,Prescott Household,1989,Married,AZ,CPA/Attorney Referral,2025-09-04,Premier,Moderate,Standard,,Active,A028
H02588,Brennan Household,1975,Single,MA,Digital/Web,2025-09-19,Private Client,Growth,Standard,,Active,A001
H02589,Donnelly Household,1968,Widowed,MA,Client Referral,2025-09-04,Core,Growth,Standard,,Active,A002
H02590,Abernathy Household,1962,Married,NY,Client Referral,2025-10-05,Premier,Aggressive,Negotiated,80,Active,A014
H02591,Holloway Household,1971,Divorced,NH,Client Referral,2025-10-04,Core,Growth,Standard,,Active,A002
H02592,Pemberton Household,1974,Married,TX,Client Referral,2025-10-03,Core,Aggressive,Standard,,Active,A020
H02593,Gallagher Household,1975,Married,IL,Client Referral,2025-10-12,Core,Aggressive,Standard,,Active,A013
H02594,Radcliffe Household,1955,Married,NV,Digital/Web,2025-10-06,Premier,Growth,Standard,,Active,A026
H02595,Prescott Household,1957,Married,AZ,Client Referral,2025-10-17,Premier,Moderate,Standard,,Active,A027
H02596,Beaumont Household,1965,Single,RI,Digital/Web,2025-10-18,Core,Moderate,Standard,,Active,A005
H02597,Lindqvist Household,1964,Married,NC,CPA/Attorney Referral,2025-10-03,Core,Growth,Standard,,Active,A001
H02598,Chaudhry Household,1975,Divorced,IL,Seminar/Event,2025-10-05,Core,Growth,Standard,,Active,A011
H02599,Donnelly Household,1950,Married,AZ,Client Referral,2025-10-05,Premier,Moderate,Negotiated,65,Active,A029
H02600,Vasquez Household,1979,Married,MA,Digital/Web,2025-10-07,Core,Moderate,Standard,,Active,A004
H02601,Fitzgerald Household,1971,Married,MA,Client Referral,2025-10-19,Core,Aggressive,Negotiated,80,Active,A005
H02602,Thornton Household,1992,Divorced,TX,Inheritance,2025-10-18,Core,Growth,Standard,,Active,A020
H02603,Ashworth Household,1961,Married,NC,Digital/Web,2025-11-08,Core,Conservative,Negotiated,80,Active,A001
H02604,Holloway Household,1956,Single,NV,Client Referral,2025-11-12,Core,Moderate,Standard,,Active,A026
H02605,Nakamura Household,1939,Married,CO,Client Referral,2025-11-07,Premier,Conservative,Standard,,Active,A014
H02606,Novak Household,1974,Single,AZ,Client Referral,2025-11-04,Core,Aggressive,Standard,,Active,A029
H02607,Callahan Household,1944,Widowed,TX,Digital/Web,2025-11-11,Premier,Conservative,Standard,,Active,A021
H02608,Holloway Household,1955,Married,CO,Digital/Web,2025-11-16,Core,Conservative,Standard,,Active,A016
H02609,Haverford Household,1965,Married,MA,CPA/Attorney Referral,2025-11-01,Premier,Conservative,Standard,,Active,A001
H02610,Iverson Household,1937,Widowed,WI,Client Referral,2025-11-08,Core,Moderate,Standard,,Active,A009
H02611,Eriksen Household,1951,Single,AZ,Client Referral,2025-12-10,Core,Growth,Standard,,Active,A028
H02612,Radcliffe Household,1969,Widowed,MA,Client Referral,2025-12-02,Core,Growth,Standard,,Active,A002
H02613,Vasquez Household,,Divorced,AZ,Client Referral,2025-12-10,Core,Moderate,Standard,,Active,A027
H02614,Prescott Household,1954,Married,FL,Seminar/Event,2025-12-05,Premier,Conservative,Negotiated,75,Active,A011
H02615,Novak Household,1958,Married,MA,Client Referral,2025-12-20,Private Client,Conservative,Standard,,Active,A001
H02616,Whitaker Household,1964,Divorced,RI,Digital/Web,2025-12-11,Core,Growth,Standard,,Active,A001
H02617,Whitaker Household,1970,Married,MA,Client Referral,2025-12-06,Premier,Moderate,Negotiated,80,Active,A001
H02618,Chaudhry Household,1954,Married,MA,Client Referral,2025-12-20,Core,Moderate,Negotiated,80,Active,A003
H02619,Lindqvist Household,1979,Single,IL,Client Referral,2025-12-12,Core,Moderate,Standard,,Active,A010
H02620,Novak Household,,Married,WY,Client Referral,2025-12-10,Core,Moderate,Standard,,Active,A016
H02621,Holloway Household,1966,Married,AZ,Digital/Web,2025-12-17,Core,Aggressive,Standard,,Active,A028
H02622,Rinaldi Household,1950,Married,MA,Client Referral,2025-12-15,Core,Moderate,Standard,,Active,A005
